2026-01-16 08:51:23,988 - INFO - Connecting to 127.0.0.1:7497 with clientId 50...
2026-01-16 08:51:23,989 - INFO - Disconnecting
2026-01-16 08:51:23,989 - ERROR - API connection failed: ConnectionRefusedError(111, "Connect call failed ('127.0.0.1', 7497)")
2026-01-16 08:51:23,989 - ERROR - Make sure API port on TWS/IBG is open
2026-01-16 08:51:23,989 - ERROR - Could not connect to IB: [Errno 111] Connect call failed ('127.0.0.1', 7497)
2026-01-16 08:51:23,989 - INFO - Using synthetic data for backtesting...
2026-01-16 08:51:23,993 - INFO - Generating synthetic data for 30 symbols...
2026-01-16 08:51:24,000 - INFO -   NKE: 400 days (synthetic)
2026-01-16 08:51:24,003 - INFO -   DRH: 400 days (synthetic)
2026-01-16 08:51:24,007 - INFO -   AMD: 400 days (synthetic)
2026-01-16 08:51:24,010 - INFO -   PYPL: 400 days (synthetic)
2026-01-16 08:51:24,014 - INFO -   CRWD: 400 days (synthetic)
2026-01-16 08:51:24,017 - INFO -   PLTR: 400 days (synthetic)
2026-01-16 08:51:24,020 - INFO -   MSTR: 400 days (synthetic)
2026-01-16 08:51:24,025 - INFO -   NVDA: 400 days (synthetic)
2026-01-16 08:51:24,029 - INFO -   QQQ: 400 days (synthetic)
2026-01-16 08:51:24,032 - INFO -   INOD: 400 days (synthetic)
2026-01-16 08:51:24,036 - INFO -   PFE: 400 days (synthetic)
2026-01-16 08:51:24,039 - INFO -   SPY: 400 days (synthetic)
2026-01-16 08:51:24,042 - INFO -   SHOP: 400 days (synthetic)
2026-01-16 08:51:24,045 - INFO -   AVGO: 400 days (synthetic)
2026-01-16 08:51:24,048 - INFO -   JNJ: 400 days (synthetic)
2026-01-16 08:51:24,051 - INFO -   PDYN: 400 days (synthetic)
2026-01-16 08:51:24,055 - INFO -   QBTS: 400 days (synthetic)
2026-01-16 08:51:24,058 - INFO -   NFLX: 400 days (synthetic)
2026-01-16 08:51:24,062 - INFO -   TKMS: 400 days (synthetic)
2026-01-16 08:51:24,065 - INFO -   TSLA: 400 days (synthetic)
2026-01-16 08:51:24,068 - INFO -   META: 400 days (synthetic)
2026-01-16 08:51:24,071 - INFO -   JPM: 400 days (synthetic)
2026-01-16 08:51:24,074 - INFO -   COIN: 400 days (synthetic)
2026-01-16 08:51:24,077 - INFO -   TGT: 400 days (synthetic)
2026-01-16 08:51:24,080 - INFO -   QUBT: 400 days (synthetic)
2026-01-16 08:51:24,083 - INFO -   MRK: 400 days (synthetic)
2026-01-16 08:51:24,086 - INFO -   UNH: 400 days (synthetic)
2026-01-16 08:51:24,090 - INFO -   MU: 400 days (synthetic)
2026-01-16 08:51:24,093 - INFO -   UBER: 400 days (synthetic)
2026-01-16 08:51:24,098 - INFO -   MRNA: 400 days (synthetic)
2026-01-16 08:51:24,107 - INFO - Running backtest: 252 days, strategy=none
2026-01-16 08:51:24,111 - INFO - Strategy assignments: {'NKE': 'SUPERTREND', 'DRH': 'BUY_HOLD', 'AMD': 'BUY_HOLD', 'PYPL': 'SUPERTREND', 'CRWD': 'BUY_HOLD'}...
2026-01-16 08:51:34,226 - INFO - Connecting to 127.0.0.1:7497 with clientId 50...
2026-01-16 08:51:34,227 - INFO - Disconnecting
2026-01-16 08:51:34,227 - ERROR - API connection failed: ConnectionRefusedError(111, "Connect call failed ('127.0.0.1', 7497)")
2026-01-16 08:51:34,228 - ERROR - Make sure API port on TWS/IBG is open
2026-01-16 08:51:34,228 - ERROR - Could not connect to IB: [Errno 111] Connect call failed ('127.0.0.1', 7497)
2026-01-16 08:51:34,228 - INFO - Using synthetic data for backtesting...
2026-01-16 08:51:34,231 - INFO - Generating synthetic data for 30 symbols...
2026-01-16 08:51:34,238 - INFO -   NKE: 400 days (synthetic)
2026-01-16 08:51:34,242 - INFO -   NVDA: 400 days (synthetic)
2026-01-16 08:51:34,247 - INFO -   PFE: 400 days (synthetic)
2026-01-16 08:51:34,250 - INFO -   TKMS: 400 days (synthetic)
2026-01-16 08:51:34,254 - INFO -   DRH: 400 days (synthetic)
2026-01-16 08:51:34,257 - INFO -   MSTR: 400 days (synthetic)
2026-01-16 08:51:34,260 - INFO -   QUBT: 400 days (synthetic)
2026-01-16 08:51:34,264 - INFO -   PDYN: 400 days (synthetic)
2026-01-16 08:51:34,267 - INFO -   JPM: 400 days (synthetic)
2026-01-16 08:51:34,271 - INFO -   PLTR: 400 days (synthetic)
2026-01-16 08:51:34,274 - INFO -   COIN: 400 days (synthetic)
2026-01-16 08:51:34,277 - INFO -   SPY: 400 days (synthetic)
2026-01-16 08:51:34,280 - INFO -   JNJ: 400 days (synthetic)
2026-01-16 08:51:34,284 - INFO -   MU: 400 days (synthetic)
2026-01-16 08:51:34,287 - INFO -   TGT: 400 days (synthetic)
2026-01-16 08:51:34,290 - INFO -   TSLA: 400 days (synthetic)
2026-01-16 08:51:34,293 - INFO -   META: 400 days (synthetic)
2026-01-16 08:51:34,296 - INFO -   MRNA: 400 days (synthetic)
2026-01-16 08:51:34,299 - INFO -   UNH: 400 days (synthetic)
2026-01-16 08:51:34,303 - INFO -   QQQ: 400 days (synthetic)
2026-01-16 08:51:34,306 - INFO -   NFLX: 400 days (synthetic)
2026-01-16 08:51:34,310 - INFO -   CRWD: 400 days (synthetic)
2026-01-16 08:51:34,314 - INFO -   AVGO: 400 days (synthetic)
2026-01-16 08:51:34,317 - INFO -   SHOP: 400 days (synthetic)
2026-01-16 08:51:34,320 - INFO -   MRK: 400 days (synthetic)
2026-01-16 08:51:34,324 - INFO -   PYPL: 400 days (synthetic)
2026-01-16 08:51:34,327 - INFO -   UBER: 400 days (synthetic)
2026-01-16 08:51:34,332 - INFO -   QBTS: 400 days (synthetic)
2026-01-16 08:51:34,336 - INFO -   AMD: 400 days (synthetic)
2026-01-16 08:51:34,340 - INFO -   INOD: 400 days (synthetic)
2026-01-16 08:51:34,350 - INFO - Running backtest: 252 days, strategy=none
2026-01-16 08:51:34,353 - INFO - Strategy assignments: {'NKE': 'SUPERTREND', 'NVDA': 'BUY_HOLD', 'PFE': 'SUPERTREND', 'TKMS': 'SUPERTREND', 'DRH': 'BUY_HOLD'}...
2026-01-16 08:51:34,478 - INFO - Running backtest: 252 days, strategy=daily_pnl
2026-01-16 08:51:34,482 - INFO - Strategy assignments: {'NKE': 'SUPERTREND', 'NVDA': 'BUY_HOLD', 'PFE': 'SUPERTREND', 'TKMS': 'SUPERTREND', 'DRH': 'BUY_HOLD'}...
2026-01-16 08:51:39,935 - INFO - Running backtest: 252 days, strategy=total_pnl
2026-01-16 08:51:39,939 - INFO - Strategy assignments: {'NKE': 'SUPERTREND', 'NVDA': 'BUY_HOLD', 'PFE': 'SUPERTREND', 'TKMS': 'SUPERTREND', 'DRH': 'BUY_HOLD'}...
2026-01-16 08:55:11,944 - INFO - Connecting to 127.0.0.1:7497 with clientId 51...
2026-01-16 08:55:11,945 - INFO - Disconnecting
2026-01-16 08:55:11,945 - ERROR - API connection failed: ConnectionRefusedError(111, "Connect call failed ('127.0.0.1', 7497)")
2026-01-16 08:55:11,946 - ERROR - Make sure API port on TWS/IBG is open
2026-01-16 08:55:11,946 - ERROR - Could not connect to IB: [Errno 111] Connect call failed ('127.0.0.1', 7497)
2026-01-16 08:55:11,946 - INFO - Using synthetic data for backtesting...
2026-01-16 08:55:11,950 - INFO - Generating synthetic data for 30 symbols...
2026-01-16 08:55:11,956 - INFO -   MSTR: 400 days (synthetic)
2026-01-16 08:55:11,959 - INFO -   JPM: 400 days (synthetic)
2026-01-16 08:55:11,962 - INFO -   QQQ: 400 days (synthetic)
2026-01-16 08:55:11,966 - INFO -   TSLA: 400 days (synthetic)
2026-01-16 08:55:11,969 - INFO -   PDYN: 400 days (synthetic)
2026-01-16 08:55:11,973 - INFO -   QUBT: 400 days (synthetic)
2026-01-16 08:55:11,976 - INFO -   AVGO: 400 days (synthetic)
2026-01-16 08:55:11,979 - INFO -   AMD: 400 days (synthetic)
2026-01-16 08:55:11,982 - INFO -   MRK: 400 days (synthetic)
2026-01-16 08:55:11,986 - INFO -   SHOP: 400 days (synthetic)
2026-01-16 08:55:11,989 - INFO -   COIN: 400 days (synthetic)
2026-01-16 08:55:11,992 - INFO -   CRWD: 400 days (synthetic)
2026-01-16 08:55:11,995 - INFO -   DRH: 400 days (synthetic)
2026-01-16 08:55:11,999 - INFO -   PYPL: 400 days (synthetic)
2026-01-16 08:55:12,002 - INFO -   MRNA: 400 days (synthetic)
2026-01-16 08:55:12,006 - INFO -   JNJ: 400 days (synthetic)
2026-01-16 08:55:12,010 - INFO -   SPY: 400 days (synthetic)
2026-01-16 08:55:12,015 - INFO -   NFLX: 400 days (synthetic)
2026-01-16 08:55:12,018 - INFO -   NVDA: 400 days (synthetic)
2026-01-16 08:55:12,022 - INFO -   META: 400 days (synthetic)
2026-01-16 08:55:12,025 - INFO -   TKMS: 400 days (synthetic)
2026-01-16 08:55:12,028 - INFO -   UNH: 400 days (synthetic)
2026-01-16 08:55:12,031 - INFO -   NKE: 400 days (synthetic)
2026-01-16 08:55:12,035 - INFO -   PFE: 400 days (synthetic)
2026-01-16 08:55:12,038 - INFO -   MU: 400 days (synthetic)
2026-01-16 08:55:12,042 - INFO -   QBTS: 400 days (synthetic)
2026-01-16 08:55:12,045 - INFO -   INOD: 400 days (synthetic)
2026-01-16 08:55:12,049 - INFO -   TGT: 400 days (synthetic)
2026-01-16 08:55:12,053 - INFO -   PLTR: 400 days (synthetic)
2026-01-16 08:55:12,056 - INFO -   UBER: 400 days (synthetic)
2026-01-16 08:55:12,070 - INFO - Running backtest: 252 days
2026-01-16 08:55:12,070 - INFO - Strategies: {'MSTR': 'BUY_HOLD', 'JPM': 'BUY_HOLD', 'QQQ': 'TREND_FOLLOW', 'TSLA': 'BUY_HOLD', 'PDYN': 'SUPERTREND', 'QUBT': 'BUY_HOLD', 'AVGO': 'BUY_HOLD', 'AMD': 'BUY_HOLD', 'MRK': 'SUPERTREND', 'SHOP': 'BUY_HOLD', 'COIN': 'BUY_HOLD', 'CRWD': 'BUY_HOLD', 'DRH': 'BUY_HOLD', 'PYPL': 'SUPERTREND', 'MRNA': 'SUPERTREND', 'JNJ': 'KAMA', 'SPY': 'TREND_FOLLOW', 'NFLX': 'SUPERTREND', 'NVDA': 'BUY_HOLD', 'META': 'BUY_HOLD', 'TKMS': 'SUPERTREND', 'UNH': 'JMA', 'NKE': 'SUPERTREND', 'PFE': 'SUPERTREND', 'MU': 'BUY_HOLD', 'QBTS': 'SUPERTREND', 'INOD': 'BUY_HOLD', 'TGT': 'KAMA', 'PLTR': 'BUY_HOLD', 'UBER': 'BUY_HOLD'}
2026-01-16 09:02:29,022 - INFO - Connecting to 127.0.0.1:7497 with clientId 51...
2026-01-16 09:02:29,023 - INFO - Disconnecting
2026-01-16 09:02:29,023 - ERROR - API connection failed: ConnectionRefusedError(111, "Connect call failed ('127.0.0.1', 7497)")
2026-01-16 09:02:29,023 - ERROR - Make sure API port on TWS/IBG is open
2026-01-16 09:02:29,023 - ERROR - Could not connect to IB: [Errno 111] Connect call failed ('127.0.0.1', 7497)
2026-01-16 09:02:29,023 - INFO - Using synthetic data for backtesting...
2026-01-16 09:02:29,027 - INFO - Generating synthetic data for 25 symbols...
2026-01-16 09:02:29,033 - INFO -   MU: 400 days (synthetic)
2026-01-16 09:02:29,037 - INFO -   SPY: 400 days (synthetic)
2026-01-16 09:02:29,040 - INFO -   MRNA: 400 days (synthetic)
2026-01-16 09:02:29,044 - INFO -   AVGO: 400 days (synthetic)
2026-01-16 09:02:29,047 - INFO -   NKE: 400 days (synthetic)
2026-01-16 09:02:29,050 - INFO -   JNJ: 400 days (synthetic)
2026-01-16 09:02:29,054 - INFO -   NVDA: 400 days (synthetic)
2026-01-16 09:02:29,057 - INFO -   TKMS: 400 days (synthetic)
2026-01-16 09:02:29,060 - INFO -   MRK: 400 days (synthetic)
2026-01-16 09:02:29,063 - INFO -   QUBT: 400 days (synthetic)
2026-01-16 09:02:29,066 - INFO -   SHOP: 400 days (synthetic)
2026-01-16 09:02:29,069 - INFO -   COIN: 400 days (synthetic)
2026-01-16 09:02:29,072 - INFO -   TGT: 400 days (synthetic)
2026-01-16 09:02:29,076 - INFO -   PYPL: 400 days (synthetic)
2026-01-16 09:02:29,078 - INFO -   UNH: 400 days (synthetic)
2026-01-16 09:02:29,082 - INFO -   QBTS: 400 days (synthetic)
2026-01-16 09:02:29,085 - INFO -   MSTR: 400 days (synthetic)
2026-01-16 09:02:29,088 - INFO -   PFE: 400 days (synthetic)
2026-01-16 09:02:29,091 - INFO -   JPM: 400 days (synthetic)
2026-01-16 09:02:29,093 - INFO -   PDYN: 400 days (synthetic)
2026-01-16 09:02:29,096 - INFO -   NFLX: 400 days (synthetic)
2026-01-16 09:02:29,099 - INFO -   META: 400 days (synthetic)
2026-01-16 09:02:29,102 - INFO -   CRWD: 400 days (synthetic)
2026-01-16 09:02:29,106 - INFO -   PLTR: 400 days (synthetic)
2026-01-16 09:02:29,109 - INFO -   QQQ: 400 days (synthetic)
2026-01-16 09:02:29,121 - INFO - Running backtest: 252 days
2026-01-16 09:02:29,121 - INFO - Strategies: {'MU': 'BUY_HOLD', 'SPY': 'TREND_FOLLOW', 'MRNA': 'SUPERTREND', 'AVGO': 'BUY_HOLD', 'NKE': 'SUPERTREND', 'JNJ': 'TREND_FOLLOW', 'NVDA': 'BUY_HOLD', 'TKMS': 'GERMAN', 'MRK': 'SUPERTREND', 'QUBT': 'BUY_HOLD', 'SHOP': 'BUY_HOLD', 'COIN': 'BUY_HOLD', 'TGT': 'SUPERTREND', 'PYPL': 'SUPERTREND', 'UNH': 'SUPERTREND', 'QBTS': 'SUPERTREND', 'MSTR': 'BUY_HOLD', 'PFE': 'SUPERTREND', 'JPM': 'TREND_FOLLOW', 'PDYN': 'SUPERTREND', 'NFLX': 'SUPERTREND', 'META': 'BUY_HOLD', 'CRWD': 'BUY_HOLD', 'PLTR': 'BUY_HOLD', 'QQQ': 'TREND_FOLLOW'}
2026-01-16 10:06:57,621 - INFO - Connecting to 127.0.0.1:7497 with clientId 51...
2026-01-16 10:06:57,628 - INFO - Connected
2026-01-16 10:06:57,640 - INFO - Logged on to server version 176
2026-01-16 10:06:57,644 - INFO - Warning 2104, reqId -1: Market data farm connection is OK:hfarm
2026-01-16 10:06:57,644 - INFO - Warning 2104, reqId -1: Market data farm connection is OK:eufarmnj
2026-01-16 10:06:57,645 - INFO - Warning 2104, reqId -1: Market data farm connection is OK:cashfarm
2026-01-16 10:06:57,645 - INFO - Warning 2104, reqId -1: Market data farm connection is OK:usfuture
2026-01-16 10:06:57,646 - INFO - Warning 2104, reqId -1: Market data farm connection is OK:jfarm
2026-01-16 10:06:57,646 - INFO - Warning 2104, reqId -1: Market data farm connection is OK:eufarm
2026-01-16 10:06:57,647 - INFO - Warning 2104, reqId -1: Market data farm connection is OK:usfarm
2026-01-16 10:06:57,647 - INFO - Warning 2106, reqId -1: HMDS data farm connection is OK:euhmds
2026-01-16 10:06:57,647 - INFO - API connection ready
2026-01-16 10:06:57,648 - INFO - Warning 2106, reqId -1: HMDS data farm connection is OK:fundfarm
2026-01-16 10:06:57,649 - INFO - Warning 2106, reqId -1: HMDS data farm connection is OK:ushmds
2026-01-16 10:06:57,649 - INFO - Warning 2158, reqId -1: Sec-def data farm connection is OK:secdefil
2026-01-16 10:06:57,651 - INFO - position: Position(account='DUH400053', contract=Stock(conId=9939, symbol='MU', exchange='NASDAQ', currency='USD', localSymbol='MU', tradingClass='NMS'), position=74.0, avgCost=342.7735135)
2026-01-16 10:06:57,652 - INFO - position: Position(account='DUH400053', contract=Stock(conId=313130367, symbol='AVGO', exchange='NASDAQ', currency='USD', localSymbol='AVGO', tradingClass='NMS'), position=75.0, avgCost=338.48333335)
2026-01-16 10:06:57,660 - INFO - position: Position(account='DUH400053', contract=Stock(conId=4815747, symbol='NVDA', exchange='NASDAQ', currency='USD', localSymbol='NVDA', tradingClass='NMS'), position=54.0, avgCost=181.32205925)
2026-01-16 10:06:57,661 - INFO - position: Position(account='DUH400053', contract=Stock(conId=107113386, symbol='META', exchange='NASDAQ', currency='USD', localSymbol='META', tradingClass='NMS'), position=38.0, avgCost=657.4963158)
2026-01-16 10:06:57,661 - INFO - position: Position(account='DUH400053', contract=Stock(conId=370757467, symbol='CRWD', exchange='NASDAQ', currency='USD', localSymbol='CRWD', tradingClass='NMS'), position=53.0, avgCost=473.4188679)
2026-01-16 10:06:57,662 - INFO - position: Position(account='DUH400053', contract=Stock(conId=1520593, symbol='JPM', exchange='NYSE', currency='USD', localSymbol='JPM', tradingClass='JPM'), position=77.0, avgCost=329.782987)
2026-01-16 10:06:57,662 - INFO - position: Position(account='DUH400053', contract=Stock(conId=324651164, symbol='QUBT', exchange='NASDAQ', currency='USD', localSymbol='QUBT', tradingClass='SCM'), position=535.0, avgCost=9.34502205)
2026-01-16 10:06:57,663 - INFO - position: Position(account='DUH400053', contract=Stock(conId=195014116, symbol='SHOP', exchange='NASDAQ', currency='USD', localSymbol='SHOP', tradingClass='NMS'), position=152.0, avgCost=166.99657895)
2026-01-16 10:06:57,664 - INFO - position: Position(account='DUH400053', contract=Stock(conId=756733, symbol='SPY', exchange='ARCA', currency='USD', localSymbol='SPY', tradingClass='SPY'), position=36.0, avgCost=692.2177778)
2026-01-16 10:06:57,664 - INFO - position: Position(account='DUH400053', contract=Stock(conId=560105364, symbol='DKNG', exchange='NASDAQ', currency='USD', localSymbol='DKNG', tradingClass='NMS'), position=726.0, avgCost=34.83279615)
2026-01-16 10:06:57,665 - INFO - position: Position(account='DUH400053', contract=Stock(conId=272110, symbol='MSTR', exchange='NASDAQ', currency='USD', localSymbol='MSTR', tradingClass='NMS'), position=154.0, avgCost=164.3264935)
2026-01-16 10:06:57,665 - INFO - position: Position(account='DUH400053', contract=Stock(conId=199169591, symbol='PYPL', exchange='NASDAQ', currency='USD', localSymbol='PYPL', tradingClass='NMS'), position=425.0, avgCost=59.885)
2026-01-16 10:06:57,666 - INFO - position: Position(account='DUH400053', contract=Stock(conId=640796125, symbol='PDYN', exchange='NASDAQ', currency='USD', localSymbol='PDYN', tradingClass='NMS'), position=-1400.0, avgCost=6.62266215)
2026-01-16 10:06:57,666 - INFO - position: Position(account='DUH400053', contract=Stock(conId=320227571, symbol='QQQ', exchange='NASDAQ', currency='USD', localSymbol='QQQ', tradingClass='NMS'), position=40.0, avgCost=623.215)
2026-01-16 10:06:57,667 - INFO - position: Position(account='DUH400053', contract=Stock(conId=4762, symbol='BA', exchange='NYSE', currency='USD', localSymbol='BA', tradingClass='BA'), position=632.0, avgCost=243.07768985)
2026-01-16 10:06:57,668 - INFO - position: Position(account='DUH400053', contract=Stock(conId=344809106, symbol='MRNA', exchange='NASDAQ', currency='USD', localSymbol='MRNA', tradingClass='NMS'), position=733.0, avgCost=34.75431785)
2026-01-16 10:06:57,669 - INFO - position: Position(account='DUH400053', contract=Stock(conId=11031, symbol='PFE', exchange='NYSE', currency='USD', localSymbol='PFE', tradingClass='PFE'), position=994.0, avgCost=25.655)
2026-01-16 10:06:57,670 - INFO - position: Position(account='DUH400053', contract=Stock(conId=4813508, symbol='INOD', exchange='NASDAQ', currency='USD', localSymbol='INOD', tradingClass='NMS'), position=393.0, avgCost=63.0334733)
2026-01-16 10:06:57,670 - INFO - position: Position(account='DUH400053', contract=Stock(conId=76792991, symbol='TSLA', exchange='NASDAQ', currency='USD', localSymbol='TSLA', tradingClass='NMS'), position=57.0, avgCost=440.38754385)
2026-01-16 10:06:57,671 - INFO - position: Position(account='DUH400053', contract=Stock(conId=29624264, symbol='CRM', exchange='NYSE', currency='USD', localSymbol='CRM', tradingClass='CRM'), position=98.0, avgCost=259.2602041)
2026-01-16 10:06:57,671 - INFO - position: Position(account='DUH400053', contract=Stock(conId=290651477, symbol='ROKU', exchange='NASDAQ', currency='USD', localSymbol='ROKU', tradingClass='NMS'), position=229.0, avgCost=110.755)
2026-01-16 10:06:57,672 - INFO - position: Position(account='DUH400053', contract=Stock(conId=15124833, symbol='NFLX', exchange='NASDAQ', currency='USD', localSymbol='NFLX', tradingClass='NMS'), position=278.0, avgCost=91.655)
2026-01-16 10:06:57,673 - INFO - position: Position(account='DUH400053', contract=Stock(conId=70101545, symbol='MRK', exchange='NYSE', currency='USD', localSymbol='MRK', tradingClass='MRK'), position=230.0, avgCost=110.125)
2026-01-16 10:06:57,673 - INFO - position: Position(account='DUH400053', contract=Stock(conId=6459, symbol='DIS', exchange='NYSE', currency='USD', localSymbol='DIS', tradingClass='DIS'), position=220.0, avgCost=114.9268182)
2026-01-16 10:06:57,674 - INFO - position: Position(account='DUH400053', contract=Stock(conId=12729, symbol='TER', exchange='NASDAQ', currency='USD', localSymbol='TER', tradingClass='NMS'), position=30.0, avgCost=162.53335665)
2026-01-16 10:06:57,674 - INFO - position: Position(account='DUH400053', contract=Stock(conId=10291, symbol='NKE', exchange='NYSE', currency='USD', localSymbol='NKE', tradingClass='NKE'), position=392.0, avgCost=64.94265305)
2026-01-16 10:06:57,675 - INFO - position: Position(account='DUH400053', contract=Stock(conId=481691285, symbol='COIN', exchange='NASDAQ', currency='USD', localSymbol='COIN', tradingClass='NMS'), position=36.0, avgCost=269.8705778)
2026-01-16 10:06:57,675 - INFO - position: Position(account='DUH400053', contract=Stock(conId=365207014, symbol='UBER', exchange='NYSE', currency='USD', localSymbol='UBER', tradingClass='UBER'), position=299.0, avgCost=84.51533445)
2026-01-16 10:06:57,676 - INFO - position: Position(account='DUH400053', contract=Stock(conId=4391, symbol='AMD', exchange='NASDAQ', currency='USD', localSymbol='AMD', tradingClass='NMS'), position=-40.0, avgCost=239.8498125)
2026-01-16 10:06:57,676 - INFO - position: Position(account='DUH400053', contract=Stock(conId=6437, symbol='TGT', exchange='NYSE', currency='USD', localSymbol='TGT', tradingClass='TGT'), position=244.0, avgCost=104.635)
2026-01-16 10:06:57,960 - INFO - updatePortfolio: PortfolioItem(contract=Stock(conId=4391, symbol='AMD', right='0', primaryExchange='NASDAQ', currency='USD', localSymbol='AMD', tradingClass='NMS'), position=-40.0, marketPrice=233.80000305, marketValue=-9352.0, averageCost=239.8498125, unrealizedPNL=241.99, realizedPNL=0.0, account='DUH400053')
2026-01-16 10:06:57,961 - INFO - updatePortfolio: PortfolioItem(contract=Stock(conId=313130367, symbol='AVGO', right='0', primaryExchange='NASDAQ', currency='USD', localSymbol='AVGO', tradingClass='NMS'), position=75.0, marketPrice=346.07998655, marketValue=25956.0, averageCost=338.48333335, unrealizedPNL=569.75, realizedPNL=0.0, account='DUH400053')
2026-01-16 10:06:57,964 - INFO - updatePortfolio: PortfolioItem(contract=Stock(conId=4762, symbol='BA', right='0', primaryExchange='NYSE', currency='USD', localSymbol='BA', tradingClass='BA'), position=632.0, marketPrice=248.1100006, marketValue=156805.52, averageCost=243.07768985, unrealizedPNL=3180.42, realizedPNL=0.0, account='DUH400053')
2026-01-16 10:06:57,965 - INFO - updatePortfolio: PortfolioItem(contract=Stock(conId=481691285, symbol='COIN', right='0', primaryExchange='NASDAQ', currency='USD', localSymbol='COIN', tradingClass='NMS'), position=36.0, marketPrice=241.9900055, marketValue=8711.64, averageCost=269.8705778, unrealizedPNL=-1003.7, realizedPNL=0.0, account='DUH400053')
2026-01-16 10:06:57,966 - INFO - updatePortfolio: PortfolioItem(contract=Stock(conId=29624264, symbol='CRM', right='0', primaryExchange='NYSE', currency='USD', localSymbol='CRM', tradingClass='CRM'), position=98.0, marketPrice=234.3999939, marketValue=22971.2, averageCost=259.2602041, unrealizedPNL=-2436.3, realizedPNL=0.0, account='DUH400053')
2026-01-16 10:06:57,966 - INFO - updatePortfolio: PortfolioItem(contract=Stock(conId=370757467, symbol='CRWD', right='0', primaryExchange='NASDAQ', currency='USD', localSymbol='CRWD', tradingClass='NMS'), position=53.0, marketPrice=457.35998535, marketValue=24240.08, averageCost=473.4188679, unrealizedPNL=-851.12, realizedPNL=0.0, account='DUH400053')
2026-01-16 10:06:57,967 - INFO - updatePortfolio: PortfolioItem(contract=Stock(conId=6459, symbol='DIS', right='0', primaryExchange='NYSE', currency='USD', localSymbol='DIS', tradingClass='DIS'), position=220.0, marketPrice=113.6100006, marketValue=24994.2, averageCost=114.9268182, unrealizedPNL=-289.7, realizedPNL=0.0, account='DUH400053')
2026-01-16 10:06:57,967 - INFO - updatePortfolio: PortfolioItem(contract=Stock(conId=560105364, symbol='DKNG', right='0', primaryExchange='NASDAQ', currency='USD', localSymbol='DKNG', tradingClass='NMS'), position=726.0, marketPrice=35.70000075, marketValue=25918.2, averageCost=34.83279615, unrealizedPNL=629.59, realizedPNL=0.0, account='DUH400053')
2026-01-16 10:06:57,968 - INFO - updatePortfolio: PortfolioItem(contract=Stock(conId=4813508, symbol='INOD', right='0', primaryExchange='NASDAQ', currency='USD', localSymbol='INOD', tradingClass='NMS'), position=393.0, marketPrice=60.0099983, marketValue=23583.93, averageCost=63.0334733, unrealizedPNL=-1188.23, realizedPNL=0.0, account='DUH400053')
2026-01-16 10:06:57,969 - INFO - updatePortfolio: PortfolioItem(contract=Stock(conId=1520593, symbol='JPM', right='0', primaryExchange='NYSE', currency='USD', localSymbol='JPM', tradingClass='JPM'), position=77.0, marketPrice=310.5, marketValue=23908.5, averageCost=329.782987, unrealizedPNL=-1484.79, realizedPNL=0.0, account='DUH400053')
2026-01-16 10:06:57,970 - INFO - updatePortfolio: PortfolioItem(contract=Stock(conId=107113386, symbol='META', right='0', primaryExchange='NASDAQ', currency='USD', localSymbol='META', tradingClass='NMS'), position=38.0, marketPrice=623.3499756, marketValue=23687.3, averageCost=657.4963158, unrealizedPNL=-1297.56, realizedPNL=0.0, account='DUH400053')
2026-01-16 10:06:57,970 - INFO - updatePortfolio: PortfolioItem(contract=Stock(conId=70101545, symbol='MRK', right='0', primaryExchange='NYSE', currency='USD', localSymbol='MRK', tradingClass='MRK'), position=230.0, marketPrice=110.9300003, marketValue=25513.9, averageCost=110.125, unrealizedPNL=185.15, realizedPNL=0.0, account='DUH400053')
2026-01-16 10:06:57,971 - INFO - updatePortfolio: PortfolioItem(contract=Stock(conId=344809106, symbol='MRNA', right='0', primaryExchange='NASDAQ', currency='USD', localSymbol='MRNA', tradingClass='NMS'), position=733.0, marketPrice=39.6399994, marketValue=29056.12, averageCost=34.75431785, unrealizedPNL=3581.2, realizedPNL=0.0, account='DUH400053')
2026-01-16 10:06:57,972 - INFO - updatePortfolio: PortfolioItem(contract=Stock(conId=272110, symbol='MSTR', right='0', primaryExchange='NASDAQ', currency='USD', localSymbol='MSTR', tradingClass='NMS'), position=154.0, marketPrice=173.25, marketValue=26680.5, averageCost=164.3264935, unrealizedPNL=1374.22, realizedPNL=0.0, account='DUH400053')
2026-01-16 10:06:57,972 - INFO - updatePortfolio: PortfolioItem(contract=Stock(conId=9939, symbol='MU', right='0', primaryExchange='NASDAQ', currency='USD', localSymbol='MU', tradingClass='NMS'), position=74.0, marketPrice=348.2000122, marketValue=25766.8, averageCost=342.7735135, unrealizedPNL=401.56, realizedPNL=0.0, account='DUH400053')
2026-01-16 10:06:57,973 - INFO - updatePortfolio: PortfolioItem(contract=Stock(conId=15124833, symbol='NFLX', right='0', primaryExchange='NASDAQ', currency='USD', localSymbol='NFLX', tradingClass='NMS'), position=278.0, marketPrice=88.51000215, marketValue=24605.78, averageCost=91.655, unrealizedPNL=-874.31, realizedPNL=0.0, account='DUH400053')
2026-01-16 10:06:57,974 - INFO - updatePortfolio: PortfolioItem(contract=Stock(conId=10291, symbol='NKE', right='0', primaryExchange='NYSE', currency='USD', localSymbol='NKE', tradingClass='NKE'), position=392.0, marketPrice=64.6399994, marketValue=25338.88, averageCost=64.94265305, unrealizedPNL=-118.64, realizedPNL=0.0, account='DUH400053')
2026-01-16 10:06:57,974 - INFO - updatePortfolio: PortfolioItem(contract=Stock(conId=4815747, symbol='NVDA', right='0', primaryExchange='NASDAQ', currency='USD', localSymbol='NVDA', tradingClass='NMS'), position=54.0, marketPrice=188.83000185, marketValue=10196.82, averageCost=181.32205925, unrealizedPNL=405.43, realizedPNL=0.0, account='DUH400053')
2026-01-16 10:06:57,975 - INFO - updatePortfolio: PortfolioItem(contract=Stock(conId=640796125, symbol='PDYN', right='0', primaryExchange='NASDAQ', currency='USD', localSymbol='PDYN', tradingClass='NMS'), position=-1400.0, marketPrice=7.0300002, marketValue=-9842.0, averageCost=6.62266215, unrealizedPNL=-570.27, realizedPNL=0.0, account='DUH400053')
2026-01-16 10:06:57,975 - INFO - updatePortfolio: PortfolioItem(contract=Stock(conId=11031, symbol='PFE', right='0', primaryExchange='NYSE', currency='USD', localSymbol='PFE', tradingClass='PFE'), position=994.0, marketPrice=25.84000015, marketValue=25684.96, averageCost=25.655, unrealizedPNL=183.89, realizedPNL=0.0, account='DUH400053')
2026-01-16 10:06:57,976 - INFO - updatePortfolio: PortfolioItem(contract=Stock(conId=199169591, symbol='PYPL', right='0', primaryExchange='NASDAQ', currency='USD', localSymbol='PYPL', tradingClass='NMS'), position=425.0, marketPrice=56.91999815, marketValue=24191.0, averageCost=59.885, unrealizedPNL=-1260.13, realizedPNL=0.0, account='DUH400053')
2026-01-16 10:06:57,977 - INFO - updatePortfolio: PortfolioItem(contract=Stock(conId=320227571, symbol='QQQ', right='0', primaryExchange='NASDAQ', currency='USD', localSymbol='QQQ', tradingClass='NMS'), position=40.0, marketPrice=624.77001955, marketValue=24990.8, averageCost=623.215, unrealizedPNL=62.2, realizedPNL=0.0, account='DUH400053')
2026-01-16 10:06:57,977 - INFO - updatePortfolio: PortfolioItem(contract=Stock(conId=324651164, symbol='QUBT', right='0', primaryExchange='NASDAQ', currency='USD', localSymbol='QUBT', tradingClass='SCM'), position=535.0, marketPrice=12.4399996, marketValue=6655.4, averageCost=9.34502205, unrealizedPNL=1655.81, realizedPNL=0.0, account='DUH400053')
2026-01-16 10:06:57,978 - INFO - updatePortfolio: PortfolioItem(contract=Stock(conId=290651477, symbol='ROKU', right='0', primaryExchange='NASDAQ', currency='USD', localSymbol='ROKU', tradingClass='NMS'), position=229.0, marketPrice=104.98000335, marketValue=24040.42, averageCost=110.755, unrealizedPNL=-1322.47, realizedPNL=0.0, account='DUH400053')
2026-01-16 10:06:57,978 - INFO - updatePortfolio: PortfolioItem(contract=Stock(conId=195014116, symbol='SHOP', right='0', primaryExchange='NASDAQ', currency='USD', localSymbol='SHOP', tradingClass='NMS'), position=152.0, marketPrice=158.25, marketValue=24054.0, averageCost=166.99657895, unrealizedPNL=-1329.48, realizedPNL=0.0, account='DUH400053')
2026-01-16 10:06:57,979 - INFO - updatePortfolio: PortfolioItem(contract=Stock(conId=756733, symbol='SPY', right='0', primaryExchange='ARCA', currency='USD', localSymbol='SPY', tradingClass='SPY'), position=36.0, marketPrice=694.3480835, marketValue=24996.53, averageCost=692.2177778, unrealizedPNL=76.69, realizedPNL=0.0, account='DUH400053')
2026-01-16 10:06:57,979 - INFO - updatePortfolio: PortfolioItem(contract=Stock(conId=12729, symbol='TER', right='0', primaryExchange='NASDAQ', currency='USD', localSymbol='TER', tradingClass='NMS'), position=30.0, marketPrice=230.0700073, marketValue=6902.1, averageCost=162.53335665, unrealizedPNL=2026.1, realizedPNL=0.0, account='DUH400053')
2026-01-16 10:06:57,980 - INFO - updatePortfolio: PortfolioItem(contract=Stock(conId=6437, symbol='TGT', right='0', primaryExchange='NYSE', currency='USD', localSymbol='TGT', tradingClass='TGT'), position=244.0, marketPrice=111.40000155, marketValue=27181.6, averageCost=104.635, unrealizedPNL=1650.66, realizedPNL=0.0, account='DUH400053')
2026-01-16 10:06:57,981 - INFO - updatePortfolio: PortfolioItem(contract=Stock(conId=76792991, symbol='TSLA', right='0', primaryExchange='NASDAQ', currency='USD', localSymbol='TSLA', tradingClass='NMS'), position=57.0, marketPrice=441.17001345, marketValue=25146.69, averageCost=440.38754385, unrealizedPNL=44.6, realizedPNL=0.0, account='DUH400053')
2026-01-16 10:06:57,981 - INFO - updatePortfolio: PortfolioItem(contract=Stock(conId=365207014, symbol='UBER', right='0', primaryExchange='NYSE', currency='USD', localSymbol='UBER', tradingClass='UBER'), position=299.0, marketPrice=84.44999695, marketValue=25250.55, averageCost=84.51533445, unrealizedPNL=-19.54, realizedPNL=0.0, account='DUH400053')
2026-01-16 10:06:58,150 - INFO - Synchronization complete
2026-01-16 10:06:58,150 - INFO - Connected to IB. Fetching data for 25 symbols...
2026-01-16 10:06:58,312 - ERROR - Error 321, reqId 4: Error validating request.-'bL' : cause - Historical data requests for durations longer than 365 days must be made in years., contract: Stock(conId=324651164, symbol='QUBT', exchange='SMART', primaryExchange='NASDAQ', currency='USD', localSymbol='QUBT', tradingClass='SCM')
2026-01-16 10:06:58,954 - ERROR - Error 321, reqId 6: Error validating request.-'bL' : cause - Historical data requests for durations longer than 365 days must be made in years., contract: Stock(conId=13272, symbol='UNH', exchange='SMART', primaryExchange='NYSE', currency='USD', localSymbol='UNH', tradingClass='UNH')
2026-01-16 10:06:59,591 - ERROR - Error 321, reqId 8: Error validating request.-'bL' : cause - Historical data requests for durations longer than 365 days must be made in years., contract: Stock(conId=9939, symbol='MU', exchange='SMART', primaryExchange='NASDAQ', currency='USD', localSymbol='MU', tradingClass='NMS')
2026-01-16 10:07:00,232 - ERROR - Error 321, reqId 10: Error validating request.-'bL' : cause - Historical data requests for durations longer than 365 days must be made in years., contract: Stock(conId=107113386, symbol='META', exchange='SMART', primaryExchange='NASDAQ', currency='USD', localSymbol='META', tradingClass='NMS')
2026-01-16 10:07:00,879 - ERROR - Error 321, reqId 12: Error validating request.-'bL' : cause - Historical data requests for durations longer than 365 days must be made in years., contract: Stock(conId=756733, symbol='SPY', exchange='SMART', primaryExchange='ARCA', currency='USD', localSymbol='SPY', tradingClass='SPY')
2026-01-16 10:07:01,511 - ERROR - Error 321, reqId 14: Error validating request.-'bL' : cause - Historical data requests for durations longer than 365 days must be made in years., contract: Stock(conId=15124833, symbol='NFLX', exchange='SMART', primaryExchange='NASDAQ', currency='USD', localSymbol='NFLX', tradingClass='NMS')
2026-01-16 10:07:02,157 - ERROR - Error 321, reqId 16: Error validating request.-'bL' : cause - Historical data requests for durations longer than 365 days must be made in years., contract: Stock(conId=444857009, symbol='PLTR', exchange='SMART', primaryExchange='NASDAQ', currency='USD', localSymbol='PLTR', tradingClass='NMS')
2026-01-16 10:07:02,815 - ERROR - Error 321, reqId 18: Error validating request.-'bL' : cause - Historical data requests for durations longer than 365 days must be made in years., contract: Stock(conId=4815747, symbol='NVDA', exchange='SMART', primaryExchange='NASDAQ', currency='USD', localSymbol='NVDA', tradingClass='NMS')
2026-01-16 10:07:03,458 - ERROR - Error 321, reqId 20: Error validating request.-'bL' : cause - Historical data requests for durations longer than 365 days must be made in years., contract: Stock(conId=8719, symbol='JNJ', exchange='SMART', primaryExchange='NYSE', currency='USD', localSymbol='JNJ', tradingClass='JNJ')
2026-01-16 10:07:04,102 - ERROR - Error 321, reqId 22: Error validating request.-'bL' : cause - Historical data requests for durations longer than 365 days must be made in years., contract: Stock(conId=199169591, symbol='PYPL', exchange='SMART', primaryExchange='NASDAQ', currency='USD', localSymbol='PYPL', tradingClass='NMS')
2026-01-16 10:07:04,742 - ERROR - Error 321, reqId 24: Error validating request.-'bL' : cause - Historical data requests for durations longer than 365 days must be made in years., contract: Stock(conId=344809106, symbol='MRNA', exchange='SMART', primaryExchange='NASDAQ', currency='USD', localSymbol='MRNA', tradingClass='NMS')
2026-01-16 10:07:05,399 - ERROR - Error 321, reqId 26: Error validating request.-'bL' : cause - Historical data requests for durations longer than 365 days must be made in years., contract: Stock(conId=10291, symbol='NKE', exchange='SMART', primaryExchange='NYSE', currency='USD', localSymbol='NKE', tradingClass='NKE')
2026-01-16 10:07:06,043 - ERROR - Error 321, reqId 28: Error validating request.-'bL' : cause - Historical data requests for durations longer than 365 days must be made in years., contract: Stock(conId=1520593, symbol='JPM', exchange='SMART', primaryExchange='NYSE', currency='USD', localSymbol='JPM', tradingClass='JPM')
2026-01-16 10:07:06,688 - ERROR - Error 321, reqId 30: Error validating request.-'bL' : cause - Historical data requests for durations longer than 365 days must be made in years., contract: Stock(conId=578031277, symbol='QBTS', exchange='SMART', primaryExchange='NYSE', currency='USD', localSymbol='QBTS', tradingClass='QBTS')
2026-01-16 10:07:07,327 - ERROR - Error 321, reqId 32: Error validating request.-'bL' : cause - Historical data requests for durations longer than 365 days must be made in years., contract: Stock(conId=481691285, symbol='COIN', exchange='SMART', primaryExchange='NASDAQ', currency='USD', localSymbol='COIN', tradingClass='NMS')
2026-01-16 10:07:07,961 - ERROR - Error 321, reqId 34: Error validating request.-'bL' : cause - Historical data requests for durations longer than 365 days must be made in years., contract: Stock(conId=70101545, symbol='MRK', exchange='SMART', primaryExchange='NYSE', currency='USD', localSymbol='MRK', tradingClass='MRK')
2026-01-16 10:07:08,611 - ERROR - Error 321, reqId 36: Error validating request.-'bL' : cause - Historical data requests for durations longer than 365 days must be made in years., contract: Stock(conId=6437, symbol='TGT', exchange='SMART', primaryExchange='NYSE', currency='USD', localSymbol='TGT', tradingClass='TGT')
2026-01-16 10:07:09,242 - ERROR - Error 321, reqId 38: Error validating request.-'bL' : cause - Historical data requests for durations longer than 365 days must be made in years., contract: Stock(conId=272110, symbol='MSTR', exchange='SMART', primaryExchange='NASDAQ', currency='USD', localSymbol='MSTR', tradingClass='NMS')
2026-01-16 10:07:09,880 - ERROR - Error 321, reqId 40: Error validating request.-'bL' : cause - Historical data requests for durations longer than 365 days must be made in years., contract: Stock(conId=320227571, symbol='QQQ', exchange='SMART', primaryExchange='NASDAQ', currency='USD', localSymbol='QQQ', tradingClass='NMS')
2026-01-16 10:07:10,522 - ERROR - Error 321, reqId 42: Error validating request.-'bL' : cause - Historical data requests for durations longer than 365 days must be made in years., contract: Stock(conId=640796125, symbol='PDYN', exchange='SMART', primaryExchange='NASDAQ', currency='USD', localSymbol='PDYN', tradingClass='NMS')
2026-01-16 10:07:11,155 - ERROR - Error 200, reqId 43: No security definition has been found for the request, contract: Stock(symbol='TKMS', exchange='SMART', currency='USD')
2026-01-16 10:07:11,155 - WARNING - Unknown contract: Stock(symbol='TKMS', exchange='SMART', currency='USD')
2026-01-16 10:07:11,160 - ERROR - Error 321, reqId 44: Error validating request.-'bL' : cause - Historical data requests for durations longer than 365 days must be made in years., contract: Stock(symbol='TKMS', exchange='SMART', currency='USD')
2026-01-16 10:07:11,794 - ERROR - Error 321, reqId 46: Error validating request.-'bL' : cause - Historical data requests for durations longer than 365 days must be made in years., contract: Stock(conId=370757467, symbol='CRWD', exchange='SMART', primaryExchange='NASDAQ', currency='USD', localSymbol='CRWD', tradingClass='NMS')
2026-01-16 10:07:12,435 - ERROR - Error 321, reqId 48: Error validating request.-'bL' : cause - Historical data requests for durations longer than 365 days must be made in years., contract: Stock(conId=195014116, symbol='SHOP', exchange='SMART', primaryExchange='NASDAQ', currency='USD', localSymbol='SHOP', tradingClass='NMS')
2026-01-16 10:07:13,077 - ERROR - Error 321, reqId 50: Error validating request.-'bL' : cause - Historical data requests for durations longer than 365 days must be made in years., contract: Stock(conId=313130367, symbol='AVGO', exchange='SMART', primaryExchange='NASDAQ', currency='USD', localSymbol='AVGO', tradingClass='NMS')
2026-01-16 10:07:13,730 - ERROR - Error 321, reqId 52: Error validating request.-'bL' : cause - Historical data requests for durations longer than 365 days must be made in years., contract: Stock(conId=11031, symbol='PFE', exchange='SMART', primaryExchange='NYSE', currency='USD', localSymbol='PFE', tradingClass='PFE')
2026-01-16 10:07:14,245 - INFO - Disconnecting from 127.0.0.1:7497, 3.45 kB sent in 58 messages, 53.4 kB received in 494 messages, session time 16.6 s.
2026-01-16 10:07:14,246 - INFO - Disconnecting
2026-01-16 10:07:14,264 - INFO - Generating synthetic data for 25 symbols...
2026-01-16 10:07:14,278 - INFO -   QUBT: 400 days (synthetic)
2026-01-16 10:07:14,285 - INFO -   UNH: 400 days (synthetic)
2026-01-16 10:07:14,291 - INFO -   MU: 400 days (synthetic)
2026-01-16 10:07:14,300 - INFO -   META: 400 days (synthetic)
2026-01-16 10:07:14,307 - INFO -   SPY: 400 days (synthetic)
2026-01-16 10:07:14,315 - INFO -   NFLX: 400 days (synthetic)
2026-01-16 10:07:14,322 - INFO -   PLTR: 400 days (synthetic)
2026-01-16 10:07:14,328 - INFO -   NVDA: 400 days (synthetic)
2026-01-16 10:07:14,334 - INFO -   JNJ: 400 days (synthetic)
2026-01-16 10:07:14,341 - INFO -   PYPL: 400 days (synthetic)
2026-01-16 10:07:14,347 - INFO -   MRNA: 400 days (synthetic)
2026-01-16 10:07:14,354 - INFO -   NKE: 400 days (synthetic)
2026-01-16 10:07:14,362 - INFO -   JPM: 400 days (synthetic)
2026-01-16 10:07:14,369 - INFO -   QBTS: 400 days (synthetic)
2026-01-16 10:07:14,377 - INFO -   COIN: 400 days (synthetic)
2026-01-16 10:07:14,383 - INFO -   MRK: 400 days (synthetic)
2026-01-16 10:07:14,391 - INFO -   TGT: 400 days (synthetic)
2026-01-16 10:07:14,397 - INFO -   MSTR: 400 days (synthetic)
2026-01-16 10:07:14,404 - INFO -   QQQ: 400 days (synthetic)
2026-01-16 10:07:14,409 - INFO -   PDYN: 400 days (synthetic)
2026-01-16 10:07:14,417 - INFO -   TKMS: 400 days (synthetic)
2026-01-16 10:07:14,423 - INFO -   CRWD: 400 days (synthetic)
2026-01-16 10:07:14,431 - INFO -   SHOP: 400 days (synthetic)
2026-01-16 10:07:14,439 - INFO -   AVGO: 400 days (synthetic)
2026-01-16 10:07:14,446 - INFO -   PFE: 400 days (synthetic)
2026-01-16 10:07:14,484 - INFO - Running backtest: 252 days
2026-01-16 10:07:14,485 - INFO - Strategies: {'QUBT': 'BUY_HOLD', 'UNH': 'SUPERTREND', 'MU': 'BUY_HOLD', 'META': 'BUY_HOLD', 'SPY': 'TREND_FOLLOW', 'NFLX': 'SUPERTREND', 'PLTR': 'BUY_HOLD', 'NVDA': 'BUY_HOLD', 'JNJ': 'TREND_FOLLOW', 'PYPL': 'SUPERTREND', 'MRNA': 'SUPERTREND', 'NKE': 'SUPERTREND', 'JPM': 'TREND_FOLLOW', 'QBTS': 'SUPERTREND', 'COIN': 'BUY_HOLD', 'MRK': 'SUPERTREND', 'TGT': 'SUPERTREND', 'MSTR': 'BUY_HOLD', 'QQQ': 'TREND_FOLLOW', 'PDYN': 'SUPERTREND', 'TKMS': 'GERMAN', 'CRWD': 'BUY_HOLD', 'SHOP': 'BUY_HOLD', 'AVGO': 'BUY_HOLD', 'PFE': 'SUPERTREND'}
2026-01-16 10:09:07,266 - INFO - Connecting to 127.0.0.1:7497 with clientId 51...
2026-01-16 10:09:07,267 - INFO - Connected
2026-01-16 10:09:07,270 - INFO - Logged on to server version 176
2026-01-16 10:09:07,272 - INFO - Warning 2104, reqId -1: Market data farm connection is OK:hfarm
2026-01-16 10:09:07,272 - INFO - Warning 2104, reqId -1: Market data farm connection is OK:eufarmnj
2026-01-16 10:09:07,273 - INFO - Warning 2104, reqId -1: Market data farm connection is OK:cashfarm
2026-01-16 10:09:07,273 - INFO - Warning 2104, reqId -1: Market data farm connection is OK:usfuture
2026-01-16 10:09:07,274 - INFO - Warning 2104, reqId -1: Market data farm connection is OK:jfarm
2026-01-16 10:09:07,275 - INFO - Warning 2104, reqId -1: Market data farm connection is OK:eufarm
2026-01-16 10:09:07,284 - INFO - Warning 2104, reqId -1: Market data farm connection is OK:usfarm
2026-01-16 10:09:07,285 - INFO - Warning 2106, reqId -1: HMDS data farm connection is OK:euhmds
2026-01-16 10:09:07,286 - INFO - Warning 2106, reqId -1: HMDS data farm connection is OK:fundfarm
2026-01-16 10:09:07,286 - INFO - Warning 2106, reqId -1: HMDS data farm connection is OK:ushmds
2026-01-16 10:09:07,287 - INFO - API connection ready
2026-01-16 10:09:07,288 - INFO - Warning 2158, reqId -1: Sec-def data farm connection is OK:secdefil
2026-01-16 10:09:07,289 - INFO - position: Position(account='DUH400053', contract=Stock(conId=9939, symbol='MU', exchange='NASDAQ', currency='USD', localSymbol='MU', tradingClass='NMS'), position=74.0, avgCost=342.7735135)
2026-01-16 10:09:07,290 - INFO - position: Position(account='DUH400053', contract=Stock(conId=313130367, symbol='AVGO', exchange='NASDAQ', currency='USD', localSymbol='AVGO', tradingClass='NMS'), position=75.0, avgCost=338.48333335)
2026-01-16 10:09:07,291 - INFO - position: Position(account='DUH400053', contract=Stock(conId=4815747, symbol='NVDA', exchange='NASDAQ', currency='USD', localSymbol='NVDA', tradingClass='NMS'), position=54.0, avgCost=181.32205925)
2026-01-16 10:09:07,291 - INFO - position: Position(account='DUH400053', contract=Stock(conId=107113386, symbol='META', exchange='NASDAQ', currency='USD', localSymbol='META', tradingClass='NMS'), position=38.0, avgCost=657.4963158)
2026-01-16 10:09:07,292 - INFO - position: Position(account='DUH400053', contract=Stock(conId=370757467, symbol='CRWD', exchange='NASDAQ', currency='USD', localSymbol='CRWD', tradingClass='NMS'), position=53.0, avgCost=473.4188679)
2026-01-16 10:09:07,293 - INFO - position: Position(account='DUH400053', contract=Stock(conId=1520593, symbol='JPM', exchange='NYSE', currency='USD', localSymbol='JPM', tradingClass='JPM'), position=77.0, avgCost=329.782987)
2026-01-16 10:09:07,293 - INFO - position: Position(account='DUH400053', contract=Stock(conId=324651164, symbol='QUBT', exchange='NASDAQ', currency='USD', localSymbol='QUBT', tradingClass='SCM'), position=535.0, avgCost=9.34502205)
2026-01-16 10:09:07,294 - INFO - position: Position(account='DUH400053', contract=Stock(conId=195014116, symbol='SHOP', exchange='NASDAQ', currency='USD', localSymbol='SHOP', tradingClass='NMS'), position=152.0, avgCost=166.99657895)
2026-01-16 10:09:07,294 - INFO - position: Position(account='DUH400053', contract=Stock(conId=756733, symbol='SPY', exchange='ARCA', currency='USD', localSymbol='SPY', tradingClass='SPY'), position=36.0, avgCost=692.2177778)
2026-01-16 10:09:07,297 - INFO - position: Position(account='DUH400053', contract=Stock(conId=560105364, symbol='DKNG', exchange='NASDAQ', currency='USD', localSymbol='DKNG', tradingClass='NMS'), position=726.0, avgCost=34.83279615)
2026-01-16 10:09:07,297 - INFO - position: Position(account='DUH400053', contract=Stock(conId=272110, symbol='MSTR', exchange='NASDAQ', currency='USD', localSymbol='MSTR', tradingClass='NMS'), position=154.0, avgCost=164.3264935)
2026-01-16 10:09:07,298 - INFO - position: Position(account='DUH400053', contract=Stock(conId=199169591, symbol='PYPL', exchange='NASDAQ', currency='USD', localSymbol='PYPL', tradingClass='NMS'), position=425.0, avgCost=59.885)
2026-01-16 10:09:07,298 - INFO - position: Position(account='DUH400053', contract=Stock(conId=640796125, symbol='PDYN', exchange='NASDAQ', currency='USD', localSymbol='PDYN', tradingClass='NMS'), position=-1400.0, avgCost=6.62266215)
2026-01-16 10:09:07,299 - INFO - position: Position(account='DUH400053', contract=Stock(conId=320227571, symbol='QQQ', exchange='NASDAQ', currency='USD', localSymbol='QQQ', tradingClass='NMS'), position=40.0, avgCost=623.215)
2026-01-16 10:09:07,300 - INFO - position: Position(account='DUH400053', contract=Stock(conId=4762, symbol='BA', exchange='NYSE', currency='USD', localSymbol='BA', tradingClass='BA'), position=632.0, avgCost=243.07768985)
2026-01-16 10:09:07,300 - INFO - position: Position(account='DUH400053', contract=Stock(conId=344809106, symbol='MRNA', exchange='NASDAQ', currency='USD', localSymbol='MRNA', tradingClass='NMS'), position=733.0, avgCost=34.75431785)
2026-01-16 10:09:07,301 - INFO - position: Position(account='DUH400053', contract=Stock(conId=11031, symbol='PFE', exchange='NYSE', currency='USD', localSymbol='PFE', tradingClass='PFE'), position=994.0, avgCost=25.655)
2026-01-16 10:09:07,301 - INFO - position: Position(account='DUH400053', contract=Stock(conId=4813508, symbol='INOD', exchange='NASDAQ', currency='USD', localSymbol='INOD', tradingClass='NMS'), position=393.0, avgCost=63.0334733)
2026-01-16 10:09:07,302 - INFO - position: Position(account='DUH400053', contract=Stock(conId=76792991, symbol='TSLA', exchange='NASDAQ', currency='USD', localSymbol='TSLA', tradingClass='NMS'), position=57.0, avgCost=440.38754385)
2026-01-16 10:09:07,303 - INFO - position: Position(account='DUH400053', contract=Stock(conId=29624264, symbol='CRM', exchange='NYSE', currency='USD', localSymbol='CRM', tradingClass='CRM'), position=98.0, avgCost=259.2602041)
2026-01-16 10:09:07,304 - INFO - position: Position(account='DUH400053', contract=Stock(conId=290651477, symbol='ROKU', exchange='NASDAQ', currency='USD', localSymbol='ROKU', tradingClass='NMS'), position=229.0, avgCost=110.755)
2026-01-16 10:09:07,304 - INFO - position: Position(account='DUH400053', contract=Stock(conId=15124833, symbol='NFLX', exchange='NASDAQ', currency='USD', localSymbol='NFLX', tradingClass='NMS'), position=278.0, avgCost=91.655)
2026-01-16 10:09:07,316 - INFO - position: Position(account='DUH400053', contract=Stock(conId=70101545, symbol='MRK', exchange='NYSE', currency='USD', localSymbol='MRK', tradingClass='MRK'), position=230.0, avgCost=110.125)
2026-01-16 10:09:07,317 - INFO - position: Position(account='DUH400053', contract=Stock(conId=6459, symbol='DIS', exchange='NYSE', currency='USD', localSymbol='DIS', tradingClass='DIS'), position=220.0, avgCost=114.9268182)
2026-01-16 10:09:07,317 - INFO - position: Position(account='DUH400053', contract=Stock(conId=12729, symbol='TER', exchange='NASDAQ', currency='USD', localSymbol='TER', tradingClass='NMS'), position=30.0, avgCost=162.53335665)
2026-01-16 10:09:07,318 - INFO - position: Position(account='DUH400053', contract=Stock(conId=10291, symbol='NKE', exchange='NYSE', currency='USD', localSymbol='NKE', tradingClass='NKE'), position=392.0, avgCost=64.94265305)
2026-01-16 10:09:07,319 - INFO - position: Position(account='DUH400053', contract=Stock(conId=481691285, symbol='COIN', exchange='NASDAQ', currency='USD', localSymbol='COIN', tradingClass='NMS'), position=36.0, avgCost=269.8705778)
2026-01-16 10:09:07,319 - INFO - position: Position(account='DUH400053', contract=Stock(conId=365207014, symbol='UBER', exchange='NYSE', currency='USD', localSymbol='UBER', tradingClass='UBER'), position=299.0, avgCost=84.51533445)
2026-01-16 10:09:07,321 - INFO - position: Position(account='DUH400053', contract=Stock(conId=4391, symbol='AMD', exchange='NASDAQ', currency='USD', localSymbol='AMD', tradingClass='NMS'), position=-40.0, avgCost=239.8498125)
2026-01-16 10:09:07,321 - INFO - position: Position(account='DUH400053', contract=Stock(conId=6437, symbol='TGT', exchange='NYSE', currency='USD', localSymbol='TGT', tradingClass='TGT'), position=244.0, avgCost=104.635)
2026-01-16 10:09:07,590 - INFO - updatePortfolio: PortfolioItem(contract=Stock(conId=4391, symbol='AMD', right='0', primaryExchange='NASDAQ', currency='USD', localSymbol='AMD', tradingClass='NMS'), position=-40.0, marketPrice=234.1000061, marketValue=-9364.0, averageCost=239.8498125, unrealizedPNL=229.99, realizedPNL=0.0, account='DUH400053')
2026-01-16 10:09:07,591 - INFO - updatePortfolio: PortfolioItem(contract=Stock(conId=313130367, symbol='AVGO', right='0', primaryExchange='NASDAQ', currency='USD', localSymbol='AVGO', tradingClass='NMS'), position=75.0, marketPrice=346.16000365, marketValue=25962.0, averageCost=338.48333335, unrealizedPNL=575.75, realizedPNL=0.0, account='DUH400053')
2026-01-16 10:09:07,594 - INFO - updatePortfolio: PortfolioItem(contract=Stock(conId=4762, symbol='BA', right='0', primaryExchange='NYSE', currency='USD', localSymbol='BA', tradingClass='BA'), position=632.0, marketPrice=248.19000245, marketValue=156856.08, averageCost=243.07768985, unrealizedPNL=3230.98, realizedPNL=0.0, account='DUH400053')
2026-01-16 10:09:07,594 - INFO - updatePortfolio: PortfolioItem(contract=Stock(conId=481691285, symbol='COIN', right='0', primaryExchange='NASDAQ', currency='USD', localSymbol='COIN', tradingClass='NMS'), position=36.0, marketPrice=242.0, marketValue=8712.0, averageCost=269.8705778, unrealizedPNL=-1003.34, realizedPNL=0.0, account='DUH400053')
2026-01-16 10:09:07,595 - INFO - updatePortfolio: PortfolioItem(contract=Stock(conId=29624264, symbol='CRM', right='0', primaryExchange='NYSE', currency='USD', localSymbol='CRM', tradingClass='CRM'), position=98.0, marketPrice=234.3999939, marketValue=22971.2, averageCost=259.2602041, unrealizedPNL=-2436.3, realizedPNL=0.0, account='DUH400053')
2026-01-16 10:09:07,595 - INFO - updatePortfolio: PortfolioItem(contract=Stock(conId=370757467, symbol='CRWD', right='0', primaryExchange='NASDAQ', currency='USD', localSymbol='CRWD', tradingClass='NMS'), position=53.0, marketPrice=457.64001465, marketValue=24254.92, averageCost=473.4188679, unrealizedPNL=-836.28, realizedPNL=0.0, account='DUH400053')
2026-01-16 10:09:07,596 - INFO - updatePortfolio: PortfolioItem(contract=Stock(conId=6459, symbol='DIS', right='0', primaryExchange='NYSE', currency='USD', localSymbol='DIS', tradingClass='DIS'), position=220.0, marketPrice=113.6100006, marketValue=24994.2, averageCost=114.9268182, unrealizedPNL=-289.7, realizedPNL=0.0, account='DUH400053')
2026-01-16 10:09:07,597 - INFO - updatePortfolio: PortfolioItem(contract=Stock(conId=560105364, symbol='DKNG', right='0', primaryExchange='NASDAQ', currency='USD', localSymbol='DKNG', tradingClass='NMS'), position=726.0, marketPrice=35.66999815, marketValue=25896.42, averageCost=34.83279615, unrealizedPNL=607.81, realizedPNL=0.0, account='DUH400053')
2026-01-16 10:09:07,598 - INFO - updatePortfolio: PortfolioItem(contract=Stock(conId=4813508, symbol='INOD', right='0', primaryExchange='NASDAQ', currency='USD', localSymbol='INOD', tradingClass='NMS'), position=393.0, marketPrice=60.0099983, marketValue=23583.93, averageCost=63.0334733, unrealizedPNL=-1188.23, realizedPNL=0.0, account='DUH400053')
2026-01-16 10:09:07,598 - INFO - updatePortfolio: PortfolioItem(contract=Stock(conId=1520593, symbol='JPM', right='0', primaryExchange='NYSE', currency='USD', localSymbol='JPM', tradingClass='JPM'), position=77.0, marketPrice=310.5, marketValue=23908.5, averageCost=329.782987, unrealizedPNL=-1484.79, realizedPNL=0.0, account='DUH400053')
2026-01-16 10:09:07,599 - INFO - updatePortfolio: PortfolioItem(contract=Stock(conId=107113386, symbol='META', right='0', primaryExchange='NASDAQ', currency='USD', localSymbol='META', tradingClass='NMS'), position=38.0, marketPrice=623.3499756, marketValue=23687.3, averageCost=657.4963158, unrealizedPNL=-1297.56, realizedPNL=0.0, account='DUH400053')
2026-01-16 10:09:07,599 - INFO - updatePortfolio: PortfolioItem(contract=Stock(conId=70101545, symbol='MRK', right='0', primaryExchange='NYSE', currency='USD', localSymbol='MRK', tradingClass='MRK'), position=230.0, marketPrice=110.9300003, marketValue=25513.9, averageCost=110.125, unrealizedPNL=185.15, realizedPNL=0.0, account='DUH400053')
2026-01-16 10:09:07,600 - INFO - updatePortfolio: PortfolioItem(contract=Stock(conId=344809106, symbol='MRNA', right='0', primaryExchange='NASDAQ', currency='USD', localSymbol='MRNA', tradingClass='NMS'), position=733.0, marketPrice=39.6399994, marketValue=29056.12, averageCost=34.75431785, unrealizedPNL=3581.2, realizedPNL=0.0, account='DUH400053')
2026-01-16 10:09:07,601 - INFO - updatePortfolio: PortfolioItem(contract=Stock(conId=272110, symbol='MSTR', right='0', primaryExchange='NASDAQ', currency='USD', localSymbol='MSTR', tradingClass='NMS'), position=154.0, marketPrice=173.2200012, marketValue=26675.88, averageCost=164.3264935, unrealizedPNL=1369.6, realizedPNL=0.0, account='DUH400053')
2026-01-16 10:09:07,602 - INFO - updatePortfolio: PortfolioItem(contract=Stock(conId=9939, symbol='MU', right='0', primaryExchange='NASDAQ', currency='USD', localSymbol='MU', tradingClass='NMS'), position=74.0, marketPrice=349.3999939, marketValue=25855.6, averageCost=342.7735135, unrealizedPNL=490.36, realizedPNL=0.0, account='DUH400053')
2026-01-16 10:09:07,602 - INFO - updatePortfolio: PortfolioItem(contract=Stock(conId=15124833, symbol='NFLX', right='0', primaryExchange='NASDAQ', currency='USD', localSymbol='NFLX', tradingClass='NMS'), position=278.0, marketPrice=88.55000305, marketValue=24616.9, averageCost=91.655, unrealizedPNL=-863.19, realizedPNL=0.0, account='DUH400053')
2026-01-16 10:09:07,603 - INFO - updatePortfolio: PortfolioItem(contract=Stock(conId=10291, symbol='NKE', right='0', primaryExchange='NYSE', currency='USD', localSymbol='NKE', tradingClass='NKE'), position=392.0, marketPrice=64.65000155, marketValue=25342.8, averageCost=64.94265305, unrealizedPNL=-114.72, realizedPNL=0.0, account='DUH400053')
2026-01-16 10:09:07,603 - INFO - updatePortfolio: PortfolioItem(contract=Stock(conId=4815747, symbol='NVDA', right='0', primaryExchange='NASDAQ', currency='USD', localSymbol='NVDA', tradingClass='NMS'), position=54.0, marketPrice=188.80000305, marketValue=10195.2, averageCost=181.32205925, unrealizedPNL=403.81, realizedPNL=0.0, account='DUH400053')
2026-01-16 10:09:07,604 - INFO - updatePortfolio: PortfolioItem(contract=Stock(conId=640796125, symbol='PDYN', right='0', primaryExchange='NASDAQ', currency='USD', localSymbol='PDYN', tradingClass='NMS'), position=-1400.0, marketPrice=7.0300002, marketValue=-9842.0, averageCost=6.62266215, unrealizedPNL=-570.27, realizedPNL=0.0, account='DUH400053')
2026-01-16 10:09:07,605 - INFO - updatePortfolio: PortfolioItem(contract=Stock(conId=11031, symbol='PFE', right='0', primaryExchange='NYSE', currency='USD', localSymbol='PFE', tradingClass='PFE'), position=994.0, marketPrice=25.84000015, marketValue=25684.96, averageCost=25.655, unrealizedPNL=183.89, realizedPNL=0.0, account='DUH400053')
2026-01-16 10:09:07,607 - INFO - updatePortfolio: PortfolioItem(contract=Stock(conId=199169591, symbol='PYPL', right='0', primaryExchange='NASDAQ', currency='USD', localSymbol='PYPL', tradingClass='NMS'), position=425.0, marketPrice=56.91999815, marketValue=24191.0, averageCost=59.885, unrealizedPNL=-1260.13, realizedPNL=0.0, account='DUH400053')
2026-01-16 10:09:07,608 - INFO - updatePortfolio: PortfolioItem(contract=Stock(conId=320227571, symbol='QQQ', right='0', primaryExchange='NASDAQ', currency='USD', localSymbol='QQQ', tradingClass='NMS'), position=40.0, marketPrice=624.7999878, marketValue=24992.0, averageCost=623.215, unrealizedPNL=63.4, realizedPNL=0.0, account='DUH400053')
2026-01-16 10:09:07,609 - INFO - updatePortfolio: PortfolioItem(contract=Stock(conId=324651164, symbol='QUBT', right='0', primaryExchange='NASDAQ', currency='USD', localSymbol='QUBT', tradingClass='SCM'), position=535.0, marketPrice=12.4399996, marketValue=6655.4, averageCost=9.34502205, unrealizedPNL=1655.81, realizedPNL=0.0, account='DUH400053')
2026-01-16 10:09:07,609 - INFO - updatePortfolio: PortfolioItem(contract=Stock(conId=290651477, symbol='ROKU', right='0', primaryExchange='NASDAQ', currency='USD', localSymbol='ROKU', tradingClass='NMS'), position=229.0, marketPrice=104.98000335, marketValue=24040.42, averageCost=110.755, unrealizedPNL=-1322.47, realizedPNL=0.0, account='DUH400053')
2026-01-16 10:09:07,610 - INFO - updatePortfolio: PortfolioItem(contract=Stock(conId=195014116, symbol='SHOP', right='0', primaryExchange='NASDAQ', currency='USD', localSymbol='SHOP', tradingClass='NMS'), position=152.0, marketPrice=158.25, marketValue=24054.0, averageCost=166.99657895, unrealizedPNL=-1329.48, realizedPNL=0.0, account='DUH400053')
2026-01-16 10:09:07,611 - INFO - updatePortfolio: PortfolioItem(contract=Stock(conId=756733, symbol='SPY', right='0', primaryExchange='ARCA', currency='USD', localSymbol='SPY', tradingClass='SPY'), position=36.0, marketPrice=694.38568115, marketValue=24997.88, averageCost=692.2177778, unrealizedPNL=78.04, realizedPNL=0.0, account='DUH400053')
2026-01-16 10:09:07,612 - INFO - updatePortfolio: PortfolioItem(contract=Stock(conId=12729, symbol='TER', right='0', primaryExchange='NASDAQ', currency='USD', localSymbol='TER', tradingClass='NMS'), position=30.0, marketPrice=230.0700073, marketValue=6902.1, averageCost=162.53335665, unrealizedPNL=2026.1, realizedPNL=0.0, account='DUH400053')
2026-01-16 10:09:07,612 - INFO - updatePortfolio: PortfolioItem(contract=Stock(conId=6437, symbol='TGT', right='0', primaryExchange='NYSE', currency='USD', localSymbol='TGT', tradingClass='TGT'), position=244.0, marketPrice=111.40000155, marketValue=27181.6, averageCost=104.635, unrealizedPNL=1650.66, realizedPNL=0.0, account='DUH400053')
2026-01-16 10:09:07,614 - INFO - updatePortfolio: PortfolioItem(contract=Stock(conId=76792991, symbol='TSLA', right='0', primaryExchange='NASDAQ', currency='USD', localSymbol='TSLA', tradingClass='NMS'), position=57.0, marketPrice=441.1000061, marketValue=25142.7, averageCost=440.38754385, unrealizedPNL=40.61, realizedPNL=0.0, account='DUH400053')
2026-01-16 10:09:07,623 - INFO - updatePortfolio: PortfolioItem(contract=Stock(conId=365207014, symbol='UBER', right='0', primaryExchange='NYSE', currency='USD', localSymbol='UBER', tradingClass='UBER'), position=299.0, marketPrice=84.44999695, marketValue=25250.55, averageCost=84.51533445, unrealizedPNL=-19.54, realizedPNL=0.0, account='DUH400053')
2026-01-16 10:09:07,694 - INFO - Synchronization complete
2026-01-16 10:09:07,694 - INFO - Connected to IB. Fetching data for 25 symbols...
2026-01-16 10:09:07,830 - ERROR - Error 321, reqId 4: Error validating request.-'bL' : cause - Historical data requests for durations longer than 365 days must be made in years., contract: Stock(conId=444857009, symbol='PLTR', exchange='SMART', primaryExchange='NASDAQ', currency='USD', localSymbol='PLTR', tradingClass='NMS')
2026-01-16 10:09:08,472 - ERROR - Error 321, reqId 6: Error validating request.-'bL' : cause - Historical data requests for durations longer than 365 days must be made in years., contract: Stock(conId=6437, symbol='TGT', exchange='SMART', primaryExchange='NYSE', currency='USD', localSymbol='TGT', tradingClass='TGT')
2026-01-16 10:09:09,104 - ERROR - Error 321, reqId 8: Error validating request.-'bL' : cause - Historical data requests for durations longer than 365 days must be made in years., contract: Stock(conId=481691285, symbol='COIN', exchange='SMART', primaryExchange='NASDAQ', currency='USD', localSymbol='COIN', tradingClass='NMS')
2026-01-16 10:09:09,736 - ERROR - Error 321, reqId 10: Error validating request.-'bL' : cause - Historical data requests for durations longer than 365 days must be made in years., contract: Stock(conId=11031, symbol='PFE', exchange='SMART', primaryExchange='NYSE', currency='USD', localSymbol='PFE', tradingClass='PFE')
2026-01-16 10:09:10,368 - ERROR - Error 321, reqId 12: Error validating request.-'bL' : cause - Historical data requests for durations longer than 365 days must be made in years., contract: Stock(conId=272110, symbol='MSTR', exchange='SMART', primaryExchange='NASDAQ', currency='USD', localSymbol='MSTR', tradingClass='NMS')
2026-01-16 10:09:11,008 - ERROR - Error 200, reqId 13: No security definition has been found for the request, contract: Stock(symbol='TKMS', exchange='SMART', currency='USD')
2026-01-16 10:09:11,009 - WARNING - Unknown contract: Stock(symbol='TKMS', exchange='SMART', currency='USD')
2026-01-16 10:09:11,014 - ERROR - Error 321, reqId 14: Error validating request.-'bL' : cause - Historical data requests for durations longer than 365 days must be made in years., contract: Stock(symbol='TKMS', exchange='SMART', currency='USD')
2026-01-16 10:09:11,656 - ERROR - Error 321, reqId 16: Error validating request.-'bL' : cause - Historical data requests for durations longer than 365 days must be made in years., contract: Stock(conId=320227571, symbol='QQQ', exchange='SMART', primaryExchange='NASDAQ', currency='USD', localSymbol='QQQ', tradingClass='NMS')
2026-01-16 10:09:12,306 - ERROR - Error 321, reqId 18: Error validating request.-'bL' : cause - Historical data requests for durations longer than 365 days must be made in years., contract: Stock(conId=756733, symbol='SPY', exchange='SMART', primaryExchange='ARCA', currency='USD', localSymbol='SPY', tradingClass='SPY')
2026-01-16 10:09:12,940 - ERROR - Error 321, reqId 20: Error validating request.-'bL' : cause - Historical data requests for durations longer than 365 days must be made in years., contract: Stock(conId=199169591, symbol='PYPL', exchange='SMART', primaryExchange='NASDAQ', currency='USD', localSymbol='PYPL', tradingClass='NMS')
2026-01-16 10:09:13,581 - ERROR - Error 321, reqId 22: Error validating request.-'bL' : cause - Historical data requests for durations longer than 365 days must be made in years., contract: Stock(conId=70101545, symbol='MRK', exchange='SMART', primaryExchange='NYSE', currency='USD', localSymbol='MRK', tradingClass='MRK')
2026-01-16 10:09:14,220 - ERROR - Error 321, reqId 24: Error validating request.-'bL' : cause - Historical data requests for durations longer than 365 days must be made in years., contract: Stock(conId=370757467, symbol='CRWD', exchange='SMART', primaryExchange='NASDAQ', currency='USD', localSymbol='CRWD', tradingClass='NMS')
2026-01-16 10:09:14,862 - ERROR - Error 321, reqId 26: Error validating request.-'bL' : cause - Historical data requests for durations longer than 365 days must be made in years., contract: Stock(conId=344809106, symbol='MRNA', exchange='SMART', primaryExchange='NASDAQ', currency='USD', localSymbol='MRNA', tradingClass='NMS')
2026-01-16 10:09:15,502 - ERROR - Error 321, reqId 28: Error validating request.-'bL' : cause - Historical data requests for durations longer than 365 days must be made in years., contract: Stock(conId=4815747, symbol='NVDA', exchange='SMART', primaryExchange='NASDAQ', currency='USD', localSymbol='NVDA', tradingClass='NMS')
2026-01-16 10:09:16,136 - ERROR - Error 321, reqId 30: Error validating request.-'bL' : cause - Historical data requests for durations longer than 365 days must be made in years., contract: Stock(conId=195014116, symbol='SHOP', exchange='SMART', primaryExchange='NASDAQ', currency='USD', localSymbol='SHOP', tradingClass='NMS')
2026-01-16 10:09:16,773 - ERROR - Error 321, reqId 32: Error validating request.-'bL' : cause - Historical data requests for durations longer than 365 days must be made in years., contract: Stock(conId=13272, symbol='UNH', exchange='SMART', primaryExchange='NYSE', currency='USD', localSymbol='UNH', tradingClass='UNH')
2026-01-16 10:09:17,415 - ERROR - Error 321, reqId 34: Error validating request.-'bL' : cause - Historical data requests for durations longer than 365 days must be made in years., contract: Stock(conId=578031277, symbol='QBTS', exchange='SMART', primaryExchange='NYSE', currency='USD', localSymbol='QBTS', tradingClass='QBTS')
2026-01-16 10:09:18,057 - ERROR - Error 321, reqId 36: Error validating request.-'bL' : cause - Historical data requests for durations longer than 365 days must be made in years., contract: Stock(conId=640796125, symbol='PDYN', exchange='SMART', primaryExchange='NASDAQ', currency='USD', localSymbol='PDYN', tradingClass='NMS')
2026-01-16 10:09:18,696 - ERROR - Error 321, reqId 38: Error validating request.-'bL' : cause - Historical data requests for durations longer than 365 days must be made in years., contract: Stock(conId=324651164, symbol='QUBT', exchange='SMART', primaryExchange='NASDAQ', currency='USD', localSymbol='QUBT', tradingClass='SCM')
2026-01-16 10:09:19,344 - ERROR - Error 321, reqId 40: Error validating request.-'bL' : cause - Historical data requests for durations longer than 365 days must be made in years., contract: Stock(conId=1520593, symbol='JPM', exchange='SMART', primaryExchange='NYSE', currency='USD', localSymbol='JPM', tradingClass='JPM')
2026-01-16 10:09:19,986 - ERROR - Error 321, reqId 42: Error validating request.-'bL' : cause - Historical data requests for durations longer than 365 days must be made in years., contract: Stock(conId=10291, symbol='NKE', exchange='SMART', primaryExchange='NYSE', currency='USD', localSymbol='NKE', tradingClass='NKE')
2026-01-16 10:09:20,625 - ERROR - Error 321, reqId 44: Error validating request.-'bL' : cause - Historical data requests for durations longer than 365 days must be made in years., contract: Stock(conId=313130367, symbol='AVGO', exchange='SMART', primaryExchange='NASDAQ', currency='USD', localSymbol='AVGO', tradingClass='NMS')
2026-01-16 10:09:21,277 - ERROR - Error 321, reqId 46: Error validating request.-'bL' : cause - Historical data requests for durations longer than 365 days must be made in years., contract: Stock(conId=15124833, symbol='NFLX', exchange='SMART', primaryExchange='NASDAQ', currency='USD', localSymbol='NFLX', tradingClass='NMS')
2026-01-16 10:09:21,923 - ERROR - Error 321, reqId 48: Error validating request.-'bL' : cause - Historical data requests for durations longer than 365 days must be made in years., contract: Stock(conId=9939, symbol='MU', exchange='SMART', primaryExchange='NASDAQ', currency='USD', localSymbol='MU', tradingClass='NMS')
2026-01-16 10:09:22,566 - ERROR - Error 321, reqId 50: Error validating request.-'bL' : cause - Historical data requests for durations longer than 365 days must be made in years., contract: Stock(conId=107113386, symbol='META', exchange='SMART', primaryExchange='NASDAQ', currency='USD', localSymbol='META', tradingClass='NMS')
2026-01-16 10:09:23,209 - ERROR - Error 321, reqId 52: Error validating request.-'bL' : cause - Historical data requests for durations longer than 365 days must be made in years., contract: Stock(conId=8719, symbol='JNJ', exchange='SMART', primaryExchange='NYSE', currency='USD', localSymbol='JNJ', tradingClass='JNJ')
2026-01-16 10:09:23,717 - INFO - Disconnecting from 127.0.0.1:7497, 3.45 kB sent in 58 messages, 53.4 kB received in 494 messages, session time 16.5 s.
2026-01-16 10:09:23,718 - INFO - Disconnecting
2026-01-16 10:09:23,727 - INFO - Generating synthetic data for 25 symbols...
2026-01-16 10:09:23,737 - INFO -   PLTR: 400 days (synthetic)
2026-01-16 10:09:23,741 - INFO -   TGT: 400 days (synthetic)
2026-01-16 10:09:23,745 - INFO -   COIN: 400 days (synthetic)
2026-01-16 10:09:23,750 - INFO -   PFE: 400 days (synthetic)
2026-01-16 10:09:23,756 - INFO -   MSTR: 400 days (synthetic)
2026-01-16 10:09:23,760 - INFO -   TKMS: 400 days (synthetic)
2026-01-16 10:09:23,765 - INFO -   QQQ: 400 days (synthetic)
2026-01-16 10:09:23,769 - INFO -   SPY: 400 days (synthetic)
2026-01-16 10:09:23,773 - INFO -   PYPL: 400 days (synthetic)
2026-01-16 10:09:23,777 - INFO -   MRK: 400 days (synthetic)
2026-01-16 10:09:23,782 - INFO -   CRWD: 400 days (synthetic)
2026-01-16 10:09:23,786 - INFO -   MRNA: 400 days (synthetic)
2026-01-16 10:09:23,792 - INFO -   NVDA: 400 days (synthetic)
2026-01-16 10:09:23,799 - INFO -   SHOP: 400 days (synthetic)
2026-01-16 10:09:23,803 - INFO -   UNH: 400 days (synthetic)
2026-01-16 10:09:23,809 - INFO -   QBTS: 400 days (synthetic)
2026-01-16 10:09:23,815 - INFO -   PDYN: 400 days (synthetic)
2026-01-16 10:09:23,820 - INFO -   QUBT: 400 days (synthetic)
2026-01-16 10:09:23,827 - INFO -   JPM: 400 days (synthetic)
2026-01-16 10:09:23,833 - INFO -   NKE: 400 days (synthetic)
2026-01-16 10:09:23,837 - INFO -   AVGO: 400 days (synthetic)
2026-01-16 10:09:23,844 - INFO -   NFLX: 400 days (synthetic)
2026-01-16 10:09:23,851 - INFO -   MU: 400 days (synthetic)
2026-01-16 10:09:23,860 - INFO -   META: 400 days (synthetic)
2026-01-16 10:09:23,866 - INFO -   JNJ: 400 days (synthetic)
2026-01-16 10:09:23,901 - INFO - Running backtest: 252 days
2026-01-16 10:09:23,902 - INFO - Strategies: {'PLTR': 'BUY_HOLD', 'TGT': 'SUPERTREND', 'COIN': 'BUY_HOLD', 'PFE': 'SUPERTREND', 'MSTR': 'BUY_HOLD', 'TKMS': 'GERMAN', 'QQQ': 'TREND_FOLLOW', 'SPY': 'TREND_FOLLOW', 'PYPL': 'SUPERTREND', 'MRK': 'SUPERTREND', 'CRWD': 'BUY_HOLD', 'MRNA': 'SUPERTREND', 'NVDA': 'BUY_HOLD', 'SHOP': 'BUY_HOLD', 'UNH': 'SUPERTREND', 'QBTS': 'SUPERTREND', 'PDYN': 'SUPERTREND', 'QUBT': 'BUY_HOLD', 'JPM': 'TREND_FOLLOW', 'NKE': 'SUPERTREND', 'AVGO': 'BUY_HOLD', 'NFLX': 'SUPERTREND', 'MU': 'BUY_HOLD', 'META': 'BUY_HOLD', 'JNJ': 'TREND_FOLLOW'}
2026-01-16 10:13:05,311 - INFO - Connecting to 127.0.0.1:7497 with clientId 51...
2026-01-16 10:13:05,312 - INFO - Connected
2026-01-16 10:13:05,318 - INFO - Logged on to server version 176
2026-01-16 10:13:05,323 - INFO - Warning 2104, reqId -1: Market data farm connection is OK:hfarm
2026-01-16 10:13:05,324 - INFO - Warning 2104, reqId -1: Market data farm connection is OK:eufarmnj
2026-01-16 10:13:05,324 - INFO - Warning 2104, reqId -1: Market data farm connection is OK:cashfarm
2026-01-16 10:13:05,325 - INFO - Warning 2104, reqId -1: Market data farm connection is OK:usfuture
2026-01-16 10:13:05,326 - INFO - Warning 2104, reqId -1: Market data farm connection is OK:jfarm
2026-01-16 10:13:05,326 - INFO - Warning 2104, reqId -1: Market data farm connection is OK:eufarm
2026-01-16 10:13:05,327 - INFO - Warning 2104, reqId -1: Market data farm connection is OK:usfarm
2026-01-16 10:13:05,327 - INFO - Warning 2106, reqId -1: HMDS data farm connection is OK:euhmds
2026-01-16 10:13:05,328 - INFO - Warning 2106, reqId -1: HMDS data farm connection is OK:fundfarm
2026-01-16 10:13:05,329 - INFO - Warning 2106, reqId -1: HMDS data farm connection is OK:ushmds
2026-01-16 10:13:05,329 - INFO - Warning 2158, reqId -1: Sec-def data farm connection is OK:secdefil
2026-01-16 10:13:05,330 - INFO - API connection ready
2026-01-16 10:13:05,333 - INFO - position: Position(account='DUH400053', contract=Stock(conId=9939, symbol='MU', exchange='NASDAQ', currency='USD', localSymbol='MU', tradingClass='NMS'), position=74.0, avgCost=342.7735135)
2026-01-16 10:13:05,334 - INFO - position: Position(account='DUH400053', contract=Stock(conId=313130367, symbol='AVGO', exchange='NASDAQ', currency='USD', localSymbol='AVGO', tradingClass='NMS'), position=75.0, avgCost=338.48333335)
2026-01-16 10:13:05,334 - INFO - position: Position(account='DUH400053', contract=Stock(conId=4815747, symbol='NVDA', exchange='NASDAQ', currency='USD', localSymbol='NVDA', tradingClass='NMS'), position=54.0, avgCost=181.32205925)
2026-01-16 10:13:05,335 - INFO - position: Position(account='DUH400053', contract=Stock(conId=107113386, symbol='META', exchange='NASDAQ', currency='USD', localSymbol='META', tradingClass='NMS'), position=38.0, avgCost=657.4963158)
2026-01-16 10:13:05,335 - INFO - position: Position(account='DUH400053', contract=Stock(conId=370757467, symbol='CRWD', exchange='NASDAQ', currency='USD', localSymbol='CRWD', tradingClass='NMS'), position=53.0, avgCost=473.4188679)
2026-01-16 10:13:05,336 - INFO - position: Position(account='DUH400053', contract=Stock(conId=1520593, symbol='JPM', exchange='NYSE', currency='USD', localSymbol='JPM', tradingClass='JPM'), position=77.0, avgCost=329.782987)
2026-01-16 10:13:05,337 - INFO - position: Position(account='DUH400053', contract=Stock(conId=324651164, symbol='QUBT', exchange='NASDAQ', currency='USD', localSymbol='QUBT', tradingClass='SCM'), position=535.0, avgCost=9.34502205)
2026-01-16 10:13:05,337 - INFO - position: Position(account='DUH400053', contract=Stock(conId=195014116, symbol='SHOP', exchange='NASDAQ', currency='USD', localSymbol='SHOP', tradingClass='NMS'), position=152.0, avgCost=166.99657895)
2026-01-16 10:13:05,339 - INFO - position: Position(account='DUH400053', contract=Stock(conId=756733, symbol='SPY', exchange='ARCA', currency='USD', localSymbol='SPY', tradingClass='SPY'), position=36.0, avgCost=692.2177778)
2026-01-16 10:13:05,339 - INFO - position: Position(account='DUH400053', contract=Stock(conId=560105364, symbol='DKNG', exchange='NASDAQ', currency='USD', localSymbol='DKNG', tradingClass='NMS'), position=726.0, avgCost=34.83279615)
2026-01-16 10:13:05,340 - INFO - position: Position(account='DUH400053', contract=Stock(conId=272110, symbol='MSTR', exchange='NASDAQ', currency='USD', localSymbol='MSTR', tradingClass='NMS'), position=154.0, avgCost=164.3264935)
2026-01-16 10:13:05,340 - INFO - position: Position(account='DUH400053', contract=Stock(conId=199169591, symbol='PYPL', exchange='NASDAQ', currency='USD', localSymbol='PYPL', tradingClass='NMS'), position=425.0, avgCost=59.885)
2026-01-16 10:13:05,341 - INFO - position: Position(account='DUH400053', contract=Stock(conId=640796125, symbol='PDYN', exchange='NASDAQ', currency='USD', localSymbol='PDYN', tradingClass='NMS'), position=-1400.0, avgCost=6.62266215)
2026-01-16 10:13:05,341 - INFO - position: Position(account='DUH400053', contract=Stock(conId=320227571, symbol='QQQ', exchange='NASDAQ', currency='USD', localSymbol='QQQ', tradingClass='NMS'), position=40.0, avgCost=623.215)
2026-01-16 10:13:05,342 - INFO - position: Position(account='DUH400053', contract=Stock(conId=4762, symbol='BA', exchange='NYSE', currency='USD', localSymbol='BA', tradingClass='BA'), position=632.0, avgCost=243.07768985)
2026-01-16 10:13:05,343 - INFO - position: Position(account='DUH400053', contract=Stock(conId=344809106, symbol='MRNA', exchange='NASDAQ', currency='USD', localSymbol='MRNA', tradingClass='NMS'), position=733.0, avgCost=34.75431785)
2026-01-16 10:13:05,343 - INFO - position: Position(account='DUH400053', contract=Stock(conId=11031, symbol='PFE', exchange='NYSE', currency='USD', localSymbol='PFE', tradingClass='PFE'), position=994.0, avgCost=25.655)
2026-01-16 10:13:05,344 - INFO - position: Position(account='DUH400053', contract=Stock(conId=4813508, symbol='INOD', exchange='NASDAQ', currency='USD', localSymbol='INOD', tradingClass='NMS'), position=393.0, avgCost=63.0334733)
2026-01-16 10:13:05,345 - INFO - position: Position(account='DUH400053', contract=Stock(conId=76792991, symbol='TSLA', exchange='NASDAQ', currency='USD', localSymbol='TSLA', tradingClass='NMS'), position=57.0, avgCost=440.38754385)
2026-01-16 10:13:05,358 - INFO - position: Position(account='DUH400053', contract=Stock(conId=29624264, symbol='CRM', exchange='NYSE', currency='USD', localSymbol='CRM', tradingClass='CRM'), position=98.0, avgCost=259.2602041)
2026-01-16 10:13:05,358 - INFO - position: Position(account='DUH400053', contract=Stock(conId=290651477, symbol='ROKU', exchange='NASDAQ', currency='USD', localSymbol='ROKU', tradingClass='NMS'), position=229.0, avgCost=110.755)
2026-01-16 10:13:05,359 - INFO - position: Position(account='DUH400053', contract=Stock(conId=15124833, symbol='NFLX', exchange='NASDAQ', currency='USD', localSymbol='NFLX', tradingClass='NMS'), position=278.0, avgCost=91.655)
2026-01-16 10:13:05,360 - INFO - position: Position(account='DUH400053', contract=Stock(conId=70101545, symbol='MRK', exchange='NYSE', currency='USD', localSymbol='MRK', tradingClass='MRK'), position=230.0, avgCost=110.125)
2026-01-16 10:13:05,360 - INFO - position: Position(account='DUH400053', contract=Stock(conId=6459, symbol='DIS', exchange='NYSE', currency='USD', localSymbol='DIS', tradingClass='DIS'), position=220.0, avgCost=114.9268182)
2026-01-16 10:13:05,361 - INFO - position: Position(account='DUH400053', contract=Stock(conId=12729, symbol='TER', exchange='NASDAQ', currency='USD', localSymbol='TER', tradingClass='NMS'), position=30.0, avgCost=162.53335665)
2026-01-16 10:13:05,361 - INFO - position: Position(account='DUH400053', contract=Stock(conId=10291, symbol='NKE', exchange='NYSE', currency='USD', localSymbol='NKE', tradingClass='NKE'), position=392.0, avgCost=64.94265305)
2026-01-16 10:13:05,362 - INFO - position: Position(account='DUH400053', contract=Stock(conId=481691285, symbol='COIN', exchange='NASDAQ', currency='USD', localSymbol='COIN', tradingClass='NMS'), position=36.0, avgCost=269.8705778)
2026-01-16 10:13:05,362 - INFO - position: Position(account='DUH400053', contract=Stock(conId=365207014, symbol='UBER', exchange='NYSE', currency='USD', localSymbol='UBER', tradingClass='UBER'), position=299.0, avgCost=84.51533445)
2026-01-16 10:13:05,363 - INFO - position: Position(account='DUH400053', contract=Stock(conId=4391, symbol='AMD', exchange='NASDAQ', currency='USD', localSymbol='AMD', tradingClass='NMS'), position=-40.0, avgCost=239.8498125)
2026-01-16 10:13:05,364 - INFO - position: Position(account='DUH400053', contract=Stock(conId=6437, symbol='TGT', exchange='NYSE', currency='USD', localSymbol='TGT', tradingClass='TGT'), position=244.0, avgCost=104.635)
2026-01-16 10:13:05,435 - INFO - updatePortfolio: PortfolioItem(contract=Stock(conId=4391, symbol='AMD', right='0', primaryExchange='NASDAQ', currency='USD', localSymbol='AMD', tradingClass='NMS'), position=-40.0, marketPrice=234.7400055, marketValue=-9389.6, averageCost=239.8498125, unrealizedPNL=204.39, realizedPNL=0.0, account='DUH400053')
2026-01-16 10:13:05,436 - INFO - updatePortfolio: PortfolioItem(contract=Stock(conId=313130367, symbol='AVGO', right='0', primaryExchange='NASDAQ', currency='USD', localSymbol='AVGO', tradingClass='NMS'), position=75.0, marketPrice=346.16000365, marketValue=25962.0, averageCost=338.48333335, unrealizedPNL=575.75, realizedPNL=0.0, account='DUH400053')
2026-01-16 10:13:05,440 - INFO - updatePortfolio: PortfolioItem(contract=Stock(conId=4762, symbol='BA', right='0', primaryExchange='NYSE', currency='USD', localSymbol='BA', tradingClass='BA'), position=632.0, marketPrice=248.19000245, marketValue=156856.08, averageCost=243.07768985, unrealizedPNL=3230.98, realizedPNL=0.0, account='DUH400053')
2026-01-16 10:13:05,445 - INFO - updatePortfolio: PortfolioItem(contract=Stock(conId=481691285, symbol='COIN', right='0', primaryExchange='NASDAQ', currency='USD', localSymbol='COIN', tradingClass='NMS'), position=36.0, marketPrice=242.25, marketValue=8721.0, averageCost=269.8705778, unrealizedPNL=-994.34, realizedPNL=0.0, account='DUH400053')
2026-01-16 10:13:05,445 - INFO - updatePortfolio: PortfolioItem(contract=Stock(conId=29624264, symbol='CRM', right='0', primaryExchange='NYSE', currency='USD', localSymbol='CRM', tradingClass='CRM'), position=98.0, marketPrice=234.3999939, marketValue=22971.2, averageCost=259.2602041, unrealizedPNL=-2436.3, realizedPNL=0.0, account='DUH400053')
2026-01-16 10:13:05,446 - INFO - updatePortfolio: PortfolioItem(contract=Stock(conId=370757467, symbol='CRWD', right='0', primaryExchange='NASDAQ', currency='USD', localSymbol='CRWD', tradingClass='NMS'), position=53.0, marketPrice=458.1000061, marketValue=24279.3, averageCost=473.4188679, unrealizedPNL=-811.9, realizedPNL=0.0, account='DUH400053')
2026-01-16 10:13:05,447 - INFO - updatePortfolio: PortfolioItem(contract=Stock(conId=6459, symbol='DIS', right='0', primaryExchange='NYSE', currency='USD', localSymbol='DIS', tradingClass='DIS'), position=220.0, marketPrice=113.6100006, marketValue=24994.2, averageCost=114.9268182, unrealizedPNL=-289.7, realizedPNL=0.0, account='DUH400053')
2026-01-16 10:13:05,447 - INFO - updatePortfolio: PortfolioItem(contract=Stock(conId=560105364, symbol='DKNG', right='0', primaryExchange='NASDAQ', currency='USD', localSymbol='DKNG', tradingClass='NMS'), position=726.0, marketPrice=35.70000075, marketValue=25918.2, averageCost=34.83279615, unrealizedPNL=629.59, realizedPNL=0.0, account='DUH400053')
2026-01-16 10:13:05,448 - INFO - updatePortfolio: PortfolioItem(contract=Stock(conId=4813508, symbol='INOD', right='0', primaryExchange='NASDAQ', currency='USD', localSymbol='INOD', tradingClass='NMS'), position=393.0, marketPrice=60.0099983, marketValue=23583.93, averageCost=63.0334733, unrealizedPNL=-1188.23, realizedPNL=0.0, account='DUH400053')
2026-01-16 10:13:05,449 - INFO - updatePortfolio: PortfolioItem(contract=Stock(conId=1520593, symbol='JPM', right='0', primaryExchange='NYSE', currency='USD', localSymbol='JPM', tradingClass='JPM'), position=77.0, marketPrice=310.5, marketValue=23908.5, averageCost=329.782987, unrealizedPNL=-1484.79, realizedPNL=0.0, account='DUH400053')
2026-01-16 10:13:05,449 - INFO - updatePortfolio: PortfolioItem(contract=Stock(conId=107113386, symbol='META', right='0', primaryExchange='NASDAQ', currency='USD', localSymbol='META', tradingClass='NMS'), position=38.0, marketPrice=623.0300293, marketValue=23675.14, averageCost=657.4963158, unrealizedPNL=-1309.72, realizedPNL=0.0, account='DUH400053')
2026-01-16 10:13:05,450 - INFO - updatePortfolio: PortfolioItem(contract=Stock(conId=70101545, symbol='MRK', right='0', primaryExchange='NYSE', currency='USD', localSymbol='MRK', tradingClass='MRK'), position=230.0, marketPrice=111.19999695, marketValue=25576.0, averageCost=110.125, unrealizedPNL=247.25, realizedPNL=0.0, account='DUH400053')
2026-01-16 10:13:05,450 - INFO - updatePortfolio: PortfolioItem(contract=Stock(conId=344809106, symbol='MRNA', right='0', primaryExchange='NASDAQ', currency='USD', localSymbol='MRNA', tradingClass='NMS'), position=733.0, marketPrice=39.70000075, marketValue=29100.1, averageCost=34.75431785, unrealizedPNL=3625.19, realizedPNL=0.0, account='DUH400053')
2026-01-16 10:13:05,454 - INFO - updatePortfolio: PortfolioItem(contract=Stock(conId=272110, symbol='MSTR', right='0', primaryExchange='NASDAQ', currency='USD', localSymbol='MSTR', tradingClass='NMS'), position=154.0, marketPrice=173.27000425, marketValue=26683.58, averageCost=164.3264935, unrealizedPNL=1377.3, realizedPNL=0.0, account='DUH400053')
2026-01-16 10:13:05,455 - INFO - updatePortfolio: PortfolioItem(contract=Stock(conId=9939, symbol='MU', right='0', primaryExchange='NASDAQ', currency='USD', localSymbol='MU', tradingClass='NMS'), position=74.0, marketPrice=349.7000122, marketValue=25877.8, averageCost=342.7735135, unrealizedPNL=512.56, realizedPNL=0.0, account='DUH400053')
2026-01-16 10:13:05,456 - INFO - updatePortfolio: PortfolioItem(contract=Stock(conId=15124833, symbol='NFLX', right='0', primaryExchange='NASDAQ', currency='USD', localSymbol='NFLX', tradingClass='NMS'), position=278.0, marketPrice=88.5299988, marketValue=24611.34, averageCost=91.655, unrealizedPNL=-868.75, realizedPNL=0.0, account='DUH400053')
2026-01-16 10:13:05,470 - INFO - updatePortfolio: PortfolioItem(contract=Stock(conId=10291, symbol='NKE', right='0', primaryExchange='NYSE', currency='USD', localSymbol='NKE', tradingClass='NKE'), position=392.0, marketPrice=64.69999695, marketValue=25362.4, averageCost=64.94265305, unrealizedPNL=-95.12, realizedPNL=0.0, account='DUH400053')
2026-01-16 10:13:05,470 - INFO - updatePortfolio: PortfolioItem(contract=Stock(conId=4815747, symbol='NVDA', right='0', primaryExchange='NASDAQ', currency='USD', localSymbol='NVDA', tradingClass='NMS'), position=54.0, marketPrice=188.77000425, marketValue=10193.58, averageCost=181.32205925, unrealizedPNL=402.19, realizedPNL=0.0, account='DUH400053')
2026-01-16 10:13:05,472 - INFO - updatePortfolio: PortfolioItem(contract=Stock(conId=640796125, symbol='PDYN', right='0', primaryExchange='NASDAQ', currency='USD', localSymbol='PDYN', tradingClass='NMS'), position=-1400.0, marketPrice=7.0300002, marketValue=-9842.0, averageCost=6.62266215, unrealizedPNL=-570.27, realizedPNL=0.0, account='DUH400053')
2026-01-16 10:13:05,472 - INFO - updatePortfolio: PortfolioItem(contract=Stock(conId=11031, symbol='PFE', right='0', primaryExchange='NYSE', currency='USD', localSymbol='PFE', tradingClass='PFE'), position=994.0, marketPrice=25.84000015, marketValue=25684.96, averageCost=25.655, unrealizedPNL=183.89, realizedPNL=0.0, account='DUH400053')
2026-01-16 10:13:05,473 - INFO - updatePortfolio: PortfolioItem(contract=Stock(conId=199169591, symbol='PYPL', right='0', primaryExchange='NASDAQ', currency='USD', localSymbol='PYPL', tradingClass='NMS'), position=425.0, marketPrice=56.9300003, marketValue=24195.25, averageCost=59.885, unrealizedPNL=-1255.87, realizedPNL=0.0, account='DUH400053')
2026-01-16 10:13:05,474 - INFO - updatePortfolio: PortfolioItem(contract=Stock(conId=320227571, symbol='QQQ', right='0', primaryExchange='NASDAQ', currency='USD', localSymbol='QQQ', tradingClass='NMS'), position=40.0, marketPrice=624.75, marketValue=24990.0, averageCost=623.215, unrealizedPNL=61.4, realizedPNL=0.0, account='DUH400053')
2026-01-16 10:13:05,474 - INFO - updatePortfolio: PortfolioItem(contract=Stock(conId=324651164, symbol='QUBT', right='0', primaryExchange='NASDAQ', currency='USD', localSymbol='QUBT', tradingClass='SCM'), position=535.0, marketPrice=12.4200001, marketValue=6644.7, averageCost=9.34502205, unrealizedPNL=1645.11, realizedPNL=0.0, account='DUH400053')
2026-01-16 10:13:05,475 - INFO - updatePortfolio: PortfolioItem(contract=Stock(conId=290651477, symbol='ROKU', right='0', primaryExchange='NASDAQ', currency='USD', localSymbol='ROKU', tradingClass='NMS'), position=229.0, marketPrice=104.98000335, marketValue=24040.42, averageCost=110.755, unrealizedPNL=-1322.47, realizedPNL=0.0, account='DUH400053')
2026-01-16 10:13:05,476 - INFO - updatePortfolio: PortfolioItem(contract=Stock(conId=195014116, symbol='SHOP', right='0', primaryExchange='NASDAQ', currency='USD', localSymbol='SHOP', tradingClass='NMS'), position=152.0, marketPrice=158.25, marketValue=24054.0, averageCost=166.99657895, unrealizedPNL=-1329.48, realizedPNL=0.0, account='DUH400053')
2026-01-16 10:13:05,476 - INFO - updatePortfolio: PortfolioItem(contract=Stock(conId=756733, symbol='SPY', right='0', primaryExchange='ARCA', currency='USD', localSymbol='SPY', tradingClass='SPY'), position=36.0, marketPrice=694.326355, marketValue=24995.75, averageCost=692.2177778, unrealizedPNL=75.91, realizedPNL=0.0, account='DUH400053')
2026-01-16 10:13:05,477 - INFO - updatePortfolio: PortfolioItem(contract=Stock(conId=12729, symbol='TER', right='0', primaryExchange='NASDAQ', currency='USD', localSymbol='TER', tradingClass='NMS'), position=30.0, marketPrice=230.0700073, marketValue=6902.1, averageCost=162.53335665, unrealizedPNL=2026.1, realizedPNL=0.0, account='DUH400053')
2026-01-16 10:13:05,478 - INFO - updatePortfolio: PortfolioItem(contract=Stock(conId=6437, symbol='TGT', right='0', primaryExchange='NYSE', currency='USD', localSymbol='TGT', tradingClass='TGT'), position=244.0, marketPrice=111.40000155, marketValue=27181.6, averageCost=104.635, unrealizedPNL=1650.66, realizedPNL=0.0, account='DUH400053')
2026-01-16 10:13:05,478 - INFO - updatePortfolio: PortfolioItem(contract=Stock(conId=76792991, symbol='TSLA', right='0', primaryExchange='NASDAQ', currency='USD', localSymbol='TSLA', tradingClass='NMS'), position=57.0, marketPrice=441.2000122, marketValue=25148.4, averageCost=440.38754385, unrealizedPNL=46.31, realizedPNL=0.0, account='DUH400053')
2026-01-16 10:13:05,479 - INFO - updatePortfolio: PortfolioItem(contract=Stock(conId=365207014, symbol='UBER', right='0', primaryExchange='NYSE', currency='USD', localSymbol='UBER', tradingClass='UBER'), position=299.0, marketPrice=84.44999695, marketValue=25250.55, averageCost=84.51533445, unrealizedPNL=-19.54, realizedPNL=0.0, account='DUH400053')
2026-01-16 10:13:05,482 - INFO - Synchronization complete
2026-01-16 10:13:05,483 - INFO - Connected to IB. Fetching data for 25 symbols...
2026-01-16 10:13:06,257 - INFO -   PLTR: 251 days
2026-01-16 10:13:07,606 - INFO -   JPM: 251 days
2026-01-16 10:13:08,896 - INFO -   NKE: 251 days
2026-01-16 10:13:10,178 - INFO -   MRK: 251 days
2026-01-16 10:13:11,404 - INFO -   AVGO: 251 days
2026-01-16 10:13:12,595 - INFO -   PYPL: 251 days
2026-01-16 10:13:13,779 - INFO -   MRNA: 251 days
2026-01-16 10:13:14,998 - INFO -   UNH: 251 days
2026-01-16 10:13:16,296 - INFO -   SHOP: 251 days
2026-01-16 10:13:17,573 - INFO -   PFE: 251 days
2026-01-16 10:13:17,712 - INFO - updatePortfolio: PortfolioItem(contract=Stock(conId=4391, symbol='AMD', right='0', primaryExchange='NASDAQ', currency='USD', localSymbol='AMD', tradingClass='NMS'), position=-40.0, marketPrice=234.2799988, marketValue=-9371.2, averageCost=239.8498125, unrealizedPNL=222.79, realizedPNL=0.0, account='DUH400053')
2026-01-16 10:13:17,713 - INFO - updatePortfolio: PortfolioItem(contract=Stock(conId=4762, symbol='BA', right='0', primaryExchange='NYSE', currency='USD', localSymbol='BA', tradingClass='BA'), position=632.0, marketPrice=248.5, marketValue=157052.0, averageCost=243.07768985, unrealizedPNL=3426.9, realizedPNL=0.0, account='DUH400053')
2026-01-16 10:13:17,717 - INFO - updatePortfolio: PortfolioItem(contract=Stock(conId=6459, symbol='DIS', right='0', primaryExchange='NYSE', currency='USD', localSymbol='DIS', tradingClass='DIS'), position=220.0, marketPrice=113.44000245, marketValue=24956.8, averageCost=114.9268182, unrealizedPNL=-327.1, realizedPNL=0.0, account='DUH400053')
2026-01-16 10:13:17,718 - INFO - updatePortfolio: PortfolioItem(contract=Stock(conId=9939, symbol='MU', right='0', primaryExchange='NASDAQ', currency='USD', localSymbol='MU', tradingClass='NMS'), position=74.0, marketPrice=349.75, marketValue=25881.5, averageCost=342.7735135, unrealizedPNL=516.26, realizedPNL=0.0, account='DUH400053')
2026-01-16 10:13:17,719 - INFO - updatePortfolio: PortfolioItem(contract=Stock(conId=10291, symbol='NKE', right='0', primaryExchange='NYSE', currency='USD', localSymbol='NKE', tradingClass='NKE'), position=392.0, marketPrice=64.76000215, marketValue=25385.92, averageCost=64.94265305, unrealizedPNL=-71.6, realizedPNL=0.0, account='DUH400053')
2026-01-16 10:13:17,720 - INFO - updatePortfolio: PortfolioItem(contract=Stock(conId=12729, symbol='TER', right='0', primaryExchange='NASDAQ', currency='USD', localSymbol='TER', tradingClass='NMS'), position=30.0, marketPrice=230.0700073, marketValue=6902.1, averageCost=162.53335665, unrealizedPNL=2026.1, realizedPNL=0.0, account='DUH400053')
2026-01-16 10:13:17,720 - INFO - updatePortfolio: PortfolioItem(contract=Stock(conId=272110, symbol='MSTR', right='0', primaryExchange='NASDAQ', currency='USD', localSymbol='MSTR', tradingClass='NMS'), position=154.0, marketPrice=173.27000425, marketValue=26683.58, averageCost=164.3264935, unrealizedPNL=1377.3, realizedPNL=0.0, account='DUH400053')
2026-01-16 10:13:17,721 - INFO - updatePortfolio: PortfolioItem(contract=Stock(conId=756733, symbol='SPY', right='0', primaryExchange='ARCA', currency='USD', localSymbol='SPY', tradingClass='SPY'), position=36.0, marketPrice=694.36157225, marketValue=24997.02, averageCost=692.2177778, unrealizedPNL=77.18, realizedPNL=0.0, account='DUH400053')
2026-01-16 10:13:17,722 - INFO - updatePortfolio: PortfolioItem(contract=Stock(conId=4813508, symbol='INOD', right='0', primaryExchange='NASDAQ', currency='USD', localSymbol='INOD', tradingClass='NMS'), position=393.0, marketPrice=60.0099983, marketValue=23583.93, averageCost=63.0334733, unrealizedPNL=-1188.23, realizedPNL=0.0, account='DUH400053')
2026-01-16 10:13:17,722 - INFO - updatePortfolio: PortfolioItem(contract=Stock(conId=4815747, symbol='NVDA', right='0', primaryExchange='NASDAQ', currency='USD', localSymbol='NVDA', tradingClass='NMS'), position=54.0, marketPrice=188.83999635, marketValue=10197.36, averageCost=181.32205925, unrealizedPNL=405.97, realizedPNL=0.0, account='DUH400053')
2026-01-16 10:13:17,723 - INFO - updatePortfolio: PortfolioItem(contract=Stock(conId=15124833, symbol='NFLX', right='0', primaryExchange='NASDAQ', currency='USD', localSymbol='NFLX', tradingClass='NMS'), position=278.0, marketPrice=88.5, marketValue=24603.0, averageCost=91.655, unrealizedPNL=-877.09, realizedPNL=0.0, account='DUH400053')
2026-01-16 10:13:17,723 - INFO - updatePortfolio: PortfolioItem(contract=Stock(conId=29624264, symbol='CRM', right='0', primaryExchange='NYSE', currency='USD', localSymbol='CRM', tradingClass='CRM'), position=98.0, marketPrice=234.3999939, marketValue=22971.2, averageCost=259.2602041, unrealizedPNL=-2436.3, realizedPNL=0.0, account='DUH400053')
2026-01-16 10:13:17,724 - INFO - updatePortfolio: PortfolioItem(contract=Stock(conId=76792991, symbol='TSLA', right='0', primaryExchange='NASDAQ', currency='USD', localSymbol='TSLA', tradingClass='NMS'), position=57.0, marketPrice=441.2200012, marketValue=25149.54, averageCost=440.38754385, unrealizedPNL=47.45, realizedPNL=0.0, account='DUH400053')
2026-01-16 10:13:17,724 - INFO - updatePortfolio: PortfolioItem(contract=Stock(conId=107113386, symbol='META', right='0', primaryExchange='NASDAQ', currency='USD', localSymbol='META', tradingClass='NMS'), position=38.0, marketPrice=623.2000122, marketValue=23681.6, averageCost=657.4963158, unrealizedPNL=-1303.26, realizedPNL=0.0, account='DUH400053')
2026-01-16 10:13:17,725 - INFO - updatePortfolio: PortfolioItem(contract=Stock(conId=195014116, symbol='SHOP', right='0', primaryExchange='NASDAQ', currency='USD', localSymbol='SHOP', tradingClass='NMS'), position=152.0, marketPrice=158.25, marketValue=24054.0, averageCost=166.99657895, unrealizedPNL=-1329.48, realizedPNL=0.0, account='DUH400053')
2026-01-16 10:13:17,725 - INFO - updatePortfolio: PortfolioItem(contract=Stock(conId=313130367, symbol='AVGO', right='0', primaryExchange='NASDAQ', currency='USD', localSymbol='AVGO', tradingClass='NMS'), position=75.0, marketPrice=346.05999755, marketValue=25954.5, averageCost=338.48333335, unrealizedPNL=568.25, realizedPNL=0.0, account='DUH400053')
2026-01-16 10:13:17,726 - INFO - updatePortfolio: PortfolioItem(contract=Stock(conId=320227571, symbol='QQQ', right='0', primaryExchange='NASDAQ', currency='USD', localSymbol='QQQ', tradingClass='NMS'), position=40.0, marketPrice=624.78997805, marketValue=24991.6, averageCost=623.215, unrealizedPNL=63.0, realizedPNL=0.0, account='DUH400053')
2026-01-16 10:13:17,727 - INFO - updatePortfolio: PortfolioItem(contract=Stock(conId=324651164, symbol='QUBT', right='0', primaryExchange='NASDAQ', currency='USD', localSymbol='QUBT', tradingClass='SCM'), position=535.0, marketPrice=12.4200001, marketValue=6644.7, averageCost=9.34502205, unrealizedPNL=1645.11, realizedPNL=0.0, account='DUH400053')
2026-01-16 10:13:17,727 - INFO - updatePortfolio: PortfolioItem(contract=Stock(conId=344809106, symbol='MRNA', right='0', primaryExchange='NASDAQ', currency='USD', localSymbol='MRNA', tradingClass='NMS'), position=733.0, marketPrice=39.7200012, marketValue=29114.76, averageCost=34.75431785, unrealizedPNL=3639.85, realizedPNL=0.0, account='DUH400053')
2026-01-16 10:13:17,728 - INFO - updatePortfolio: PortfolioItem(contract=Stock(conId=370757467, symbol='CRWD', right='0', primaryExchange='NASDAQ', currency='USD', localSymbol='CRWD', tradingClass='NMS'), position=53.0, marketPrice=458.1000061, marketValue=24279.3, averageCost=473.4188679, unrealizedPNL=-811.9, realizedPNL=0.0, account='DUH400053')
2026-01-16 10:13:17,728 - INFO - updatePortfolio: PortfolioItem(contract=Stock(conId=481691285, symbol='COIN', right='0', primaryExchange='NASDAQ', currency='USD', localSymbol='COIN', tradingClass='NMS'), position=36.0, marketPrice=242.1799927, marketValue=8718.48, averageCost=269.8705778, unrealizedPNL=-996.86, realizedPNL=0.0, account='DUH400053')
2026-01-16 10:13:17,729 - INFO - updatePortfolio: PortfolioItem(contract=Stock(conId=560105364, symbol='DKNG', right='0', primaryExchange='NASDAQ', currency='USD', localSymbol='DKNG', tradingClass='NMS'), position=726.0, marketPrice=35.75, marketValue=25954.5, averageCost=34.83279615, unrealizedPNL=665.89, realizedPNL=0.0, account='DUH400053')
2026-01-16 10:13:18,732 - INFO -   PDYN: 251 days
2026-01-16 10:13:19,901 - INFO -   COIN: 251 days
2026-01-16 10:13:21,116 - INFO -   TGT: 251 days
2026-01-16 10:13:22,283 - INFO -   CRWD: 251 days
2026-01-16 10:13:23,439 - INFO -   MU: 251 days
2026-01-16 10:13:24,468 - INFO -   MSTR: 251 days
2026-01-16 10:13:25,702 - INFO -   NVDA: 251 days
2026-01-16 10:13:27,050 - ERROR - Error 162, reqId 38: Historical Market Data Service error message:No market data permissions for IBIS STK, contract: Stock(conId=824106752, symbol='TKMS', exchange='IBIS', primaryExchange='IBIS', currency='EUR', localSymbol='TKMS', tradingClass='XETRA')
2026-01-16 10:13:28,236 - INFO -   META: 251 days
2026-01-16 10:13:29,385 - INFO -   QUBT: 251 days
2026-01-16 10:13:30,559 - INFO -   NFLX: 251 days
2026-01-16 10:13:31,728 - INFO -   QBTS: 251 days
2026-01-16 10:13:33,009 - INFO -   SPY: 251 days
2026-01-16 10:13:34,287 - INFO -   QQQ: 251 days
2026-01-16 10:13:35,555 - INFO -   JNJ: 251 days
2026-01-16 10:13:36,067 - INFO - Disconnecting from 127.0.0.1:7497, 3.42 kB sent in 58 messages, 409 kB received in 645 messages, session time 30.8 s.
2026-01-16 10:13:36,067 - INFO - Disconnecting
2026-01-16 10:13:36,083 - INFO - Running backtest: 251 days
2026-01-16 10:13:36,087 - INFO - Strategies: {'PLTR': 'BUY_HOLD', 'JPM': 'TREND_FOLLOW', 'NKE': 'SUPERTREND', 'MRK': 'SUPERTREND', 'AVGO': 'BUY_HOLD', 'PYPL': 'SUPERTREND', 'MRNA': 'SUPERTREND', 'UNH': 'SUPERTREND', 'SHOP': 'BUY_HOLD', 'PFE': 'SUPERTREND', 'PDYN': 'SUPERTREND', 'COIN': 'BUY_HOLD', 'TGT': 'SUPERTREND', 'CRWD': 'BUY_HOLD', 'MU': 'BUY_HOLD', 'MSTR': 'BUY_HOLD', 'NVDA': 'BUY_HOLD', 'META': 'BUY_HOLD', 'QUBT': 'BUY_HOLD', 'NFLX': 'SUPERTREND', 'QBTS': 'SUPERTREND', 'SPY': 'TREND_FOLLOW', 'QQQ': 'TREND_FOLLOW', 'JNJ': 'TREND_FOLLOW'}
2026-01-16 10:15:25,186 - INFO - Connecting to 127.0.0.1:7497 with clientId 51...
2026-01-16 10:15:25,189 - INFO - Connected
2026-01-16 10:15:25,194 - INFO - Logged on to server version 176
2026-01-16 10:15:25,202 - INFO - Warning 2104, reqId -1: Market data farm connection is OK:hfarm
2026-01-16 10:15:25,202 - INFO - Warning 2104, reqId -1: Market data farm connection is OK:eufarmnj
2026-01-16 10:15:25,203 - INFO - Warning 2104, reqId -1: Market data farm connection is OK:cashfarm
2026-01-16 10:15:25,203 - INFO - Warning 2104, reqId -1: Market data farm connection is OK:usfuture
2026-01-16 10:15:25,204 - INFO - Warning 2104, reqId -1: Market data farm connection is OK:jfarm
2026-01-16 10:15:25,205 - INFO - Warning 2104, reqId -1: Market data farm connection is OK:eufarm
2026-01-16 10:15:25,206 - INFO - Warning 2104, reqId -1: Market data farm connection is OK:usfarm
2026-01-16 10:15:25,206 - INFO - Warning 2106, reqId -1: HMDS data farm connection is OK:euhmds
2026-01-16 10:15:25,207 - INFO - Warning 2106, reqId -1: HMDS data farm connection is OK:fundfarm
2026-01-16 10:15:25,208 - INFO - Warning 2106, reqId -1: HMDS data farm connection is OK:ushmds
2026-01-16 10:15:25,208 - INFO - Warning 2158, reqId -1: Sec-def data farm connection is OK:secdefil
2026-01-16 10:15:25,209 - INFO - API connection ready
2026-01-16 10:15:25,213 - INFO - position: Position(account='DUH400053', contract=Stock(conId=9939, symbol='MU', exchange='NASDAQ', currency='USD', localSymbol='MU', tradingClass='NMS'), position=74.0, avgCost=342.7735135)
2026-01-16 10:15:25,214 - INFO - position: Position(account='DUH400053', contract=Stock(conId=313130367, symbol='AVGO', exchange='NASDAQ', currency='USD', localSymbol='AVGO', tradingClass='NMS'), position=75.0, avgCost=338.48333335)
2026-01-16 10:15:25,215 - INFO - position: Position(account='DUH400053', contract=Stock(conId=4815747, symbol='NVDA', exchange='NASDAQ', currency='USD', localSymbol='NVDA', tradingClass='NMS'), position=54.0, avgCost=181.32205925)
2026-01-16 10:15:25,215 - INFO - position: Position(account='DUH400053', contract=Stock(conId=107113386, symbol='META', exchange='NASDAQ', currency='USD', localSymbol='META', tradingClass='NMS'), position=38.0, avgCost=657.4963158)
2026-01-16 10:15:25,216 - INFO - position: Position(account='DUH400053', contract=Stock(conId=370757467, symbol='CRWD', exchange='NASDAQ', currency='USD', localSymbol='CRWD', tradingClass='NMS'), position=53.0, avgCost=473.4188679)
2026-01-16 10:15:25,216 - INFO - position: Position(account='DUH400053', contract=Stock(conId=1520593, symbol='JPM', exchange='NYSE', currency='USD', localSymbol='JPM', tradingClass='JPM'), position=77.0, avgCost=329.782987)
2026-01-16 10:15:25,217 - INFO - position: Position(account='DUH400053', contract=Stock(conId=324651164, symbol='QUBT', exchange='NASDAQ', currency='USD', localSymbol='QUBT', tradingClass='SCM'), position=535.0, avgCost=9.34502205)
2026-01-16 10:15:25,218 - INFO - position: Position(account='DUH400053', contract=Stock(conId=195014116, symbol='SHOP', exchange='NASDAQ', currency='USD', localSymbol='SHOP', tradingClass='NMS'), position=152.0, avgCost=166.99657895)
2026-01-16 10:15:25,218 - INFO - position: Position(account='DUH400053', contract=Stock(conId=756733, symbol='SPY', exchange='ARCA', currency='USD', localSymbol='SPY', tradingClass='SPY'), position=36.0, avgCost=692.2177778)
2026-01-16 10:15:25,219 - INFO - position: Position(account='DUH400053', contract=Stock(conId=560105364, symbol='DKNG', exchange='NASDAQ', currency='USD', localSymbol='DKNG', tradingClass='NMS'), position=726.0, avgCost=34.83279615)
2026-01-16 10:15:25,219 - INFO - position: Position(account='DUH400053', contract=Stock(conId=272110, symbol='MSTR', exchange='NASDAQ', currency='USD', localSymbol='MSTR', tradingClass='NMS'), position=154.0, avgCost=164.3264935)
2026-01-16 10:15:25,220 - INFO - position: Position(account='DUH400053', contract=Stock(conId=199169591, symbol='PYPL', exchange='NASDAQ', currency='USD', localSymbol='PYPL', tradingClass='NMS'), position=425.0, avgCost=59.885)
2026-01-16 10:15:25,220 - INFO - position: Position(account='DUH400053', contract=Stock(conId=640796125, symbol='PDYN', exchange='NASDAQ', currency='USD', localSymbol='PDYN', tradingClass='NMS'), position=-1400.0, avgCost=6.62266215)
2026-01-16 10:15:25,222 - INFO - position: Position(account='DUH400053', contract=Stock(conId=320227571, symbol='QQQ', exchange='NASDAQ', currency='USD', localSymbol='QQQ', tradingClass='NMS'), position=40.0, avgCost=623.215)
2026-01-16 10:15:25,222 - INFO - position: Position(account='DUH400053', contract=Stock(conId=4762, symbol='BA', exchange='NYSE', currency='USD', localSymbol='BA', tradingClass='BA'), position=632.0, avgCost=243.07768985)
2026-01-16 10:15:25,234 - INFO - position: Position(account='DUH400053', contract=Stock(conId=344809106, symbol='MRNA', exchange='NASDAQ', currency='USD', localSymbol='MRNA', tradingClass='NMS'), position=733.0, avgCost=34.75431785)
2026-01-16 10:15:25,234 - INFO - position: Position(account='DUH400053', contract=Stock(conId=11031, symbol='PFE', exchange='NYSE', currency='USD', localSymbol='PFE', tradingClass='PFE'), position=994.0, avgCost=25.655)
2026-01-16 10:15:25,235 - INFO - position: Position(account='DUH400053', contract=Stock(conId=4813508, symbol='INOD', exchange='NASDAQ', currency='USD', localSymbol='INOD', tradingClass='NMS'), position=393.0, avgCost=63.0334733)
2026-01-16 10:15:25,236 - INFO - position: Position(account='DUH400053', contract=Stock(conId=76792991, symbol='TSLA', exchange='NASDAQ', currency='USD', localSymbol='TSLA', tradingClass='NMS'), position=57.0, avgCost=440.38754385)
2026-01-16 10:15:25,237 - INFO - position: Position(account='DUH400053', contract=Stock(conId=29624264, symbol='CRM', exchange='NYSE', currency='USD', localSymbol='CRM', tradingClass='CRM'), position=98.0, avgCost=259.2602041)
2026-01-16 10:15:25,238 - INFO - position: Position(account='DUH400053', contract=Stock(conId=290651477, symbol='ROKU', exchange='NASDAQ', currency='USD', localSymbol='ROKU', tradingClass='NMS'), position=229.0, avgCost=110.755)
2026-01-16 10:15:25,238 - INFO - position: Position(account='DUH400053', contract=Stock(conId=15124833, symbol='NFLX', exchange='NASDAQ', currency='USD', localSymbol='NFLX', tradingClass='NMS'), position=278.0, avgCost=91.655)
2026-01-16 10:15:25,239 - INFO - position: Position(account='DUH400053', contract=Stock(conId=70101545, symbol='MRK', exchange='NYSE', currency='USD', localSymbol='MRK', tradingClass='MRK'), position=230.0, avgCost=110.125)
2026-01-16 10:15:25,239 - INFO - position: Position(account='DUH400053', contract=Stock(conId=6459, symbol='DIS', exchange='NYSE', currency='USD', localSymbol='DIS', tradingClass='DIS'), position=220.0, avgCost=114.9268182)
2026-01-16 10:15:25,240 - INFO - position: Position(account='DUH400053', contract=Stock(conId=12729, symbol='TER', exchange='NASDAQ', currency='USD', localSymbol='TER', tradingClass='NMS'), position=30.0, avgCost=162.53335665)
2026-01-16 10:15:25,240 - INFO - position: Position(account='DUH400053', contract=Stock(conId=10291, symbol='NKE', exchange='NYSE', currency='USD', localSymbol='NKE', tradingClass='NKE'), position=392.0, avgCost=64.94265305)
2026-01-16 10:15:25,241 - INFO - position: Position(account='DUH400053', contract=Stock(conId=481691285, symbol='COIN', exchange='NASDAQ', currency='USD', localSymbol='COIN', tradingClass='NMS'), position=36.0, avgCost=269.8705778)
2026-01-16 10:15:25,242 - INFO - position: Position(account='DUH400053', contract=Stock(conId=365207014, symbol='UBER', exchange='NYSE', currency='USD', localSymbol='UBER', tradingClass='UBER'), position=299.0, avgCost=84.51533445)
2026-01-16 10:15:25,243 - INFO - position: Position(account='DUH400053', contract=Stock(conId=4391, symbol='AMD', exchange='NASDAQ', currency='USD', localSymbol='AMD', tradingClass='NMS'), position=-40.0, avgCost=239.8498125)
2026-01-16 10:15:25,244 - INFO - position: Position(account='DUH400053', contract=Stock(conId=6437, symbol='TGT', exchange='NYSE', currency='USD', localSymbol='TGT', tradingClass='TGT'), position=244.0, avgCost=104.635)
2026-01-16 10:15:25,316 - INFO - updatePortfolio: PortfolioItem(contract=Stock(conId=4391, symbol='AMD', right='0', primaryExchange='NASDAQ', currency='USD', localSymbol='AMD', tradingClass='NMS'), position=-40.0, marketPrice=234.2799988, marketValue=-9371.2, averageCost=239.8498125, unrealizedPNL=222.79, realizedPNL=0.0, account='DUH400053')
2026-01-16 10:15:25,317 - INFO - updatePortfolio: PortfolioItem(contract=Stock(conId=313130367, symbol='AVGO', right='0', primaryExchange='NASDAQ', currency='USD', localSymbol='AVGO', tradingClass='NMS'), position=75.0, marketPrice=346.05999755, marketValue=25954.5, averageCost=338.48333335, unrealizedPNL=568.25, realizedPNL=0.0, account='DUH400053')
2026-01-16 10:15:25,321 - INFO - updatePortfolio: PortfolioItem(contract=Stock(conId=4762, symbol='BA', right='0', primaryExchange='NYSE', currency='USD', localSymbol='BA', tradingClass='BA'), position=632.0, marketPrice=248.5, marketValue=157052.0, averageCost=243.07768985, unrealizedPNL=3426.9, realizedPNL=0.0, account='DUH400053')
2026-01-16 10:15:25,324 - INFO - updatePortfolio: PortfolioItem(contract=Stock(conId=481691285, symbol='COIN', right='0', primaryExchange='NASDAQ', currency='USD', localSymbol='COIN', tradingClass='NMS'), position=36.0, marketPrice=242.1799927, marketValue=8718.48, averageCost=269.8705778, unrealizedPNL=-996.86, realizedPNL=0.0, account='DUH400053')
2026-01-16 10:15:25,325 - INFO - updatePortfolio: PortfolioItem(contract=Stock(conId=29624264, symbol='CRM', right='0', primaryExchange='NYSE', currency='USD', localSymbol='CRM', tradingClass='CRM'), position=98.0, marketPrice=234.3999939, marketValue=22971.2, averageCost=259.2602041, unrealizedPNL=-2436.3, realizedPNL=0.0, account='DUH400053')
2026-01-16 10:15:25,325 - INFO - updatePortfolio: PortfolioItem(contract=Stock(conId=370757467, symbol='CRWD', right='0', primaryExchange='NASDAQ', currency='USD', localSymbol='CRWD', tradingClass='NMS'), position=53.0, marketPrice=458.1000061, marketValue=24279.3, averageCost=473.4188679, unrealizedPNL=-811.9, realizedPNL=0.0, account='DUH400053')
2026-01-16 10:15:25,326 - INFO - updatePortfolio: PortfolioItem(contract=Stock(conId=6459, symbol='DIS', right='0', primaryExchange='NYSE', currency='USD', localSymbol='DIS', tradingClass='DIS'), position=220.0, marketPrice=113.44000245, marketValue=24956.8, averageCost=114.9268182, unrealizedPNL=-327.1, realizedPNL=0.0, account='DUH400053')
2026-01-16 10:15:25,326 - INFO - updatePortfolio: PortfolioItem(contract=Stock(conId=560105364, symbol='DKNG', right='0', primaryExchange='NASDAQ', currency='USD', localSymbol='DKNG', tradingClass='NMS'), position=726.0, marketPrice=35.75, marketValue=25954.5, averageCost=34.83279615, unrealizedPNL=665.89, realizedPNL=0.0, account='DUH400053')
2026-01-16 10:15:25,327 - INFO - updatePortfolio: PortfolioItem(contract=Stock(conId=4813508, symbol='INOD', right='0', primaryExchange='NASDAQ', currency='USD', localSymbol='INOD', tradingClass='NMS'), position=393.0, marketPrice=60.0099983, marketValue=23583.93, averageCost=63.0334733, unrealizedPNL=-1188.23, realizedPNL=0.0, account='DUH400053')
2026-01-16 10:15:25,328 - INFO - updatePortfolio: PortfolioItem(contract=Stock(conId=1520593, symbol='JPM', right='0', primaryExchange='NYSE', currency='USD', localSymbol='JPM', tradingClass='JPM'), position=77.0, marketPrice=310.5, marketValue=23908.5, averageCost=329.782987, unrealizedPNL=-1484.79, realizedPNL=0.0, account='DUH400053')
2026-01-16 10:15:25,329 - INFO - updatePortfolio: PortfolioItem(contract=Stock(conId=107113386, symbol='META', right='0', primaryExchange='NASDAQ', currency='USD', localSymbol='META', tradingClass='NMS'), position=38.0, marketPrice=623.2000122, marketValue=23681.6, averageCost=657.4963158, unrealizedPNL=-1303.26, realizedPNL=0.0, account='DUH400053')
2026-01-16 10:15:25,329 - INFO - updatePortfolio: PortfolioItem(contract=Stock(conId=70101545, symbol='MRK', right='0', primaryExchange='NYSE', currency='USD', localSymbol='MRK', tradingClass='MRK'), position=230.0, marketPrice=111.19999695, marketValue=25576.0, averageCost=110.125, unrealizedPNL=247.25, realizedPNL=0.0, account='DUH400053')
2026-01-16 10:15:25,341 - INFO - updatePortfolio: PortfolioItem(contract=Stock(conId=344809106, symbol='MRNA', right='0', primaryExchange='NASDAQ', currency='USD', localSymbol='MRNA', tradingClass='NMS'), position=733.0, marketPrice=39.7200012, marketValue=29114.76, averageCost=34.75431785, unrealizedPNL=3639.85, realizedPNL=0.0, account='DUH400053')
2026-01-16 10:15:25,341 - INFO - updatePortfolio: PortfolioItem(contract=Stock(conId=272110, symbol='MSTR', right='0', primaryExchange='NASDAQ', currency='USD', localSymbol='MSTR', tradingClass='NMS'), position=154.0, marketPrice=173.27000425, marketValue=26683.58, averageCost=164.3264935, unrealizedPNL=1377.3, realizedPNL=0.0, account='DUH400053')
2026-01-16 10:15:25,342 - INFO - updatePortfolio: PortfolioItem(contract=Stock(conId=9939, symbol='MU', right='0', primaryExchange='NASDAQ', currency='USD', localSymbol='MU', tradingClass='NMS'), position=74.0, marketPrice=349.75, marketValue=25881.5, averageCost=342.7735135, unrealizedPNL=516.26, realizedPNL=0.0, account='DUH400053')
2026-01-16 10:15:25,343 - INFO - updatePortfolio: PortfolioItem(contract=Stock(conId=15124833, symbol='NFLX', right='0', primaryExchange='NASDAQ', currency='USD', localSymbol='NFLX', tradingClass='NMS'), position=278.0, marketPrice=88.5, marketValue=24603.0, averageCost=91.655, unrealizedPNL=-877.09, realizedPNL=0.0, account='DUH400053')
2026-01-16 10:15:25,343 - INFO - updatePortfolio: PortfolioItem(contract=Stock(conId=10291, symbol='NKE', right='0', primaryExchange='NYSE', currency='USD', localSymbol='NKE', tradingClass='NKE'), position=392.0, marketPrice=64.76000215, marketValue=25385.92, averageCost=64.94265305, unrealizedPNL=-71.6, realizedPNL=0.0, account='DUH400053')
2026-01-16 10:15:25,344 - INFO - updatePortfolio: PortfolioItem(contract=Stock(conId=4815747, symbol='NVDA', right='0', primaryExchange='NASDAQ', currency='USD', localSymbol='NVDA', tradingClass='NMS'), position=54.0, marketPrice=188.83999635, marketValue=10197.36, averageCost=181.32205925, unrealizedPNL=405.97, realizedPNL=0.0, account='DUH400053')
2026-01-16 10:15:25,346 - INFO - updatePortfolio: PortfolioItem(contract=Stock(conId=640796125, symbol='PDYN', right='0', primaryExchange='NASDAQ', currency='USD', localSymbol='PDYN', tradingClass='NMS'), position=-1400.0, marketPrice=7.0300002, marketValue=-9842.0, averageCost=6.62266215, unrealizedPNL=-570.27, realizedPNL=0.0, account='DUH400053')
2026-01-16 10:15:25,347 - INFO - updatePortfolio: PortfolioItem(contract=Stock(conId=11031, symbol='PFE', right='0', primaryExchange='NYSE', currency='USD', localSymbol='PFE', tradingClass='PFE'), position=994.0, marketPrice=25.84000015, marketValue=25684.96, averageCost=25.655, unrealizedPNL=183.89, realizedPNL=0.0, account='DUH400053')
2026-01-16 10:15:25,348 - INFO - updatePortfolio: PortfolioItem(contract=Stock(conId=199169591, symbol='PYPL', right='0', primaryExchange='NASDAQ', currency='USD', localSymbol='PYPL', tradingClass='NMS'), position=425.0, marketPrice=56.9300003, marketValue=24195.25, averageCost=59.885, unrealizedPNL=-1255.87, realizedPNL=0.0, account='DUH400053')
2026-01-16 10:15:25,348 - INFO - updatePortfolio: PortfolioItem(contract=Stock(conId=320227571, symbol='QQQ', right='0', primaryExchange='NASDAQ', currency='USD', localSymbol='QQQ', tradingClass='NMS'), position=40.0, marketPrice=624.78997805, marketValue=24991.6, averageCost=623.215, unrealizedPNL=63.0, realizedPNL=0.0, account='DUH400053')
2026-01-16 10:15:25,349 - INFO - updatePortfolio: PortfolioItem(contract=Stock(conId=324651164, symbol='QUBT', right='0', primaryExchange='NASDAQ', currency='USD', localSymbol='QUBT', tradingClass='SCM'), position=535.0, marketPrice=12.4200001, marketValue=6644.7, averageCost=9.34502205, unrealizedPNL=1645.11, realizedPNL=0.0, account='DUH400053')
2026-01-16 10:15:25,350 - INFO - updatePortfolio: PortfolioItem(contract=Stock(conId=290651477, symbol='ROKU', right='0', primaryExchange='NASDAQ', currency='USD', localSymbol='ROKU', tradingClass='NMS'), position=229.0, marketPrice=104.98000335, marketValue=24040.42, averageCost=110.755, unrealizedPNL=-1322.47, realizedPNL=0.0, account='DUH400053')
2026-01-16 10:15:25,351 - INFO - updatePortfolio: PortfolioItem(contract=Stock(conId=195014116, symbol='SHOP', right='0', primaryExchange='NASDAQ', currency='USD', localSymbol='SHOP', tradingClass='NMS'), position=152.0, marketPrice=158.25, marketValue=24054.0, averageCost=166.99657895, unrealizedPNL=-1329.48, realizedPNL=0.0, account='DUH400053')
2026-01-16 10:15:25,351 - INFO - updatePortfolio: PortfolioItem(contract=Stock(conId=756733, symbol='SPY', right='0', primaryExchange='ARCA', currency='USD', localSymbol='SPY', tradingClass='SPY'), position=36.0, marketPrice=694.36157225, marketValue=24997.02, averageCost=692.2177778, unrealizedPNL=77.18, realizedPNL=0.0, account='DUH400053')
2026-01-16 10:15:25,352 - INFO - updatePortfolio: PortfolioItem(contract=Stock(conId=12729, symbol='TER', right='0', primaryExchange='NASDAQ', currency='USD', localSymbol='TER', tradingClass='NMS'), position=30.0, marketPrice=230.0700073, marketValue=6902.1, averageCost=162.53335665, unrealizedPNL=2026.1, realizedPNL=0.0, account='DUH400053')
2026-01-16 10:15:25,352 - INFO - updatePortfolio: PortfolioItem(contract=Stock(conId=6437, symbol='TGT', right='0', primaryExchange='NYSE', currency='USD', localSymbol='TGT', tradingClass='TGT'), position=244.0, marketPrice=111.40000155, marketValue=27181.6, averageCost=104.635, unrealizedPNL=1650.66, realizedPNL=0.0, account='DUH400053')
2026-01-16 10:15:25,353 - INFO - updatePortfolio: PortfolioItem(contract=Stock(conId=76792991, symbol='TSLA', right='0', primaryExchange='NASDAQ', currency='USD', localSymbol='TSLA', tradingClass='NMS'), position=57.0, marketPrice=441.2200012, marketValue=25149.54, averageCost=440.38754385, unrealizedPNL=47.45, realizedPNL=0.0, account='DUH400053')
2026-01-16 10:15:25,354 - INFO - updatePortfolio: PortfolioItem(contract=Stock(conId=365207014, symbol='UBER', right='0', primaryExchange='NYSE', currency='USD', localSymbol='UBER', tradingClass='UBER'), position=299.0, marketPrice=84.44999695, marketValue=25250.55, averageCost=84.51533445, unrealizedPNL=-19.54, realizedPNL=0.0, account='DUH400053')
2026-01-16 10:15:25,358 - INFO - Synchronization complete
2026-01-16 10:15:25,358 - INFO - Connected to IB. Fetching data for 25 symbols...
2026-01-16 10:15:25,907 - INFO -   QBTS: 251 days
2026-01-16 10:15:26,928 - INFO -   META: 251 days
2026-01-16 10:15:27,957 - INFO -   NFLX: 251 days
2026-01-16 10:15:28,999 - INFO -   MU: 251 days
2026-01-16 10:15:30,047 - INFO -   PYPL: 251 days
2026-01-16 10:15:31,097 - INFO -   NKE: 251 days
2026-01-16 10:15:32,129 - INFO -   CRWD: 251 days
2026-01-16 10:15:33,186 - INFO -   TGT: 251 days
2026-01-16 10:15:34,221 - INFO -   MSTR: 251 days
2026-01-16 10:15:35,256 - INFO -   MRNA: 251 days
2026-01-16 10:15:36,299 - INFO -   PFE: 251 days
2026-01-16 10:15:37,349 - INFO -   JNJ: 251 days
2026-01-16 10:15:38,393 - INFO -   JPM: 251 days
2026-01-16 10:15:39,420 - INFO -   PLTR: 251 days
2026-01-16 10:15:40,457 - INFO -   SPY: 251 days
2026-01-16 10:15:41,611 - INFO -   SHOP: 251 days
2026-01-16 10:15:42,647 - INFO -   PDYN: 251 days
2026-01-16 10:15:43,687 - INFO -   NVDA: 251 days
2026-01-16 10:15:44,726 - INFO -   UNH: 251 days
2026-01-16 10:15:45,515 - ERROR - Error 162, reqId 42: Historical Market Data Service error message:No market data permissions for IBIS STK, contract: Stock(conId=824106752, symbol='TKMS', exchange='IBIS', primaryExchange='IBIS', currency='EUR', localSymbol='TKMS', tradingClass='XETRA')
2026-01-16 10:15:46,541 - INFO -   QUBT: 251 days
2026-01-16 10:15:47,592 - INFO -   MRK: 251 days
2026-01-16 10:15:48,625 - INFO -   COIN: 251 days
2026-01-16 10:15:49,672 - INFO -   QQQ: 251 days
2026-01-16 10:15:50,707 - INFO -   AVGO: 251 days
2026-01-16 10:15:51,215 - INFO - Disconnecting from 127.0.0.1:7497, 3.42 kB sent in 58 messages, 402 kB received in 495 messages, session time 26.0 s.
2026-01-16 10:15:51,216 - INFO - Disconnecting
2026-01-16 10:15:51,236 - INFO - Running backtest: 251 days
2026-01-16 10:15:51,236 - INFO - Strategies: {'QBTS': 'SUPERTREND', 'META': 'BUY_HOLD', 'NFLX': 'SUPERTREND', 'MU': 'BUY_HOLD', 'PYPL': 'SUPERTREND', 'NKE': 'SUPERTREND', 'CRWD': 'BUY_HOLD', 'TGT': 'SUPERTREND', 'MSTR': 'BUY_HOLD', 'MRNA': 'SUPERTREND', 'PFE': 'SUPERTREND', 'JNJ': 'TREND_FOLLOW', 'JPM': 'TREND_FOLLOW', 'PLTR': 'BUY_HOLD', 'SPY': 'TREND_FOLLOW', 'SHOP': 'BUY_HOLD', 'PDYN': 'SUPERTREND', 'NVDA': 'BUY_HOLD', 'UNH': 'SUPERTREND', 'QUBT': 'BUY_HOLD', 'MRK': 'SUPERTREND', 'COIN': 'BUY_HOLD', 'QQQ': 'TREND_FOLLOW', 'AVGO': 'BUY_HOLD'}
2026-01-16 10:45:15,524 - INFO - Connecting to 127.0.0.1:7497 with clientId 51...
2026-01-16 10:45:15,525 - INFO - Connected
2026-01-16 10:45:15,530 - INFO - Logged on to server version 176
2026-01-16 10:45:15,534 - INFO - Warning 2104, reqId -1: Market data farm connection is OK:hfarm
2026-01-16 10:45:15,534 - INFO - Warning 2104, reqId -1: Market data farm connection is OK:eufarmnj
2026-01-16 10:45:15,535 - INFO - Warning 2104, reqId -1: Market data farm connection is OK:cashfarm
2026-01-16 10:45:15,535 - INFO - Warning 2104, reqId -1: Market data farm connection is OK:usfuture
2026-01-16 10:45:15,536 - INFO - Warning 2104, reqId -1: Market data farm connection is OK:jfarm
2026-01-16 10:45:15,536 - INFO - Warning 2104, reqId -1: Market data farm connection is OK:eufarm
2026-01-16 10:45:15,536 - INFO - Warning 2104, reqId -1: Market data farm connection is OK:usfarm
2026-01-16 10:45:15,537 - INFO - Warning 2106, reqId -1: HMDS data farm connection is OK:euhmds
2026-01-16 10:45:15,537 - INFO - Warning 2106, reqId -1: HMDS data farm connection is OK:fundfarm
2026-01-16 10:45:15,537 - INFO - Warning 2106, reqId -1: HMDS data farm connection is OK:ushmds
2026-01-16 10:45:15,541 - INFO - Warning 2158, reqId -1: Sec-def data farm connection is OK:secdefil
2026-01-16 10:45:15,542 - INFO - API connection ready
2026-01-16 10:45:15,544 - INFO - position: Position(account='DUH400053', contract=Stock(conId=9939, symbol='MU', exchange='NASDAQ', currency='USD', localSymbol='MU', tradingClass='NMS'), position=74.0, avgCost=342.7735135)
2026-01-16 10:45:15,545 - INFO - position: Position(account='DUH400053', contract=Stock(conId=313130367, symbol='AVGO', exchange='NASDAQ', currency='USD', localSymbol='AVGO', tradingClass='NMS'), position=75.0, avgCost=338.48333335)
2026-01-16 10:45:15,546 - INFO - position: Position(account='DUH400053', contract=Stock(conId=4815747, symbol='NVDA', exchange='NASDAQ', currency='USD', localSymbol='NVDA', tradingClass='NMS'), position=54.0, avgCost=181.32205925)
2026-01-16 10:45:15,546 - INFO - position: Position(account='DUH400053', contract=Stock(conId=107113386, symbol='META', exchange='NASDAQ', currency='USD', localSymbol='META', tradingClass='NMS'), position=38.0, avgCost=657.4963158)
2026-01-16 10:45:15,547 - INFO - position: Position(account='DUH400053', contract=Stock(conId=370757467, symbol='CRWD', exchange='NASDAQ', currency='USD', localSymbol='CRWD', tradingClass='NMS'), position=53.0, avgCost=473.4188679)
2026-01-16 10:45:15,547 - INFO - position: Position(account='DUH400053', contract=Stock(conId=1520593, symbol='JPM', exchange='NYSE', currency='USD', localSymbol='JPM', tradingClass='JPM'), position=77.0, avgCost=329.782987)
2026-01-16 10:45:15,548 - INFO - position: Position(account='DUH400053', contract=Stock(conId=324651164, symbol='QUBT', exchange='NASDAQ', currency='USD', localSymbol='QUBT', tradingClass='SCM'), position=535.0, avgCost=9.34502205)
2026-01-16 10:45:15,548 - INFO - position: Position(account='DUH400053', contract=Stock(conId=195014116, symbol='SHOP', exchange='NASDAQ', currency='USD', localSymbol='SHOP', tradingClass='NMS'), position=152.0, avgCost=166.99657895)
2026-01-16 10:45:15,549 - INFO - position: Position(account='DUH400053', contract=Stock(conId=756733, symbol='SPY', exchange='ARCA', currency='USD', localSymbol='SPY', tradingClass='SPY'), position=36.0, avgCost=692.2177778)
2026-01-16 10:45:15,550 - INFO - position: Position(account='DUH400053', contract=Stock(conId=560105364, symbol='DKNG', exchange='NASDAQ', currency='USD', localSymbol='DKNG', tradingClass='NMS'), position=726.0, avgCost=34.83279615)
2026-01-16 10:45:15,550 - INFO - position: Position(account='DUH400053', contract=Stock(conId=272110, symbol='MSTR', exchange='NASDAQ', currency='USD', localSymbol='MSTR', tradingClass='NMS'), position=154.0, avgCost=164.3264935)
2026-01-16 10:45:15,551 - INFO - position: Position(account='DUH400053', contract=Stock(conId=199169591, symbol='PYPL', exchange='NASDAQ', currency='USD', localSymbol='PYPL', tradingClass='NMS'), position=425.0, avgCost=59.885)
2026-01-16 10:45:15,551 - INFO - position: Position(account='DUH400053', contract=Stock(conId=640796125, symbol='PDYN', exchange='NASDAQ', currency='USD', localSymbol='PDYN', tradingClass='NMS'), position=-1400.0, avgCost=6.62266215)
2026-01-16 10:45:15,552 - INFO - position: Position(account='DUH400053', contract=Stock(conId=320227571, symbol='QQQ', exchange='NASDAQ', currency='USD', localSymbol='QQQ', tradingClass='NMS'), position=40.0, avgCost=623.215)
2026-01-16 10:45:15,552 - INFO - position: Position(account='DUH400053', contract=Stock(conId=4762, symbol='BA', exchange='NYSE', currency='USD', localSymbol='BA', tradingClass='BA'), position=632.0, avgCost=243.07768985)
2026-01-16 10:45:15,553 - INFO - position: Position(account='DUH400053', contract=Stock(conId=344809106, symbol='MRNA', exchange='NASDAQ', currency='USD', localSymbol='MRNA', tradingClass='NMS'), position=733.0, avgCost=34.75431785)
2026-01-16 10:45:15,554 - INFO - position: Position(account='DUH400053', contract=Stock(conId=11031, symbol='PFE', exchange='NYSE', currency='USD', localSymbol='PFE', tradingClass='PFE'), position=994.0, avgCost=25.655)
2026-01-16 10:45:15,554 - INFO - position: Position(account='DUH400053', contract=Stock(conId=4813508, symbol='INOD', exchange='NASDAQ', currency='USD', localSymbol='INOD', tradingClass='NMS'), position=393.0, avgCost=63.0334733)
2026-01-16 10:45:15,555 - INFO - position: Position(account='DUH400053', contract=Stock(conId=76792991, symbol='TSLA', exchange='NASDAQ', currency='USD', localSymbol='TSLA', tradingClass='NMS'), position=57.0, avgCost=440.38754385)
2026-01-16 10:45:15,555 - INFO - position: Position(account='DUH400053', contract=Stock(conId=29624264, symbol='CRM', exchange='NYSE', currency='USD', localSymbol='CRM', tradingClass='CRM'), position=98.0, avgCost=259.2602041)
2026-01-16 10:45:15,556 - INFO - position: Position(account='DUH400053', contract=Stock(conId=290651477, symbol='ROKU', exchange='NASDAQ', currency='USD', localSymbol='ROKU', tradingClass='NMS'), position=229.0, avgCost=110.755)
2026-01-16 10:45:15,556 - INFO - position: Position(account='DUH400053', contract=Stock(conId=15124833, symbol='NFLX', exchange='NASDAQ', currency='USD', localSymbol='NFLX', tradingClass='NMS'), position=278.0, avgCost=91.655)
2026-01-16 10:45:15,557 - INFO - position: Position(account='DUH400053', contract=Stock(conId=70101545, symbol='MRK', exchange='NYSE', currency='USD', localSymbol='MRK', tradingClass='MRK'), position=230.0, avgCost=110.125)
2026-01-16 10:45:15,571 - INFO - position: Position(account='DUH400053', contract=Stock(conId=6459, symbol='DIS', exchange='NYSE', currency='USD', localSymbol='DIS', tradingClass='DIS'), position=220.0, avgCost=114.9268182)
2026-01-16 10:45:15,572 - INFO - position: Position(account='DUH400053', contract=Stock(conId=12729, symbol='TER', exchange='NASDAQ', currency='USD', localSymbol='TER', tradingClass='NMS'), position=30.0, avgCost=162.53335665)
2026-01-16 10:45:15,573 - INFO - position: Position(account='DUH400053', contract=Stock(conId=10291, symbol='NKE', exchange='NYSE', currency='USD', localSymbol='NKE', tradingClass='NKE'), position=392.0, avgCost=64.94265305)
2026-01-16 10:45:15,574 - INFO - position: Position(account='DUH400053', contract=Stock(conId=481691285, symbol='COIN', exchange='NASDAQ', currency='USD', localSymbol='COIN', tradingClass='NMS'), position=36.0, avgCost=269.8705778)
2026-01-16 10:45:15,574 - INFO - position: Position(account='DUH400053', contract=Stock(conId=365207014, symbol='UBER', exchange='NYSE', currency='USD', localSymbol='UBER', tradingClass='UBER'), position=299.0, avgCost=84.51533445)
2026-01-16 10:45:15,575 - INFO - position: Position(account='DUH400053', contract=Stock(conId=4391, symbol='AMD', exchange='NASDAQ', currency='USD', localSymbol='AMD', tradingClass='NMS'), position=-40.0, avgCost=239.8498125)
2026-01-16 10:45:15,575 - INFO - position: Position(account='DUH400053', contract=Stock(conId=6437, symbol='TGT', exchange='NYSE', currency='USD', localSymbol='TGT', tradingClass='TGT'), position=244.0, avgCost=104.635)
2026-01-16 10:45:15,647 - INFO - updatePortfolio: PortfolioItem(contract=Stock(conId=4391, symbol='AMD', right='0', primaryExchange='NASDAQ', currency='USD', localSymbol='AMD', tradingClass='NMS'), position=-40.0, marketPrice=234.16000365, marketValue=-9366.4, averageCost=239.8498125, unrealizedPNL=227.59, realizedPNL=0.0, account='DUH400053')
2026-01-16 10:45:15,648 - INFO - updatePortfolio: PortfolioItem(contract=Stock(conId=313130367, symbol='AVGO', right='0', primaryExchange='NASDAQ', currency='USD', localSymbol='AVGO', tradingClass='NMS'), position=75.0, marketPrice=346.2000122, marketValue=25965.0, averageCost=338.48333335, unrealizedPNL=578.75, realizedPNL=0.0, account='DUH400053')
2026-01-16 10:45:15,652 - INFO - updatePortfolio: PortfolioItem(contract=Stock(conId=4762, symbol='BA', right='0', primaryExchange='NYSE', currency='USD', localSymbol='BA', tradingClass='BA'), position=632.0, marketPrice=248.55999755, marketValue=157089.92, averageCost=243.07768985, unrealizedPNL=3464.82, realizedPNL=0.0, account='DUH400053')
2026-01-16 10:45:15,652 - INFO - updatePortfolio: PortfolioItem(contract=Stock(conId=481691285, symbol='COIN', right='0', primaryExchange='NASDAQ', currency='USD', localSymbol='COIN', tradingClass='NMS'), position=36.0, marketPrice=242.30999755, marketValue=8723.16, averageCost=269.8705778, unrealizedPNL=-992.18, realizedPNL=0.0, account='DUH400053')
2026-01-16 10:45:15,653 - INFO - updatePortfolio: PortfolioItem(contract=Stock(conId=29624264, symbol='CRM', right='0', primaryExchange='NYSE', currency='USD', localSymbol='CRM', tradingClass='CRM'), position=98.0, marketPrice=234.3999939, marketValue=22971.2, averageCost=259.2602041, unrealizedPNL=-2436.3, realizedPNL=0.0, account='DUH400053')
2026-01-16 10:45:15,654 - INFO - updatePortfolio: PortfolioItem(contract=Stock(conId=370757467, symbol='CRWD', right='0', primaryExchange='NASDAQ', currency='USD', localSymbol='CRWD', tradingClass='NMS'), position=53.0, marketPrice=458.14001465, marketValue=24281.42, averageCost=473.4188679, unrealizedPNL=-809.78, realizedPNL=0.0, account='DUH400053')
2026-01-16 10:45:15,655 - INFO - updatePortfolio: PortfolioItem(contract=Stock(conId=6459, symbol='DIS', right='0', primaryExchange='NYSE', currency='USD', localSymbol='DIS', tradingClass='DIS'), position=220.0, marketPrice=113.44000245, marketValue=24956.8, averageCost=114.9268182, unrealizedPNL=-327.1, realizedPNL=0.0, account='DUH400053')
2026-01-16 10:45:15,655 - INFO - updatePortfolio: PortfolioItem(contract=Stock(conId=560105364, symbol='DKNG', right='0', primaryExchange='NASDAQ', currency='USD', localSymbol='DKNG', tradingClass='NMS'), position=726.0, marketPrice=35.75, marketValue=25954.5, averageCost=34.83279615, unrealizedPNL=665.89, realizedPNL=0.0, account='DUH400053')
2026-01-16 10:45:15,656 - INFO - updatePortfolio: PortfolioItem(contract=Stock(conId=4813508, symbol='INOD', right='0', primaryExchange='NASDAQ', currency='USD', localSymbol='INOD', tradingClass='NMS'), position=393.0, marketPrice=60.15000155, marketValue=23638.95, averageCost=63.0334733, unrealizedPNL=-1133.2, realizedPNL=0.0, account='DUH400053')
2026-01-16 10:45:15,656 - INFO - updatePortfolio: PortfolioItem(contract=Stock(conId=1520593, symbol='JPM', right='0', primaryExchange='NYSE', currency='USD', localSymbol='JPM', tradingClass='JPM'), position=77.0, marketPrice=310.75, marketValue=23927.75, averageCost=329.782987, unrealizedPNL=-1465.54, realizedPNL=0.0, account='DUH400053')
2026-01-16 10:45:15,657 - INFO - updatePortfolio: PortfolioItem(contract=Stock(conId=107113386, symbol='META', right='0', primaryExchange='NASDAQ', currency='USD', localSymbol='META', tradingClass='NMS'), position=38.0, marketPrice=622.9000244, marketValue=23670.2, averageCost=657.4963158, unrealizedPNL=-1314.66, realizedPNL=0.0, account='DUH400053')
2026-01-16 10:45:15,658 - INFO - updatePortfolio: PortfolioItem(contract=Stock(conId=70101545, symbol='MRK', right='0', primaryExchange='NYSE', currency='USD', localSymbol='MRK', tradingClass='MRK'), position=230.0, marketPrice=111.19999695, marketValue=25576.0, averageCost=110.125, unrealizedPNL=247.25, realizedPNL=0.0, account='DUH400053')
2026-01-16 10:45:15,658 - INFO - updatePortfolio: PortfolioItem(contract=Stock(conId=344809106, symbol='MRNA', right='0', primaryExchange='NASDAQ', currency='USD', localSymbol='MRNA', tradingClass='NMS'), position=733.0, marketPrice=39.66999815, marketValue=29078.11, averageCost=34.75431785, unrealizedPNL=3603.19, realizedPNL=0.0, account='DUH400053')
2026-01-16 10:45:15,659 - INFO - updatePortfolio: PortfolioItem(contract=Stock(conId=272110, symbol='MSTR', right='0', primaryExchange='NASDAQ', currency='USD', localSymbol='MSTR', tradingClass='NMS'), position=154.0, marketPrice=173.44000245, marketValue=26709.76, averageCost=164.3264935, unrealizedPNL=1403.48, realizedPNL=0.0, account='DUH400053')
2026-01-16 10:45:15,659 - INFO - updatePortfolio: PortfolioItem(contract=Stock(conId=9939, symbol='MU', right='0', primaryExchange='NASDAQ', currency='USD', localSymbol='MU', tradingClass='NMS'), position=74.0, marketPrice=353.2799988, marketValue=26142.72, averageCost=342.7735135, unrealizedPNL=777.48, realizedPNL=0.0, account='DUH400053')
2026-01-16 10:45:15,660 - INFO - updatePortfolio: PortfolioItem(contract=Stock(conId=15124833, symbol='NFLX', right='0', primaryExchange='NASDAQ', currency='USD', localSymbol='NFLX', tradingClass='NMS'), position=278.0, marketPrice=88.5299988, marketValue=24611.34, averageCost=91.655, unrealizedPNL=-868.75, realizedPNL=0.0, account='DUH400053')
2026-01-16 10:45:15,660 - INFO - updatePortfolio: PortfolioItem(contract=Stock(conId=10291, symbol='NKE', right='0', primaryExchange='NYSE', currency='USD', localSymbol='NKE', tradingClass='NKE'), position=392.0, marketPrice=64.80000305, marketValue=25401.6, averageCost=64.94265305, unrealizedPNL=-55.92, realizedPNL=0.0, account='DUH400053')
2026-01-16 10:45:15,661 - INFO - updatePortfolio: PortfolioItem(contract=Stock(conId=4815747, symbol='NVDA', right='0', primaryExchange='NASDAQ', currency='USD', localSymbol='NVDA', tradingClass='NMS'), position=54.0, marketPrice=188.72999575, marketValue=10191.42, averageCost=181.32205925, unrealizedPNL=400.03, realizedPNL=0.0, account='DUH400053')
2026-01-16 10:45:15,662 - INFO - updatePortfolio: PortfolioItem(contract=Stock(conId=640796125, symbol='PDYN', right='0', primaryExchange='NASDAQ', currency='USD', localSymbol='PDYN', tradingClass='NMS'), position=-1400.0, marketPrice=7.0300002, marketValue=-9842.0, averageCost=6.62266215, unrealizedPNL=-570.27, realizedPNL=0.0, account='DUH400053')
2026-01-16 10:45:15,662 - INFO - updatePortfolio: PortfolioItem(contract=Stock(conId=11031, symbol='PFE', right='0', primaryExchange='NYSE', currency='USD', localSymbol='PFE', tradingClass='PFE'), position=994.0, marketPrice=25.80999945, marketValue=25655.14, averageCost=25.655, unrealizedPNL=154.07, realizedPNL=0.0, account='DUH400053')
2026-01-16 10:45:15,663 - INFO - updatePortfolio: PortfolioItem(contract=Stock(conId=199169591, symbol='PYPL', right='0', primaryExchange='NASDAQ', currency='USD', localSymbol='PYPL', tradingClass='NMS'), position=425.0, marketPrice=56.91999815, marketValue=24191.0, averageCost=59.885, unrealizedPNL=-1260.13, realizedPNL=0.0, account='DUH400053')
2026-01-16 10:45:15,663 - INFO - updatePortfolio: PortfolioItem(contract=Stock(conId=320227571, symbol='QQQ', right='0', primaryExchange='NASDAQ', currency='USD', localSymbol='QQQ', tradingClass='NMS'), position=40.0, marketPrice=624.6799927, marketValue=24987.2, averageCost=623.215, unrealizedPNL=58.6, realizedPNL=0.0, account='DUH400053')
2026-01-16 10:45:15,664 - INFO - updatePortfolio: PortfolioItem(contract=Stock(conId=324651164, symbol='QUBT', right='0', primaryExchange='NASDAQ', currency='USD', localSymbol='QUBT', tradingClass='SCM'), position=535.0, marketPrice=12.4200001, marketValue=6644.7, averageCost=9.34502205, unrealizedPNL=1645.11, realizedPNL=0.0, account='DUH400053')
2026-01-16 10:45:15,676 - INFO - updatePortfolio: PortfolioItem(contract=Stock(conId=290651477, symbol='ROKU', right='0', primaryExchange='NASDAQ', currency='USD', localSymbol='ROKU', tradingClass='NMS'), position=229.0, marketPrice=104.98000335, marketValue=24040.42, averageCost=110.755, unrealizedPNL=-1322.47, realizedPNL=0.0, account='DUH400053')
2026-01-16 10:45:15,677 - INFO - updatePortfolio: PortfolioItem(contract=Stock(conId=195014116, symbol='SHOP', right='0', primaryExchange='NASDAQ', currency='USD', localSymbol='SHOP', tradingClass='NMS'), position=152.0, marketPrice=158.25, marketValue=24054.0, averageCost=166.99657895, unrealizedPNL=-1329.48, realizedPNL=0.0, account='DUH400053')
2026-01-16 10:45:15,677 - INFO - updatePortfolio: PortfolioItem(contract=Stock(conId=756733, symbol='SPY', right='0', primaryExchange='ARCA', currency='USD', localSymbol='SPY', tradingClass='SPY'), position=36.0, marketPrice=694.2234497, marketValue=24992.04, averageCost=692.2177778, unrealizedPNL=72.2, realizedPNL=0.0, account='DUH400053')
2026-01-16 10:45:15,678 - INFO - updatePortfolio: PortfolioItem(contract=Stock(conId=12729, symbol='TER', right='0', primaryExchange='NASDAQ', currency='USD', localSymbol='TER', tradingClass='NMS'), position=30.0, marketPrice=230.08000185, marketValue=6902.4, averageCost=162.53335665, unrealizedPNL=2026.4, realizedPNL=0.0, account='DUH400053')
2026-01-16 10:45:15,678 - INFO - updatePortfolio: PortfolioItem(contract=Stock(conId=6437, symbol='TGT', right='0', primaryExchange='NYSE', currency='USD', localSymbol='TGT', tradingClass='TGT'), position=244.0, marketPrice=111.40000155, marketValue=27181.6, averageCost=104.635, unrealizedPNL=1650.66, realizedPNL=0.0, account='DUH400053')
2026-01-16 10:45:15,679 - INFO - updatePortfolio: PortfolioItem(contract=Stock(conId=76792991, symbol='TSLA', right='0', primaryExchange='NASDAQ', currency='USD', localSymbol='TSLA', tradingClass='NMS'), position=57.0, marketPrice=440.6499939, marketValue=25117.05, averageCost=440.38754385, unrealizedPNL=14.96, realizedPNL=0.0, account='DUH400053')
2026-01-16 10:45:15,679 - INFO - updatePortfolio: PortfolioItem(contract=Stock(conId=365207014, symbol='UBER', right='0', primaryExchange='NYSE', currency='USD', localSymbol='UBER', tradingClass='UBER'), position=299.0, marketPrice=84.48999785, marketValue=25262.51, averageCost=84.51533445, unrealizedPNL=-7.58, realizedPNL=0.0, account='DUH400053')
2026-01-16 10:45:15,683 - INFO - Synchronization complete
2026-01-16 10:45:15,683 - INFO - Connected to IB. Fetching data for 60 symbols...
2026-01-16 10:45:16,218 - INFO -   MA: 251 days
2026-01-16 10:45:17,274 - INFO -   MRK: 251 days
2026-01-16 10:45:18,327 - INFO -   DIA: 251 days
2026-01-16 10:45:19,512 - INFO -   DRH: 251 days
2026-01-16 10:45:20,673 - INFO -   JPM: 251 days
2026-01-16 10:45:21,708 - INFO -   TSLA: 251 days
2026-01-16 10:45:22,750 - INFO -   BABA: 251 days
2026-01-16 10:45:23,777 - INFO -   MRNA: 251 days
2026-01-16 10:45:24,813 - INFO -   DKNG: 251 days
2026-01-16 10:45:25,865 - INFO -   LCID: 251 days
2026-01-16 10:45:26,921 - INFO -   MU: 251 days
2026-01-16 10:45:27,967 - INFO -   XLF: 251 days
2026-01-16 10:45:29,015 - INFO -   AFRM: 251 days
2026-01-16 10:45:30,066 - INFO -   UBER: 251 days
2026-01-16 10:45:30,852 - ERROR - Error 162, reqId 32: Historical Market Data Service error message:No market data permissions for IBIS STK, contract: Stock(conId=824106752, symbol='TKMS', exchange='IBIS', primaryExchange='IBIS', currency='EUR', localSymbol='TKMS', tradingClass='XETRA')
2026-01-16 10:45:31,901 - INFO -   QBTS: 251 days
2026-01-16 10:45:32,939 - INFO -   PDYN: 251 days
2026-01-16 10:45:34,003 - INFO -   RIVN: 251 days
2026-01-16 10:45:35,034 - INFO -   MSTR: 251 days
2026-01-16 10:45:36,067 - INFO -   QUBT: 251 days
2026-01-16 10:45:37,105 - INFO -   NFLX: 251 days
2026-01-16 10:45:38,153 - INFO -   ADBE: 251 days
2026-01-16 10:45:39,214 - INFO -   LLY: 251 days
2026-01-16 10:45:40,269 - INFO -   SNOW: 251 days
2026-01-16 10:45:41,303 - INFO -   AMZN: 251 days
2026-01-16 10:45:42,385 - INFO -   VOO: 251 days
2026-01-16 10:45:43,433 - INFO -   MSFT: 251 days
2026-01-16 10:45:44,489 - INFO -   UNH: 251 days
2026-01-16 10:45:45,518 - INFO -   META: 251 days
2026-01-16 10:45:46,561 - INFO -   TGT: 251 days
2026-01-16 10:45:47,609 - INFO -   IWM: 251 days
2026-01-16 10:45:48,649 - INFO -   SPY: 251 days
2026-01-16 10:45:49,700 - INFO -   NIO: 251 days
2026-01-16 10:45:50,738 - INFO -   JNJ: 251 days
2026-01-16 10:45:51,781 - INFO -   PANW: 251 days
2026-01-16 10:45:52,826 - INFO -   PFE: 251 days
2026-01-16 10:45:53,895 - INFO -   COIN: 251 days
2026-01-16 10:45:54,959 - INFO -   SOFI: 251 days
2026-01-16 10:45:56,056 - INFO -   ARM: 251 days
2026-01-16 10:45:57,247 - INFO -   SHOP: 251 days
2026-01-16 10:45:58,297 - INFO -   CRWD: 251 days
2026-01-16 10:45:59,358 - INFO -   V: 251 days
2026-01-16 10:46:00,391 - INFO -   PLTR: 251 days
2026-01-16 10:46:01,432 - INFO -   AAPL: 251 days
2026-01-16 10:46:02,502 - INFO -   CRM: 251 days
2026-01-16 10:46:03,557 - INFO -   NVDA: 251 days
2026-01-16 10:46:04,717 - INFO -   NOW: 251 days
2026-01-16 10:46:05,815 - INFO -   NKE: 251 days
2026-01-16 10:46:06,862 - INFO -   AMD: 251 days
2026-01-16 10:46:07,894 - INFO -   XLK: 251 days
2026-01-16 10:46:08,931 - INFO -   UPST: 251 days
2026-01-16 10:46:09,968 - INFO -   INOD: 251 days
2026-01-16 10:46:11,024 - INFO -   SMCI: 251 days
2026-01-16 10:46:12,087 - INFO -   PYPL: 251 days
2026-01-16 10:46:13,144 - INFO -   GOOGL: 251 days
2026-01-16 10:46:14,195 - INFO -   VTI: 251 days
2026-01-16 10:46:15,239 - INFO -   AVGO: 251 days
2026-01-16 10:46:16,296 - INFO -   QQQ: 251 days
2026-01-16 10:46:17,330 - INFO -   HOOD: 251 days
2026-01-16 10:46:17,896 - INFO - updatePortfolio: PortfolioItem(contract=Stock(conId=4391, symbol='AMD', right='0', primaryExchange='NASDAQ', currency='USD', localSymbol='AMD', tradingClass='NMS'), position=-40.0, marketPrice=234.19999695, marketValue=-9368.0, averageCost=239.8498125, unrealizedPNL=225.99, realizedPNL=0.0, account='DUH400053')
2026-01-16 10:46:17,897 - INFO - updatePortfolio: PortfolioItem(contract=Stock(conId=4762, symbol='BA', right='0', primaryExchange='NYSE', currency='USD', localSymbol='BA', tradingClass='BA'), position=632.0, marketPrice=248.55999755, marketValue=157089.92, averageCost=243.07768985, unrealizedPNL=3464.82, realizedPNL=0.0, account='DUH400053')
2026-01-16 10:46:17,902 - INFO - updatePortfolio: PortfolioItem(contract=Stock(conId=6437, symbol='TGT', right='0', primaryExchange='NYSE', currency='USD', localSymbol='TGT', tradingClass='TGT'), position=244.0, marketPrice=111.40000155, marketValue=27181.6, averageCost=104.635, unrealizedPNL=1650.66, realizedPNL=0.0, account='DUH400053')
2026-01-16 10:46:17,907 - INFO - updatePortfolio: PortfolioItem(contract=Stock(conId=9939, symbol='MU', right='0', primaryExchange='NASDAQ', currency='USD', localSymbol='MU', tradingClass='NMS'), position=74.0, marketPrice=352.230011, marketValue=26065.02, averageCost=342.7735135, unrealizedPNL=699.78, realizedPNL=0.0, account='DUH400053')
2026-01-16 10:46:17,908 - INFO - updatePortfolio: PortfolioItem(contract=Stock(conId=10291, symbol='NKE', right='0', primaryExchange='NYSE', currency='USD', localSymbol='NKE', tradingClass='NKE'), position=392.0, marketPrice=64.8199997, marketValue=25409.44, averageCost=64.94265305, unrealizedPNL=-48.08, realizedPNL=0.0, account='DUH400053')
2026-01-16 10:46:17,909 - INFO - updatePortfolio: PortfolioItem(contract=Stock(conId=12729, symbol='TER', right='0', primaryExchange='NASDAQ', currency='USD', localSymbol='TER', tradingClass='NMS'), position=30.0, marketPrice=230.4700012, marketValue=6914.1, averageCost=162.53335665, unrealizedPNL=2038.1, realizedPNL=0.0, account='DUH400053')
2026-01-16 10:46:17,909 - INFO - updatePortfolio: PortfolioItem(contract=Stock(conId=272110, symbol='MSTR', right='0', primaryExchange='NASDAQ', currency='USD', localSymbol='MSTR', tradingClass='NMS'), position=154.0, marketPrice=173.41999815, marketValue=26706.68, averageCost=164.3264935, unrealizedPNL=1400.4, realizedPNL=0.0, account='DUH400053')
2026-01-16 10:46:17,910 - INFO - updatePortfolio: PortfolioItem(contract=Stock(conId=756733, symbol='SPY', right='0', primaryExchange='ARCA', currency='USD', localSymbol='SPY', tradingClass='SPY'), position=36.0, marketPrice=694.130188, marketValue=24988.69, averageCost=692.2177778, unrealizedPNL=68.85, realizedPNL=0.0, account='DUH400053')
2026-01-16 10:46:17,911 - INFO - updatePortfolio: PortfolioItem(contract=Stock(conId=1520593, symbol='JPM', right='0', primaryExchange='NYSE', currency='USD', localSymbol='JPM', tradingClass='JPM'), position=77.0, marketPrice=310.75, marketValue=23927.75, averageCost=329.782987, unrealizedPNL=-1465.54, realizedPNL=0.0, account='DUH400053')
2026-01-16 10:46:17,911 - INFO - updatePortfolio: PortfolioItem(contract=Stock(conId=4813508, symbol='INOD', right='0', primaryExchange='NASDAQ', currency='USD', localSymbol='INOD', tradingClass='NMS'), position=393.0, marketPrice=60.15000155, marketValue=23638.95, averageCost=63.0334733, unrealizedPNL=-1133.2, realizedPNL=0.0, account='DUH400053')
2026-01-16 10:46:17,912 - INFO - updatePortfolio: PortfolioItem(contract=Stock(conId=4815747, symbol='NVDA', right='0', primaryExchange='NASDAQ', currency='USD', localSymbol='NVDA', tradingClass='NMS'), position=54.0, marketPrice=188.6000061, marketValue=10184.4, averageCost=181.32205925, unrealizedPNL=393.01, realizedPNL=0.0, account='DUH400053')
2026-01-16 10:46:17,913 - INFO - updatePortfolio: PortfolioItem(contract=Stock(conId=15124833, symbol='NFLX', right='0', primaryExchange='NASDAQ', currency='USD', localSymbol='NFLX', tradingClass='NMS'), position=278.0, marketPrice=88.55000305, marketValue=24616.9, averageCost=91.655, unrealizedPNL=-863.19, realizedPNL=0.0, account='DUH400053')
2026-01-16 10:46:17,913 - INFO - updatePortfolio: PortfolioItem(contract=Stock(conId=29624264, symbol='CRM', right='0', primaryExchange='NYSE', currency='USD', localSymbol='CRM', tradingClass='CRM'), position=98.0, marketPrice=234.3999939, marketValue=22971.2, averageCost=259.2602041, unrealizedPNL=-2436.3, realizedPNL=0.0, account='DUH400053')
2026-01-16 10:46:17,914 - INFO - updatePortfolio: PortfolioItem(contract=Stock(conId=76792991, symbol='TSLA', right='0', primaryExchange='NASDAQ', currency='USD', localSymbol='TSLA', tradingClass='NMS'), position=57.0, marketPrice=440.6499939, marketValue=25117.05, averageCost=440.38754385, unrealizedPNL=14.96, realizedPNL=0.0, account='DUH400053')
2026-01-16 10:46:17,915 - INFO - updatePortfolio: PortfolioItem(contract=Stock(conId=107113386, symbol='META', right='0', primaryExchange='NASDAQ', currency='USD', localSymbol='META', tradingClass='NMS'), position=38.0, marketPrice=622.89001465, marketValue=23669.82, averageCost=657.4963158, unrealizedPNL=-1315.04, realizedPNL=0.0, account='DUH400053')
2026-01-16 10:46:17,916 - INFO - updatePortfolio: PortfolioItem(contract=Stock(conId=195014116, symbol='SHOP', right='0', primaryExchange='NASDAQ', currency='USD', localSymbol='SHOP', tradingClass='NMS'), position=152.0, marketPrice=158.25, marketValue=24054.0, averageCost=166.99657895, unrealizedPNL=-1329.48, realizedPNL=0.0, account='DUH400053')
2026-01-16 10:46:17,917 - INFO - updatePortfolio: PortfolioItem(contract=Stock(conId=199169591, symbol='PYPL', right='0', primaryExchange='NASDAQ', currency='USD', localSymbol='PYPL', tradingClass='NMS'), position=425.0, marketPrice=56.9599991, marketValue=24208.0, averageCost=59.885, unrealizedPNL=-1243.13, realizedPNL=0.0, account='DUH400053')
2026-01-16 10:46:17,917 - INFO - updatePortfolio: PortfolioItem(contract=Stock(conId=290651477, symbol='ROKU', right='0', primaryExchange='NASDAQ', currency='USD', localSymbol='ROKU', tradingClass='NMS'), position=229.0, marketPrice=104.98000335, marketValue=24040.42, averageCost=110.755, unrealizedPNL=-1322.47, realizedPNL=0.0, account='DUH400053')
2026-01-16 10:46:17,918 - INFO - updatePortfolio: PortfolioItem(contract=Stock(conId=313130367, symbol='AVGO', right='0', primaryExchange='NASDAQ', currency='USD', localSymbol='AVGO', tradingClass='NMS'), position=75.0, marketPrice=346.5, marketValue=25987.5, averageCost=338.48333335, unrealizedPNL=601.25, realizedPNL=0.0, account='DUH400053')
2026-01-16 10:46:17,919 - INFO - updatePortfolio: PortfolioItem(contract=Stock(conId=320227571, symbol='QQQ', right='0', primaryExchange='NASDAQ', currency='USD', localSymbol='QQQ', tradingClass='NMS'), position=40.0, marketPrice=624.5999756, marketValue=24984.0, averageCost=623.215, unrealizedPNL=55.4, realizedPNL=0.0, account='DUH400053')
2026-01-16 10:46:17,919 - INFO - updatePortfolio: PortfolioItem(contract=Stock(conId=344809106, symbol='MRNA', right='0', primaryExchange='NASDAQ', currency='USD', localSymbol='MRNA', tradingClass='NMS'), position=733.0, marketPrice=39.65999985, marketValue=29070.78, averageCost=34.75431785, unrealizedPNL=3595.86, realizedPNL=0.0, account='DUH400053')
2026-01-16 10:46:17,921 - INFO - updatePortfolio: PortfolioItem(contract=Stock(conId=365207014, symbol='UBER', right='0', primaryExchange='NYSE', currency='USD', localSymbol='UBER', tradingClass='UBER'), position=299.0, marketPrice=84.48999785, marketValue=25262.51, averageCost=84.51533445, unrealizedPNL=-7.58, realizedPNL=0.0, account='DUH400053')
2026-01-16 10:46:17,934 - INFO - updatePortfolio: PortfolioItem(contract=Stock(conId=370757467, symbol='CRWD', right='0', primaryExchange='NASDAQ', currency='USD', localSymbol='CRWD', tradingClass='NMS'), position=53.0, marketPrice=458.6199951, marketValue=24306.86, averageCost=473.4188679, unrealizedPNL=-784.34, realizedPNL=0.0, account='DUH400053')
2026-01-16 10:46:17,935 - INFO - updatePortfolio: PortfolioItem(contract=Stock(conId=481691285, symbol='COIN', right='0', primaryExchange='NASDAQ', currency='USD', localSymbol='COIN', tradingClass='NMS'), position=36.0, marketPrice=242.30999755, marketValue=8723.16, averageCost=269.8705778, unrealizedPNL=-992.18, realizedPNL=0.0, account='DUH400053')
2026-01-16 10:46:17,939 - INFO - updatePortfolio: PortfolioItem(contract=Stock(conId=560105364, symbol='DKNG', right='0', primaryExchange='NASDAQ', currency='USD', localSymbol='DKNG', tradingClass='NMS'), position=726.0, marketPrice=35.70000075, marketValue=25918.2, averageCost=34.83279615, unrealizedPNL=629.59, realizedPNL=0.0, account='DUH400053')
2026-01-16 10:46:18,384 - INFO -   ORCL: 251 days
2026-01-16 10:46:18,896 - INFO - Disconnecting from 127.0.0.1:7497, 8.08 kB sent in 128 messages, 959 kB received in 756 messages, session time 63.4 s.
2026-01-16 10:46:18,896 - INFO - Disconnecting
2026-01-16 10:46:18,945 - INFO - Running backtest: 251 days
2026-01-16 10:46:18,945 - INFO - Strategies: {'MA': 'SUPERTREND', 'MRK': 'SUPERTREND', 'DIA': 'SUPERTREND', 'DRH': 'SUPERTREND', 'JPM': 'SUPERTREND', 'TSLA': 'SUPERTREND', 'BABA': 'SUPERTREND', 'MRNA': 'SUPERTREND', 'DKNG': 'SUPERTREND', 'LCID': 'SUPERTREND', 'MU': 'SUPERTREND', 'XLF': 'SUPERTREND', 'AFRM': 'SUPERTREND', 'UBER': 'SUPERTREND', 'QBTS': 'SUPERTREND', 'PDYN': 'SUPERTREND', 'RIVN': 'SUPERTREND', 'MSTR': 'SUPERTREND', 'QUBT': 'SUPERTREND', 'NFLX': 'SUPERTREND', 'ADBE': 'SUPERTREND', 'LLY': 'SUPERTREND', 'SNOW': 'SUPERTREND', 'AMZN': 'SUPERTREND', 'VOO': 'TREND_FOLLOW', 'MSFT': 'SUPERTREND', 'UNH': 'SUPERTREND', 'META': 'SUPERTREND', 'TGT': 'SUPERTREND', 'IWM': 'SUPERTREND', 'SPY': 'TREND_FOLLOW', 'NIO': 'SUPERTREND', 'JNJ': 'TREND_FOLLOW', 'PANW': 'SUPERTREND', 'PFE': 'SUPERTREND', 'COIN': 'SUPERTREND', 'SOFI': 'SUPERTREND', 'ARM': 'SUPERTREND', 'SHOP': 'SUPERTREND', 'CRWD': 'SUPERTREND', 'V': 'SUPERTREND', 'PLTR': 'SUPERTREND', 'AAPL': 'SUPERTREND', 'CRM': 'SUPERTREND', 'NVDA': 'SUPERTREND', 'NOW': 'SUPERTREND', 'NKE': 'SUPERTREND', 'AMD': 'SUPERTREND', 'XLK': 'SUPERTREND', 'UPST': 'SUPERTREND', 'INOD': 'SUPERTREND', 'SMCI': 'SUPERTREND', 'PYPL': 'SUPERTREND', 'GOOGL': 'SUPERTREND', 'VTI': 'TREND_FOLLOW', 'AVGO': 'SUPERTREND', 'QQQ': 'TREND_FOLLOW', 'HOOD': 'SUPERTREND', 'ORCL': 'SUPERTREND'}
2026-01-16 10:57:58,141 - INFO - Connecting to 127.0.0.1:7497 with clientId 51...
2026-01-16 10:57:58,143 - INFO - Connected
2026-01-16 10:57:58,151 - INFO - Logged on to server version 176
2026-01-16 10:57:58,160 - INFO - Warning 2104, reqId -1: Market data farm connection is OK:hfarm
2026-01-16 10:57:58,160 - INFO - Warning 2104, reqId -1: Market data farm connection is OK:eufarmnj
2026-01-16 10:57:58,161 - INFO - Warning 2104, reqId -1: Market data farm connection is OK:cashfarm
2026-01-16 10:57:58,161 - INFO - Warning 2104, reqId -1: Market data farm connection is OK:usfuture
2026-01-16 10:57:58,162 - INFO - Warning 2104, reqId -1: Market data farm connection is OK:jfarm
2026-01-16 10:57:58,162 - INFO - Warning 2104, reqId -1: Market data farm connection is OK:eufarm
2026-01-16 10:57:58,163 - INFO - Warning 2104, reqId -1: Market data farm connection is OK:usfarm
2026-01-16 10:57:58,164 - INFO - Warning 2106, reqId -1: HMDS data farm connection is OK:euhmds
2026-01-16 10:57:58,164 - INFO - Warning 2106, reqId -1: HMDS data farm connection is OK:fundfarm
2026-01-16 10:57:58,165 - INFO - Warning 2106, reqId -1: HMDS data farm connection is OK:ushmds
2026-01-16 10:57:58,174 - INFO - Warning 2158, reqId -1: Sec-def data farm connection is OK:secdefil
2026-01-16 10:57:58,175 - INFO - API connection ready
2026-01-16 10:57:58,179 - INFO - position: Position(account='DUH400053', contract=Stock(conId=9939, symbol='MU', exchange='NASDAQ', currency='USD', localSymbol='MU', tradingClass='NMS'), position=74.0, avgCost=342.7735135)
2026-01-16 10:57:58,179 - INFO - position: Position(account='DUH400053', contract=Stock(conId=313130367, symbol='AVGO', exchange='NASDAQ', currency='USD', localSymbol='AVGO', tradingClass='NMS'), position=75.0, avgCost=338.48333335)
2026-01-16 10:57:58,180 - INFO - position: Position(account='DUH400053', contract=Stock(conId=4815747, symbol='NVDA', exchange='NASDAQ', currency='USD', localSymbol='NVDA', tradingClass='NMS'), position=54.0, avgCost=181.32205925)
2026-01-16 10:57:58,181 - INFO - position: Position(account='DUH400053', contract=Stock(conId=107113386, symbol='META', exchange='NASDAQ', currency='USD', localSymbol='META', tradingClass='NMS'), position=38.0, avgCost=657.4963158)
2026-01-16 10:57:58,181 - INFO - position: Position(account='DUH400053', contract=Stock(conId=370757467, symbol='CRWD', exchange='NASDAQ', currency='USD', localSymbol='CRWD', tradingClass='NMS'), position=53.0, avgCost=473.4188679)
2026-01-16 10:57:58,182 - INFO - position: Position(account='DUH400053', contract=Stock(conId=1520593, symbol='JPM', exchange='NYSE', currency='USD', localSymbol='JPM', tradingClass='JPM'), position=77.0, avgCost=329.782987)
2026-01-16 10:57:58,193 - INFO - position: Position(account='DUH400053', contract=Stock(conId=324651164, symbol='QUBT', exchange='NASDAQ', currency='USD', localSymbol='QUBT', tradingClass='SCM'), position=535.0, avgCost=9.34502205)
2026-01-16 10:57:58,193 - INFO - position: Position(account='DUH400053', contract=Stock(conId=195014116, symbol='SHOP', exchange='NASDAQ', currency='USD', localSymbol='SHOP', tradingClass='NMS'), position=152.0, avgCost=166.99657895)
2026-01-16 10:57:58,194 - INFO - position: Position(account='DUH400053', contract=Stock(conId=756733, symbol='SPY', exchange='ARCA', currency='USD', localSymbol='SPY', tradingClass='SPY'), position=36.0, avgCost=692.2177778)
2026-01-16 10:57:58,194 - INFO - position: Position(account='DUH400053', contract=Stock(conId=560105364, symbol='DKNG', exchange='NASDAQ', currency='USD', localSymbol='DKNG', tradingClass='NMS'), position=726.0, avgCost=34.83279615)
2026-01-16 10:57:58,195 - INFO - position: Position(account='DUH400053', contract=Stock(conId=272110, symbol='MSTR', exchange='NASDAQ', currency='USD', localSymbol='MSTR', tradingClass='NMS'), position=154.0, avgCost=164.3264935)
2026-01-16 10:57:58,196 - INFO - position: Position(account='DUH400053', contract=Stock(conId=199169591, symbol='PYPL', exchange='NASDAQ', currency='USD', localSymbol='PYPL', tradingClass='NMS'), position=425.0, avgCost=59.885)
2026-01-16 10:57:58,196 - INFO - position: Position(account='DUH400053', contract=Stock(conId=640796125, symbol='PDYN', exchange='NASDAQ', currency='USD', localSymbol='PDYN', tradingClass='NMS'), position=-1400.0, avgCost=6.62266215)
2026-01-16 10:57:58,197 - INFO - position: Position(account='DUH400053', contract=Stock(conId=320227571, symbol='QQQ', exchange='NASDAQ', currency='USD', localSymbol='QQQ', tradingClass='NMS'), position=40.0, avgCost=623.215)
2026-01-16 10:57:58,197 - INFO - position: Position(account='DUH400053', contract=Stock(conId=4762, symbol='BA', exchange='NYSE', currency='USD', localSymbol='BA', tradingClass='BA'), position=632.0, avgCost=243.07768985)
2026-01-16 10:57:58,198 - INFO - position: Position(account='DUH400053', contract=Stock(conId=344809106, symbol='MRNA', exchange='NASDAQ', currency='USD', localSymbol='MRNA', tradingClass='NMS'), position=733.0, avgCost=34.75431785)
2026-01-16 10:57:58,199 - INFO - position: Position(account='DUH400053', contract=Stock(conId=11031, symbol='PFE', exchange='NYSE', currency='USD', localSymbol='PFE', tradingClass='PFE'), position=994.0, avgCost=25.655)
2026-01-16 10:57:58,199 - INFO - position: Position(account='DUH400053', contract=Stock(conId=4813508, symbol='INOD', exchange='NASDAQ', currency='USD', localSymbol='INOD', tradingClass='NMS'), position=393.0, avgCost=63.0334733)
2026-01-16 10:57:58,200 - INFO - position: Position(account='DUH400053', contract=Stock(conId=76792991, symbol='TSLA', exchange='NASDAQ', currency='USD', localSymbol='TSLA', tradingClass='NMS'), position=57.0, avgCost=440.38754385)
2026-01-16 10:57:58,200 - INFO - position: Position(account='DUH400053', contract=Stock(conId=29624264, symbol='CRM', exchange='NYSE', currency='USD', localSymbol='CRM', tradingClass='CRM'), position=98.0, avgCost=259.2602041)
2026-01-16 10:57:58,201 - INFO - position: Position(account='DUH400053', contract=Stock(conId=290651477, symbol='ROKU', exchange='NASDAQ', currency='USD', localSymbol='ROKU', tradingClass='NMS'), position=229.0, avgCost=110.755)
2026-01-16 10:57:58,201 - INFO - position: Position(account='DUH400053', contract=Stock(conId=15124833, symbol='NFLX', exchange='NASDAQ', currency='USD', localSymbol='NFLX', tradingClass='NMS'), position=278.0, avgCost=91.655)
2026-01-16 10:57:58,202 - INFO - position: Position(account='DUH400053', contract=Stock(conId=70101545, symbol='MRK', exchange='NYSE', currency='USD', localSymbol='MRK', tradingClass='MRK'), position=230.0, avgCost=110.125)
2026-01-16 10:57:58,203 - INFO - position: Position(account='DUH400053', contract=Stock(conId=6459, symbol='DIS', exchange='NYSE', currency='USD', localSymbol='DIS', tradingClass='DIS'), position=220.0, avgCost=114.9268182)
2026-01-16 10:57:58,203 - INFO - position: Position(account='DUH400053', contract=Stock(conId=12729, symbol='TER', exchange='NASDAQ', currency='USD', localSymbol='TER', tradingClass='NMS'), position=30.0, avgCost=162.53335665)
2026-01-16 10:57:58,204 - INFO - position: Position(account='DUH400053', contract=Stock(conId=10291, symbol='NKE', exchange='NYSE', currency='USD', localSymbol='NKE', tradingClass='NKE'), position=392.0, avgCost=64.94265305)
2026-01-16 10:57:58,204 - INFO - position: Position(account='DUH400053', contract=Stock(conId=481691285, symbol='COIN', exchange='NASDAQ', currency='USD', localSymbol='COIN', tradingClass='NMS'), position=36.0, avgCost=269.8705778)
2026-01-16 10:57:58,205 - INFO - position: Position(account='DUH400053', contract=Stock(conId=365207014, symbol='UBER', exchange='NYSE', currency='USD', localSymbol='UBER', tradingClass='UBER'), position=299.0, avgCost=84.51533445)
2026-01-16 10:57:58,206 - INFO - position: Position(account='DUH400053', contract=Stock(conId=4391, symbol='AMD', exchange='NASDAQ', currency='USD', localSymbol='AMD', tradingClass='NMS'), position=-40.0, avgCost=239.8498125)
2026-01-16 10:57:58,206 - INFO - position: Position(account='DUH400053', contract=Stock(conId=6437, symbol='TGT', exchange='NYSE', currency='USD', localSymbol='TGT', tradingClass='TGT'), position=244.0, avgCost=104.635)
2026-01-16 10:57:58,383 - INFO - updatePortfolio: PortfolioItem(contract=Stock(conId=4391, symbol='AMD', right='0', primaryExchange='NASDAQ', currency='USD', localSymbol='AMD', tradingClass='NMS'), position=-40.0, marketPrice=234.22999575, marketValue=-9369.2, averageCost=239.8498125, unrealizedPNL=224.79, realizedPNL=0.0, account='DUH400053')
2026-01-16 10:57:58,383 - INFO - updatePortfolio: PortfolioItem(contract=Stock(conId=313130367, symbol='AVGO', right='0', primaryExchange='NASDAQ', currency='USD', localSymbol='AVGO', tradingClass='NMS'), position=75.0, marketPrice=346.42001345, marketValue=25981.5, averageCost=338.48333335, unrealizedPNL=595.25, realizedPNL=0.0, account='DUH400053')
2026-01-16 10:57:58,388 - INFO - updatePortfolio: PortfolioItem(contract=Stock(conId=4762, symbol='BA', right='0', primaryExchange='NYSE', currency='USD', localSymbol='BA', tradingClass='BA'), position=632.0, marketPrice=248.55999755, marketValue=157089.92, averageCost=243.07768985, unrealizedPNL=3464.82, realizedPNL=0.0, account='DUH400053')
2026-01-16 10:57:58,388 - INFO - updatePortfolio: PortfolioItem(contract=Stock(conId=481691285, symbol='COIN', right='0', primaryExchange='NASDAQ', currency='USD', localSymbol='COIN', tradingClass='NMS'), position=36.0, marketPrice=242.0, marketValue=8712.0, averageCost=269.8705778, unrealizedPNL=-1003.34, realizedPNL=0.0, account='DUH400053')
2026-01-16 10:57:58,389 - INFO - updatePortfolio: PortfolioItem(contract=Stock(conId=29624264, symbol='CRM', right='0', primaryExchange='NYSE', currency='USD', localSymbol='CRM', tradingClass='CRM'), position=98.0, marketPrice=234.3999939, marketValue=22971.2, averageCost=259.2602041, unrealizedPNL=-2436.3, realizedPNL=0.0, account='DUH400053')
2026-01-16 10:57:58,390 - INFO - updatePortfolio: PortfolioItem(contract=Stock(conId=370757467, symbol='CRWD', right='0', primaryExchange='NASDAQ', currency='USD', localSymbol='CRWD', tradingClass='NMS'), position=53.0, marketPrice=458.6199951, marketValue=24306.86, averageCost=473.4188679, unrealizedPNL=-784.34, realizedPNL=0.0, account='DUH400053')
2026-01-16 10:57:58,391 - INFO - updatePortfolio: PortfolioItem(contract=Stock(conId=6459, symbol='DIS', right='0', primaryExchange='NYSE', currency='USD', localSymbol='DIS', tradingClass='DIS'), position=220.0, marketPrice=113.44000245, marketValue=24956.8, averageCost=114.9268182, unrealizedPNL=-327.1, realizedPNL=0.0, account='DUH400053')
2026-01-16 10:57:58,392 - INFO - updatePortfolio: PortfolioItem(contract=Stock(conId=560105364, symbol='DKNG', right='0', primaryExchange='NASDAQ', currency='USD', localSymbol='DKNG', tradingClass='NMS'), position=726.0, marketPrice=35.70000075, marketValue=25918.2, averageCost=34.83279615, unrealizedPNL=629.59, realizedPNL=0.0, account='DUH400053')
2026-01-16 10:57:58,392 - INFO - updatePortfolio: PortfolioItem(contract=Stock(conId=4813508, symbol='INOD', right='0', primaryExchange='NASDAQ', currency='USD', localSymbol='INOD', tradingClass='NMS'), position=393.0, marketPrice=60.15000155, marketValue=23638.95, averageCost=63.0334733, unrealizedPNL=-1133.2, realizedPNL=0.0, account='DUH400053')
2026-01-16 10:57:58,393 - INFO - updatePortfolio: PortfolioItem(contract=Stock(conId=1520593, symbol='JPM', right='0', primaryExchange='NYSE', currency='USD', localSymbol='JPM', tradingClass='JPM'), position=77.0, marketPrice=310.75, marketValue=23927.75, averageCost=329.782987, unrealizedPNL=-1465.54, realizedPNL=0.0, account='DUH400053')
2026-01-16 10:57:58,394 - INFO - updatePortfolio: PortfolioItem(contract=Stock(conId=107113386, symbol='META', right='0', primaryExchange='NASDAQ', currency='USD', localSymbol='META', tradingClass='NMS'), position=38.0, marketPrice=623.0, marketValue=23674.0, averageCost=657.4963158, unrealizedPNL=-1310.86, realizedPNL=0.0, account='DUH400053')
2026-01-16 10:57:58,394 - INFO - updatePortfolio: PortfolioItem(contract=Stock(conId=70101545, symbol='MRK', right='0', primaryExchange='NYSE', currency='USD', localSymbol='MRK', tradingClass='MRK'), position=230.0, marketPrice=111.19999695, marketValue=25576.0, averageCost=110.125, unrealizedPNL=247.25, realizedPNL=0.0, account='DUH400053')
2026-01-16 10:57:58,395 - INFO - updatePortfolio: PortfolioItem(contract=Stock(conId=344809106, symbol='MRNA', right='0', primaryExchange='NASDAQ', currency='USD', localSymbol='MRNA', tradingClass='NMS'), position=733.0, marketPrice=39.70000075, marketValue=29100.1, averageCost=34.75431785, unrealizedPNL=3625.19, realizedPNL=0.0, account='DUH400053')
2026-01-16 10:57:58,396 - INFO - updatePortfolio: PortfolioItem(contract=Stock(conId=272110, symbol='MSTR', right='0', primaryExchange='NASDAQ', currency='USD', localSymbol='MSTR', tradingClass='NMS'), position=154.0, marketPrice=173.19999695, marketValue=26672.8, averageCost=164.3264935, unrealizedPNL=1366.52, realizedPNL=0.0, account='DUH400053')
2026-01-16 10:57:58,408 - INFO - updatePortfolio: PortfolioItem(contract=Stock(conId=9939, symbol='MU', right='0', primaryExchange='NASDAQ', currency='USD', localSymbol='MU', tradingClass='NMS'), position=74.0, marketPrice=353.5499878, marketValue=26162.7, averageCost=342.7735135, unrealizedPNL=797.46, realizedPNL=0.0, account='DUH400053')
2026-01-16 10:57:58,409 - INFO - updatePortfolio: PortfolioItem(contract=Stock(conId=15124833, symbol='NFLX', right='0', primaryExchange='NASDAQ', currency='USD', localSymbol='NFLX', tradingClass='NMS'), position=278.0, marketPrice=88.55999755, marketValue=24619.68, averageCost=91.655, unrealizedPNL=-860.41, realizedPNL=0.0, account='DUH400053')
2026-01-16 10:57:58,411 - INFO - updatePortfolio: PortfolioItem(contract=Stock(conId=10291, symbol='NKE', right='0', primaryExchange='NYSE', currency='USD', localSymbol='NKE', tradingClass='NKE'), position=392.0, marketPrice=64.8199997, marketValue=25409.44, averageCost=64.94265305, unrealizedPNL=-48.08, realizedPNL=0.0, account='DUH400053')
2026-01-16 10:57:58,412 - INFO - updatePortfolio: PortfolioItem(contract=Stock(conId=4815747, symbol='NVDA', right='0', primaryExchange='NASDAQ', currency='USD', localSymbol='NVDA', tradingClass='NMS'), position=54.0, marketPrice=188.6399994, marketValue=10186.56, averageCost=181.32205925, unrealizedPNL=395.17, realizedPNL=0.0, account='DUH400053')
2026-01-16 10:57:58,438 - INFO - updatePortfolio: PortfolioItem(contract=Stock(conId=640796125, symbol='PDYN', right='0', primaryExchange='NASDAQ', currency='USD', localSymbol='PDYN', tradingClass='NMS'), position=-1400.0, marketPrice=7.0300002, marketValue=-9842.0, averageCost=6.62266215, unrealizedPNL=-570.27, realizedPNL=0.0, account='DUH400053')
2026-01-16 10:57:58,439 - INFO - updatePortfolio: PortfolioItem(contract=Stock(conId=11031, symbol='PFE', right='0', primaryExchange='NYSE', currency='USD', localSymbol='PFE', tradingClass='PFE'), position=994.0, marketPrice=25.80999945, marketValue=25655.14, averageCost=25.655, unrealizedPNL=154.07, realizedPNL=0.0, account='DUH400053')
2026-01-16 10:57:58,447 - INFO - updatePortfolio: PortfolioItem(contract=Stock(conId=199169591, symbol='PYPL', right='0', primaryExchange='NASDAQ', currency='USD', localSymbol='PYPL', tradingClass='NMS'), position=425.0, marketPrice=56.91999815, marketValue=24191.0, averageCost=59.885, unrealizedPNL=-1260.13, realizedPNL=0.0, account='DUH400053')
2026-01-16 10:57:58,448 - INFO - updatePortfolio: PortfolioItem(contract=Stock(conId=320227571, symbol='QQQ', right='0', primaryExchange='NASDAQ', currency='USD', localSymbol='QQQ', tradingClass='NMS'), position=40.0, marketPrice=624.59002685, marketValue=24983.6, averageCost=623.215, unrealizedPNL=55.0, realizedPNL=0.0, account='DUH400053')
2026-01-16 10:57:58,448 - INFO - updatePortfolio: PortfolioItem(contract=Stock(conId=324651164, symbol='QUBT', right='0', primaryExchange='NASDAQ', currency='USD', localSymbol='QUBT', tradingClass='SCM'), position=535.0, marketPrice=12.4300003, marketValue=6650.05, averageCost=9.34502205, unrealizedPNL=1650.46, realizedPNL=0.0, account='DUH400053')
2026-01-16 10:57:58,449 - INFO - updatePortfolio: PortfolioItem(contract=Stock(conId=290651477, symbol='ROKU', right='0', primaryExchange='NASDAQ', currency='USD', localSymbol='ROKU', tradingClass='NMS'), position=229.0, marketPrice=104.98000335, marketValue=24040.42, averageCost=110.755, unrealizedPNL=-1322.47, realizedPNL=0.0, account='DUH400053')
2026-01-16 10:57:58,450 - INFO - updatePortfolio: PortfolioItem(contract=Stock(conId=195014116, symbol='SHOP', right='0', primaryExchange='NASDAQ', currency='USD', localSymbol='SHOP', tradingClass='NMS'), position=152.0, marketPrice=158.25, marketValue=24054.0, averageCost=166.99657895, unrealizedPNL=-1329.48, realizedPNL=0.0, account='DUH400053')
2026-01-16 10:57:58,451 - INFO - updatePortfolio: PortfolioItem(contract=Stock(conId=756733, symbol='SPY', right='0', primaryExchange='ARCA', currency='USD', localSymbol='SPY', tradingClass='SPY'), position=36.0, marketPrice=694.0784302, marketValue=24986.82, averageCost=692.2177778, unrealizedPNL=66.98, realizedPNL=0.0, account='DUH400053')
2026-01-16 10:57:58,452 - INFO - updatePortfolio: PortfolioItem(contract=Stock(conId=12729, symbol='TER', right='0', primaryExchange='NASDAQ', currency='USD', localSymbol='TER', tradingClass='NMS'), position=30.0, marketPrice=230.4700012, marketValue=6914.1, averageCost=162.53335665, unrealizedPNL=2038.1, realizedPNL=0.0, account='DUH400053')
2026-01-16 10:57:58,453 - INFO - updatePortfolio: PortfolioItem(contract=Stock(conId=6437, symbol='TGT', right='0', primaryExchange='NYSE', currency='USD', localSymbol='TGT', tradingClass='TGT'), position=244.0, marketPrice=111.40000155, marketValue=27181.6, averageCost=104.635, unrealizedPNL=1650.66, realizedPNL=0.0, account='DUH400053')
2026-01-16 10:57:58,453 - INFO - updatePortfolio: PortfolioItem(contract=Stock(conId=76792991, symbol='TSLA', right='0', primaryExchange='NASDAQ', currency='USD', localSymbol='TSLA', tradingClass='NMS'), position=57.0, marketPrice=440.35998535, marketValue=25100.52, averageCost=440.38754385, unrealizedPNL=-1.57, realizedPNL=0.0, account='DUH400053')
2026-01-16 10:57:58,454 - INFO - updatePortfolio: PortfolioItem(contract=Stock(conId=365207014, symbol='UBER', right='0', primaryExchange='NYSE', currency='USD', localSymbol='UBER', tradingClass='UBER'), position=299.0, marketPrice=84.48999785, marketValue=25262.51, averageCost=84.51533445, unrealizedPNL=-7.58, realizedPNL=0.0, account='DUH400053')
2026-01-16 10:57:58,482 - INFO - Synchronization complete
2026-01-16 10:57:58,483 - INFO - Connected to IB. Fetching data for 60 symbols...
2026-01-16 10:57:59,044 - INFO -   SNOW: 251 days
2026-01-16 10:58:00,230 - INFO -   SHOP: 251 days
2026-01-16 10:58:01,284 - INFO -   VOO: 251 days
2026-01-16 10:58:02,335 - INFO -   NFLX: 251 days
2026-01-16 10:58:03,372 - INFO -   INOD: 251 days
2026-01-16 10:58:04,425 - INFO -   MRNA: 251 days
2026-01-16 10:58:05,478 - INFO -   PYPL: 251 days
2026-01-16 10:58:06,532 - INFO -   TGT: 251 days
2026-01-16 10:58:07,590 - INFO -   SMCI: 251 days
2026-01-16 10:58:08,632 - INFO -   PDYN: 251 days
2026-01-16 10:58:09,679 - INFO -   HOOD: 251 days
2026-01-16 10:58:10,767 - INFO -   BABA: 251 days
2026-01-16 10:58:11,824 - INFO -   CRWD: 251 days
2026-01-16 10:58:12,875 - INFO -   NVDA: 251 days
2026-01-16 10:58:13,922 - INFO -   NOW: 251 days
2026-01-16 10:58:14,987 - INFO -   DIA: 251 days
2026-01-16 10:58:16,052 - INFO -   PFE: 251 days
2026-01-16 10:58:17,123 - INFO -   AMD: 251 days
2026-01-16 10:58:17,982 - INFO - updatePortfolio: PortfolioItem(contract=Stock(conId=4391, symbol='AMD', right='0', primaryExchange='NASDAQ', currency='USD', localSymbol='AMD', tradingClass='NMS'), position=-40.0, marketPrice=234.16999815, marketValue=-9366.8, averageCost=239.8498125, unrealizedPNL=227.19, realizedPNL=0.0, account='DUH400053')
2026-01-16 10:58:17,984 - INFO - updatePortfolio: PortfolioItem(contract=Stock(conId=4762, symbol='BA', right='0', primaryExchange='NYSE', currency='USD', localSymbol='BA', tradingClass='BA'), position=632.0, marketPrice=248.55999755, marketValue=157089.92, averageCost=243.07768985, unrealizedPNL=3464.82, realizedPNL=0.0, account='DUH400053')
2026-01-16 10:58:17,988 - INFO - updatePortfolio: PortfolioItem(contract=Stock(conId=6437, symbol='TGT', right='0', primaryExchange='NYSE', currency='USD', localSymbol='TGT', tradingClass='TGT'), position=244.0, marketPrice=111.40000155, marketValue=27181.6, averageCost=104.635, unrealizedPNL=1650.66, realizedPNL=0.0, account='DUH400053')
2026-01-16 10:58:17,989 - INFO - updatePortfolio: PortfolioItem(contract=Stock(conId=6459, symbol='DIS', right='0', primaryExchange='NYSE', currency='USD', localSymbol='DIS', tradingClass='DIS'), position=220.0, marketPrice=113.44000245, marketValue=24956.8, averageCost=114.9268182, unrealizedPNL=-327.1, realizedPNL=0.0, account='DUH400053')
2026-01-16 10:58:17,989 - INFO - updatePortfolio: PortfolioItem(contract=Stock(conId=9939, symbol='MU', right='0', primaryExchange='NASDAQ', currency='USD', localSymbol='MU', tradingClass='NMS'), position=74.0, marketPrice=353.01000975, marketValue=26122.74, averageCost=342.7735135, unrealizedPNL=757.5, realizedPNL=0.0, account='DUH400053')
2026-01-16 10:58:17,991 - INFO - updatePortfolio: PortfolioItem(contract=Stock(conId=10291, symbol='NKE', right='0', primaryExchange='NYSE', currency='USD', localSymbol='NKE', tradingClass='NKE'), position=392.0, marketPrice=64.8199997, marketValue=25409.44, averageCost=64.94265305, unrealizedPNL=-48.08, realizedPNL=0.0, account='DUH400053')
2026-01-16 10:58:17,991 - INFO - updatePortfolio: PortfolioItem(contract=Stock(conId=12729, symbol='TER', right='0', primaryExchange='NASDAQ', currency='USD', localSymbol='TER', tradingClass='NMS'), position=30.0, marketPrice=230.4700012, marketValue=6914.1, averageCost=162.53335665, unrealizedPNL=2038.1, realizedPNL=0.0, account='DUH400053')
2026-01-16 10:58:17,992 - INFO - updatePortfolio: PortfolioItem(contract=Stock(conId=272110, symbol='MSTR', right='0', primaryExchange='NASDAQ', currency='USD', localSymbol='MSTR', tradingClass='NMS'), position=154.0, marketPrice=173.1000061, marketValue=26657.4, averageCost=164.3264935, unrealizedPNL=1351.12, realizedPNL=0.0, account='DUH400053')
2026-01-16 10:58:17,993 - INFO - updatePortfolio: PortfolioItem(contract=Stock(conId=756733, symbol='SPY', right='0', primaryExchange='ARCA', currency='USD', localSymbol='SPY', tradingClass='SPY'), position=36.0, marketPrice=693.89886475, marketValue=24980.36, averageCost=692.2177778, unrealizedPNL=60.52, realizedPNL=0.0, account='DUH400053')
2026-01-16 10:58:17,993 - INFO - updatePortfolio: PortfolioItem(contract=Stock(conId=1520593, symbol='JPM', right='0', primaryExchange='NYSE', currency='USD', localSymbol='JPM', tradingClass='JPM'), position=77.0, marketPrice=310.75, marketValue=23927.75, averageCost=329.782987, unrealizedPNL=-1465.54, realizedPNL=0.0, account='DUH400053')
2026-01-16 10:58:17,994 - INFO - updatePortfolio: PortfolioItem(contract=Stock(conId=4813508, symbol='INOD', right='0', primaryExchange='NASDAQ', currency='USD', localSymbol='INOD', tradingClass='NMS'), position=393.0, marketPrice=60.0, marketValue=23580.0, averageCost=63.0334733, unrealizedPNL=-1192.15, realizedPNL=0.0, account='DUH400053')
2026-01-16 10:58:17,995 - INFO - updatePortfolio: PortfolioItem(contract=Stock(conId=4815747, symbol='NVDA', right='0', primaryExchange='NASDAQ', currency='USD', localSymbol='NVDA', tradingClass='NMS'), position=54.0, marketPrice=188.4900055, marketValue=10178.46, averageCost=181.32205925, unrealizedPNL=387.07, realizedPNL=0.0, account='DUH400053')
2026-01-16 10:58:17,996 - INFO - updatePortfolio: PortfolioItem(contract=Stock(conId=15124833, symbol='NFLX', right='0', primaryExchange='NASDAQ', currency='USD', localSymbol='NFLX', tradingClass='NMS'), position=278.0, marketPrice=88.5699997, marketValue=24622.46, averageCost=91.655, unrealizedPNL=-857.63, realizedPNL=0.0, account='DUH400053')
2026-01-16 10:58:17,996 - INFO - updatePortfolio: PortfolioItem(contract=Stock(conId=70101545, symbol='MRK', right='0', primaryExchange='NYSE', currency='USD', localSymbol='MRK', tradingClass='MRK'), position=230.0, marketPrice=111.19999695, marketValue=25576.0, averageCost=110.125, unrealizedPNL=247.25, realizedPNL=0.0, account='DUH400053')
2026-01-16 10:58:17,997 - INFO - updatePortfolio: PortfolioItem(contract=Stock(conId=76792991, symbol='TSLA', right='0', primaryExchange='NASDAQ', currency='USD', localSymbol='TSLA', tradingClass='NMS'), position=57.0, marketPrice=440.2799988, marketValue=25095.96, averageCost=440.38754385, unrealizedPNL=-6.13, realizedPNL=0.0, account='DUH400053')
2026-01-16 10:58:17,998 - INFO - updatePortfolio: PortfolioItem(contract=Stock(conId=107113386, symbol='META', right='0', primaryExchange='NASDAQ', currency='USD', localSymbol='META', tradingClass='NMS'), position=38.0, marketPrice=622.5499878, marketValue=23656.9, averageCost=657.4963158, unrealizedPNL=-1327.96, realizedPNL=0.0, account='DUH400053')
2026-01-16 10:58:17,999 - INFO - updatePortfolio: PortfolioItem(contract=Stock(conId=195014116, symbol='SHOP', right='0', primaryExchange='NASDAQ', currency='USD', localSymbol='SHOP', tradingClass='NMS'), position=152.0, marketPrice=158.25, marketValue=24054.0, averageCost=166.99657895, unrealizedPNL=-1329.48, realizedPNL=0.0, account='DUH400053')
2026-01-16 10:58:18,000 - INFO - updatePortfolio: PortfolioItem(contract=Stock(conId=199169591, symbol='PYPL', right='0', primaryExchange='NASDAQ', currency='USD', localSymbol='PYPL', tradingClass='NMS'), position=425.0, marketPrice=56.91999815, marketValue=24191.0, averageCost=59.885, unrealizedPNL=-1260.13, realizedPNL=0.0, account='DUH400053')
2026-01-16 10:58:18,001 - INFO - updatePortfolio: PortfolioItem(contract=Stock(conId=290651477, symbol='ROKU', right='0', primaryExchange='NASDAQ', currency='USD', localSymbol='ROKU', tradingClass='NMS'), position=229.0, marketPrice=104.98000335, marketValue=24040.42, averageCost=110.755, unrealizedPNL=-1322.47, realizedPNL=0.0, account='DUH400053')
2026-01-16 10:58:18,002 - INFO - updatePortfolio: PortfolioItem(contract=Stock(conId=313130367, symbol='AVGO', right='0', primaryExchange='NASDAQ', currency='USD', localSymbol='AVGO', tradingClass='NMS'), position=75.0, marketPrice=346.5, marketValue=25987.5, averageCost=338.48333335, unrealizedPNL=601.25, realizedPNL=0.0, account='DUH400053')
2026-01-16 10:58:18,002 - INFO - updatePortfolio: PortfolioItem(contract=Stock(conId=320227571, symbol='QQQ', right='0', primaryExchange='NASDAQ', currency='USD', localSymbol='QQQ', tradingClass='NMS'), position=40.0, marketPrice=624.35998535, marketValue=24974.4, averageCost=623.215, unrealizedPNL=45.8, realizedPNL=0.0, account='DUH400053')
2026-01-16 10:58:18,003 - INFO - updatePortfolio: PortfolioItem(contract=Stock(conId=324651164, symbol='QUBT', right='0', primaryExchange='NASDAQ', currency='USD', localSymbol='QUBT', tradingClass='SCM'), position=535.0, marketPrice=12.4200001, marketValue=6644.7, averageCost=9.34502205, unrealizedPNL=1645.11, realizedPNL=0.0, account='DUH400053')
2026-01-16 10:58:18,003 - INFO - updatePortfolio: PortfolioItem(contract=Stock(conId=365207014, symbol='UBER', right='0', primaryExchange='NYSE', currency='USD', localSymbol='UBER', tradingClass='UBER'), position=299.0, marketPrice=84.48999785, marketValue=25262.51, averageCost=84.51533445, unrealizedPNL=-7.58, realizedPNL=0.0, account='DUH400053')
2026-01-16 10:58:18,004 - INFO - updatePortfolio: PortfolioItem(contract=Stock(conId=370757467, symbol='CRWD', right='0', primaryExchange='NASDAQ', currency='USD', localSymbol='CRWD', tradingClass='NMS'), position=53.0, marketPrice=458.6199951, marketValue=24306.86, averageCost=473.4188679, unrealizedPNL=-784.34, realizedPNL=0.0, account='DUH400053')
2026-01-16 10:58:18,004 - INFO - updatePortfolio: PortfolioItem(contract=Stock(conId=481691285, symbol='COIN', right='0', primaryExchange='NASDAQ', currency='USD', localSymbol='COIN', tradingClass='NMS'), position=36.0, marketPrice=242.0, marketValue=8712.0, averageCost=269.8705778, unrealizedPNL=-1003.34, realizedPNL=0.0, account='DUH400053')
2026-01-16 10:58:18,016 - INFO - updatePortfolio: PortfolioItem(contract=Stock(conId=560105364, symbol='DKNG', right='0', primaryExchange='NASDAQ', currency='USD', localSymbol='DKNG', tradingClass='NMS'), position=726.0, marketPrice=35.70000075, marketValue=25918.2, averageCost=34.83279615, unrealizedPNL=629.59, realizedPNL=0.0, account='DUH400053')
2026-01-16 10:58:18,159 - INFO -   ORCL: 251 days
2026-01-16 10:58:19,210 - INFO -   JPM: 251 days
2026-01-16 10:58:20,245 - INFO -   COIN: 251 days
2026-01-16 10:58:21,291 - INFO -   SPY: 251 days
2026-01-16 10:58:22,335 - INFO -   SOFI: 251 days
2026-01-16 10:58:23,382 - INFO -   QUBT: 251 days
2026-01-16 10:58:24,432 - INFO -   PLTR: 251 days
2026-01-16 10:58:25,478 - INFO -   CRM: 251 days
2026-01-16 10:58:26,521 - INFO -   MSFT: 251 days
2026-01-16 10:58:27,582 - INFO -   MRK: 251 days
2026-01-16 10:58:28,622 - INFO -   ARM: 251 days
2026-01-16 10:58:29,665 - INFO -   AAPL: 251 days
2026-01-16 10:58:30,795 - INFO -   MA: 251 days
2026-01-16 10:58:31,840 - INFO -   MSTR: 251 days
2026-01-16 10:58:32,872 - INFO -   MU: 251 days
2026-01-16 10:58:33,927 - INFO -   AVGO: 251 days
2026-01-16 10:58:34,975 - INFO -   ADBE: 251 days
2026-01-16 10:58:36,025 - INFO -   IWM: 251 days
2026-01-16 10:58:37,059 - INFO -   UBER: 251 days
2026-01-16 10:58:38,130 - INFO -   XLF: 251 days
2026-01-16 10:58:39,190 - INFO -   GOOGL: 251 days
2026-01-16 10:58:40,250 - INFO -   XLK: 251 days
2026-01-16 10:58:41,300 - INFO -   META: 251 days
2026-01-16 10:58:42,333 - INFO -   DKNG: 251 days
2026-01-16 10:58:43,400 - INFO -   LLY: 251 days
2026-01-16 10:58:44,452 - INFO -   PANW: 251 days
2026-01-16 10:58:45,501 - INFO -   LCID: 251 days
2026-01-16 10:58:46,547 - INFO -   NIO: 251 days
2026-01-16 10:58:47,594 - INFO -   TSLA: 251 days
2026-01-16 10:58:48,640 - INFO -   QBTS: 251 days
2026-01-16 10:58:49,680 - INFO -   UPST: 251 days
2026-01-16 10:58:50,767 - INFO -   NKE: 251 days
2026-01-16 10:58:51,812 - INFO -   AMZN: 251 days
2026-01-16 10:58:52,865 - INFO -   QQQ: 251 days
2026-01-16 10:58:53,652 - ERROR - Error 162, reqId 108: Historical Market Data Service error message:No market data permissions for IBIS STK, contract: Stock(conId=824106752, symbol='TKMS', exchange='IBIS', primaryExchange='IBIS', currency='EUR', localSymbol='TKMS', tradingClass='XETRA')
2026-01-16 10:58:54,720 - INFO -   JNJ: 251 days
2026-01-16 10:58:55,759 - INFO -   VTI: 251 days
2026-01-16 10:58:56,931 - INFO -   DRH: 251 days
2026-01-16 10:58:57,972 - INFO -   AFRM: 251 days
2026-01-16 10:58:59,005 - INFO -   RIVN: 251 days
2026-01-16 10:59:00,045 - INFO -   UNH: 251 days
2026-01-16 10:59:01,086 - INFO -   V: 251 days
2026-01-16 10:59:01,602 - INFO - Disconnecting from 127.0.0.1:7497, 8.08 kB sent in 128 messages, 959 kB received in 758 messages, session time 63.5 s.
2026-01-16 10:59:01,603 - INFO - Disconnecting
2026-01-16 10:59:01,639 - INFO - Running backtest: 251 days
2026-01-16 10:59:01,640 - INFO - Strategies: {'SNOW': 'SUPERTREND', 'SHOP': 'SUPERTREND', 'VOO': 'TREND_FOLLOW', 'NFLX': 'SUPERTREND', 'INOD': 'SUPERTREND', 'MRNA': 'SUPERTREND', 'PYPL': 'SUPERTREND', 'TGT': 'SUPERTREND', 'SMCI': 'SUPERTREND', 'PDYN': 'SUPERTREND', 'HOOD': 'SUPERTREND', 'BABA': 'SUPERTREND', 'CRWD': 'SUPERTREND', 'NVDA': 'SUPERTREND', 'NOW': 'SUPERTREND', 'DIA': 'SUPERTREND', 'PFE': 'SUPERTREND', 'AMD': 'SUPERTREND', 'ORCL': 'SUPERTREND', 'JPM': 'SUPERTREND', 'COIN': 'SUPERTREND', 'SPY': 'TREND_FOLLOW', 'SOFI': 'SUPERTREND', 'QUBT': 'SUPERTREND', 'PLTR': 'SUPERTREND', 'CRM': 'SUPERTREND', 'MSFT': 'SUPERTREND', 'MRK': 'SUPERTREND', 'ARM': 'SUPERTREND', 'AAPL': 'SUPERTREND', 'MA': 'SUPERTREND', 'MSTR': 'SUPERTREND', 'MU': 'SUPERTREND', 'AVGO': 'SUPERTREND', 'ADBE': 'SUPERTREND', 'IWM': 'SUPERTREND', 'UBER': 'SUPERTREND', 'XLF': 'SUPERTREND', 'GOOGL': 'SUPERTREND', 'XLK': 'SUPERTREND', 'META': 'SUPERTREND', 'DKNG': 'SUPERTREND', 'LLY': 'SUPERTREND', 'PANW': 'SUPERTREND', 'LCID': 'SUPERTREND', 'NIO': 'SUPERTREND', 'TSLA': 'SUPERTREND', 'QBTS': 'SUPERTREND', 'UPST': 'SUPERTREND', 'NKE': 'SUPERTREND', 'AMZN': 'SUPERTREND', 'QQQ': 'TREND_FOLLOW', 'JNJ': 'TREND_FOLLOW', 'VTI': 'TREND_FOLLOW', 'DRH': 'SUPERTREND', 'AFRM': 'SUPERTREND', 'RIVN': 'SUPERTREND', 'UNH': 'SUPERTREND', 'V': 'SUPERTREND'}
2026-01-16 11:00:55,849 - INFO - Connecting to 127.0.0.1:7497 with clientId 52...
2026-01-16 11:00:55,851 - INFO - Connected
2026-01-16 11:00:55,857 - INFO - Logged on to server version 176
2026-01-16 11:00:55,865 - INFO - Warning 2104, reqId -1: Market data farm connection is OK:hfarm
2026-01-16 11:00:55,865 - INFO - Warning 2104, reqId -1: Market data farm connection is OK:eufarmnj
2026-01-16 11:00:55,866 - INFO - Warning 2104, reqId -1: Market data farm connection is OK:cashfarm
2026-01-16 11:00:55,866 - INFO - Warning 2104, reqId -1: Market data farm connection is OK:usfuture
2026-01-16 11:00:55,867 - INFO - Warning 2104, reqId -1: Market data farm connection is OK:jfarm
2026-01-16 11:00:55,867 - INFO - Warning 2104, reqId -1: Market data farm connection is OK:eufarm
2026-01-16 11:00:55,868 - INFO - Warning 2104, reqId -1: Market data farm connection is OK:usfarm
2026-01-16 11:00:55,868 - INFO - Warning 2106, reqId -1: HMDS data farm connection is OK:euhmds
2026-01-16 11:00:55,869 - INFO - Warning 2106, reqId -1: HMDS data farm connection is OK:fundfarm
2026-01-16 11:00:55,869 - INFO - Warning 2106, reqId -1: HMDS data farm connection is OK:ushmds
2026-01-16 11:00:55,870 - INFO - Warning 2158, reqId -1: Sec-def data farm connection is OK:secdefil
2026-01-16 11:00:55,871 - INFO - API connection ready
2026-01-16 11:00:55,873 - INFO - position: Position(account='DUH400053', contract=Stock(conId=9939, symbol='MU', exchange='NASDAQ', currency='USD', localSymbol='MU', tradingClass='NMS'), position=74.0, avgCost=342.7735135)
2026-01-16 11:00:55,874 - INFO - position: Position(account='DUH400053', contract=Stock(conId=313130367, symbol='AVGO', exchange='NASDAQ', currency='USD', localSymbol='AVGO', tradingClass='NMS'), position=75.0, avgCost=338.48333335)
2026-01-16 11:00:55,875 - INFO - position: Position(account='DUH400053', contract=Stock(conId=4815747, symbol='NVDA', exchange='NASDAQ', currency='USD', localSymbol='NVDA', tradingClass='NMS'), position=54.0, avgCost=181.32205925)
2026-01-16 11:00:55,875 - INFO - position: Position(account='DUH400053', contract=Stock(conId=107113386, symbol='META', exchange='NASDAQ', currency='USD', localSymbol='META', tradingClass='NMS'), position=38.0, avgCost=657.4963158)
2026-01-16 11:00:55,876 - INFO - position: Position(account='DUH400053', contract=Stock(conId=370757467, symbol='CRWD', exchange='NASDAQ', currency='USD', localSymbol='CRWD', tradingClass='NMS'), position=53.0, avgCost=473.4188679)
2026-01-16 11:00:55,877 - INFO - position: Position(account='DUH400053', contract=Stock(conId=1520593, symbol='JPM', exchange='NYSE', currency='USD', localSymbol='JPM', tradingClass='JPM'), position=77.0, avgCost=329.782987)
2026-01-16 11:00:55,878 - INFO - position: Position(account='DUH400053', contract=Stock(conId=324651164, symbol='QUBT', exchange='NASDAQ', currency='USD', localSymbol='QUBT', tradingClass='SCM'), position=535.0, avgCost=9.34502205)
2026-01-16 11:00:55,879 - INFO - position: Position(account='DUH400053', contract=Stock(conId=195014116, symbol='SHOP', exchange='NASDAQ', currency='USD', localSymbol='SHOP', tradingClass='NMS'), position=152.0, avgCost=166.99657895)
2026-01-16 11:00:55,880 - INFO - position: Position(account='DUH400053', contract=Stock(conId=756733, symbol='SPY', exchange='ARCA', currency='USD', localSymbol='SPY', tradingClass='SPY'), position=36.0, avgCost=692.2177778)
2026-01-16 11:00:55,881 - INFO - position: Position(account='DUH400053', contract=Stock(conId=560105364, symbol='DKNG', exchange='NASDAQ', currency='USD', localSymbol='DKNG', tradingClass='NMS'), position=726.0, avgCost=34.83279615)
2026-01-16 11:00:55,881 - INFO - position: Position(account='DUH400053', contract=Stock(conId=272110, symbol='MSTR', exchange='NASDAQ', currency='USD', localSymbol='MSTR', tradingClass='NMS'), position=154.0, avgCost=164.3264935)
2026-01-16 11:00:55,882 - INFO - position: Position(account='DUH400053', contract=Stock(conId=199169591, symbol='PYPL', exchange='NASDAQ', currency='USD', localSymbol='PYPL', tradingClass='NMS'), position=425.0, avgCost=59.885)
2026-01-16 11:00:55,883 - INFO - position: Position(account='DUH400053', contract=Stock(conId=640796125, symbol='PDYN', exchange='NASDAQ', currency='USD', localSymbol='PDYN', tradingClass='NMS'), position=-1400.0, avgCost=6.62266215)
2026-01-16 11:00:55,884 - INFO - position: Position(account='DUH400053', contract=Stock(conId=320227571, symbol='QQQ', exchange='NASDAQ', currency='USD', localSymbol='QQQ', tradingClass='NMS'), position=40.0, avgCost=623.215)
2026-01-16 11:00:55,885 - INFO - position: Position(account='DUH400053', contract=Stock(conId=4762, symbol='BA', exchange='NYSE', currency='USD', localSymbol='BA', tradingClass='BA'), position=632.0, avgCost=243.07768985)
2026-01-16 11:00:55,886 - INFO - position: Position(account='DUH400053', contract=Stock(conId=344809106, symbol='MRNA', exchange='NASDAQ', currency='USD', localSymbol='MRNA', tradingClass='NMS'), position=733.0, avgCost=34.75431785)
2026-01-16 11:00:55,901 - INFO - position: Position(account='DUH400053', contract=Stock(conId=11031, symbol='PFE', exchange='NYSE', currency='USD', localSymbol='PFE', tradingClass='PFE'), position=994.0, avgCost=25.655)
2026-01-16 11:00:55,902 - INFO - position: Position(account='DUH400053', contract=Stock(conId=4813508, symbol='INOD', exchange='NASDAQ', currency='USD', localSymbol='INOD', tradingClass='NMS'), position=393.0, avgCost=63.0334733)
2026-01-16 11:00:55,903 - INFO - position: Position(account='DUH400053', contract=Stock(conId=76792991, symbol='TSLA', exchange='NASDAQ', currency='USD', localSymbol='TSLA', tradingClass='NMS'), position=57.0, avgCost=440.38754385)
2026-01-16 11:00:55,903 - INFO - position: Position(account='DUH400053', contract=Stock(conId=29624264, symbol='CRM', exchange='NYSE', currency='USD', localSymbol='CRM', tradingClass='CRM'), position=98.0, avgCost=259.2602041)
2026-01-16 11:00:55,904 - INFO - position: Position(account='DUH400053', contract=Stock(conId=290651477, symbol='ROKU', exchange='NASDAQ', currency='USD', localSymbol='ROKU', tradingClass='NMS'), position=229.0, avgCost=110.755)
2026-01-16 11:00:55,905 - INFO - position: Position(account='DUH400053', contract=Stock(conId=15124833, symbol='NFLX', exchange='NASDAQ', currency='USD', localSymbol='NFLX', tradingClass='NMS'), position=278.0, avgCost=91.655)
2026-01-16 11:00:55,905 - INFO - position: Position(account='DUH400053', contract=Stock(conId=70101545, symbol='MRK', exchange='NYSE', currency='USD', localSymbol='MRK', tradingClass='MRK'), position=230.0, avgCost=110.125)
2026-01-16 11:00:55,906 - INFO - position: Position(account='DUH400053', contract=Stock(conId=6459, symbol='DIS', exchange='NYSE', currency='USD', localSymbol='DIS', tradingClass='DIS'), position=220.0, avgCost=114.9268182)
2026-01-16 11:00:55,906 - INFO - position: Position(account='DUH400053', contract=Stock(conId=12729, symbol='TER', exchange='NASDAQ', currency='USD', localSymbol='TER', tradingClass='NMS'), position=30.0, avgCost=162.53335665)
2026-01-16 11:00:55,907 - INFO - position: Position(account='DUH400053', contract=Stock(conId=10291, symbol='NKE', exchange='NYSE', currency='USD', localSymbol='NKE', tradingClass='NKE'), position=392.0, avgCost=64.94265305)
2026-01-16 11:00:55,908 - INFO - position: Position(account='DUH400053', contract=Stock(conId=481691285, symbol='COIN', exchange='NASDAQ', currency='USD', localSymbol='COIN', tradingClass='NMS'), position=36.0, avgCost=269.8705778)
2026-01-16 11:00:55,908 - INFO - position: Position(account='DUH400053', contract=Stock(conId=365207014, symbol='UBER', exchange='NYSE', currency='USD', localSymbol='UBER', tradingClass='UBER'), position=299.0, avgCost=84.51533445)
2026-01-16 11:00:55,909 - INFO - position: Position(account='DUH400053', contract=Stock(conId=4391, symbol='AMD', exchange='NASDAQ', currency='USD', localSymbol='AMD', tradingClass='NMS'), position=-40.0, avgCost=239.8498125)
2026-01-16 11:00:55,909 - INFO - position: Position(account='DUH400053', contract=Stock(conId=6437, symbol='TGT', exchange='NYSE', currency='USD', localSymbol='TGT', tradingClass='TGT'), position=244.0, avgCost=104.635)
2026-01-16 11:00:55,977 - INFO - updatePortfolio: PortfolioItem(contract=Stock(conId=4391, symbol='AMD', right='0', primaryExchange='NASDAQ', currency='USD', localSymbol='AMD', tradingClass='NMS'), position=-40.0, marketPrice=234.16999815, marketValue=-9366.8, averageCost=239.8498125, unrealizedPNL=227.19, realizedPNL=0.0, account='DUH400053')
2026-01-16 11:00:55,978 - INFO - updatePortfolio: PortfolioItem(contract=Stock(conId=313130367, symbol='AVGO', right='0', primaryExchange='NASDAQ', currency='USD', localSymbol='AVGO', tradingClass='NMS'), position=75.0, marketPrice=346.5, marketValue=25987.5, averageCost=338.48333335, unrealizedPNL=601.25, realizedPNL=0.0, account='DUH400053')
2026-01-16 11:00:55,982 - INFO - updatePortfolio: PortfolioItem(contract=Stock(conId=4762, symbol='BA', right='0', primaryExchange='NYSE', currency='USD', localSymbol='BA', tradingClass='BA'), position=632.0, marketPrice=248.55999755, marketValue=157089.92, averageCost=243.07768985, unrealizedPNL=3464.82, realizedPNL=0.0, account='DUH400053')
2026-01-16 11:00:55,982 - INFO - updatePortfolio: PortfolioItem(contract=Stock(conId=481691285, symbol='COIN', right='0', primaryExchange='NASDAQ', currency='USD', localSymbol='COIN', tradingClass='NMS'), position=36.0, marketPrice=242.0, marketValue=8712.0, averageCost=269.8705778, unrealizedPNL=-1003.34, realizedPNL=0.0, account='DUH400053')
2026-01-16 11:00:55,983 - INFO - updatePortfolio: PortfolioItem(contract=Stock(conId=29624264, symbol='CRM', right='0', primaryExchange='NYSE', currency='USD', localSymbol='CRM', tradingClass='CRM'), position=98.0, marketPrice=234.3999939, marketValue=22971.2, averageCost=259.2602041, unrealizedPNL=-2436.3, realizedPNL=0.0, account='DUH400053')
2026-01-16 11:00:55,983 - INFO - updatePortfolio: PortfolioItem(contract=Stock(conId=370757467, symbol='CRWD', right='0', primaryExchange='NASDAQ', currency='USD', localSymbol='CRWD', tradingClass='NMS'), position=53.0, marketPrice=458.6199951, marketValue=24306.86, averageCost=473.4188679, unrealizedPNL=-784.34, realizedPNL=0.0, account='DUH400053')
2026-01-16 11:00:55,984 - INFO - updatePortfolio: PortfolioItem(contract=Stock(conId=6459, symbol='DIS', right='0', primaryExchange='NYSE', currency='USD', localSymbol='DIS', tradingClass='DIS'), position=220.0, marketPrice=113.44000245, marketValue=24956.8, averageCost=114.9268182, unrealizedPNL=-327.1, realizedPNL=0.0, account='DUH400053')
2026-01-16 11:00:55,985 - INFO - updatePortfolio: PortfolioItem(contract=Stock(conId=560105364, symbol='DKNG', right='0', primaryExchange='NASDAQ', currency='USD', localSymbol='DKNG', tradingClass='NMS'), position=726.0, marketPrice=35.70000075, marketValue=25918.2, averageCost=34.83279615, unrealizedPNL=629.59, realizedPNL=0.0, account='DUH400053')
2026-01-16 11:00:55,986 - INFO - updatePortfolio: PortfolioItem(contract=Stock(conId=4813508, symbol='INOD', right='0', primaryExchange='NASDAQ', currency='USD', localSymbol='INOD', tradingClass='NMS'), position=393.0, marketPrice=60.0, marketValue=23580.0, averageCost=63.0334733, unrealizedPNL=-1192.15, realizedPNL=0.0, account='DUH400053')
2026-01-16 11:00:55,986 - INFO - updatePortfolio: PortfolioItem(contract=Stock(conId=1520593, symbol='JPM', right='0', primaryExchange='NYSE', currency='USD', localSymbol='JPM', tradingClass='JPM'), position=77.0, marketPrice=310.75, marketValue=23927.75, averageCost=329.782987, unrealizedPNL=-1465.54, realizedPNL=0.0, account='DUH400053')
2026-01-16 11:00:55,987 - INFO - updatePortfolio: PortfolioItem(contract=Stock(conId=107113386, symbol='META', right='0', primaryExchange='NASDAQ', currency='USD', localSymbol='META', tradingClass='NMS'), position=38.0, marketPrice=622.5499878, marketValue=23656.9, averageCost=657.4963158, unrealizedPNL=-1327.96, realizedPNL=0.0, account='DUH400053')
2026-01-16 11:00:55,988 - INFO - updatePortfolio: PortfolioItem(contract=Stock(conId=70101545, symbol='MRK', right='0', primaryExchange='NYSE', currency='USD', localSymbol='MRK', tradingClass='MRK'), position=230.0, marketPrice=111.19999695, marketValue=25576.0, averageCost=110.125, unrealizedPNL=247.25, realizedPNL=0.0, account='DUH400053')
2026-01-16 11:00:55,988 - INFO - updatePortfolio: PortfolioItem(contract=Stock(conId=344809106, symbol='MRNA', right='0', primaryExchange='NASDAQ', currency='USD', localSymbol='MRNA', tradingClass='NMS'), position=733.0, marketPrice=39.70000075, marketValue=29100.1, averageCost=34.75431785, unrealizedPNL=3625.19, realizedPNL=0.0, account='DUH400053')
2026-01-16 11:00:55,989 - INFO - updatePortfolio: PortfolioItem(contract=Stock(conId=272110, symbol='MSTR', right='0', primaryExchange='NASDAQ', currency='USD', localSymbol='MSTR', tradingClass='NMS'), position=154.0, marketPrice=173.1000061, marketValue=26657.4, averageCost=164.3264935, unrealizedPNL=1351.12, realizedPNL=0.0, account='DUH400053')
2026-01-16 11:00:55,990 - INFO - updatePortfolio: PortfolioItem(contract=Stock(conId=9939, symbol='MU', right='0', primaryExchange='NASDAQ', currency='USD', localSymbol='MU', tradingClass='NMS'), position=74.0, marketPrice=353.01000975, marketValue=26122.74, averageCost=342.7735135, unrealizedPNL=757.5, realizedPNL=0.0, account='DUH400053')
2026-01-16 11:00:55,991 - INFO - updatePortfolio: PortfolioItem(contract=Stock(conId=15124833, symbol='NFLX', right='0', primaryExchange='NASDAQ', currency='USD', localSymbol='NFLX', tradingClass='NMS'), position=278.0, marketPrice=88.5699997, marketValue=24622.46, averageCost=91.655, unrealizedPNL=-857.63, realizedPNL=0.0, account='DUH400053')
2026-01-16 11:00:55,992 - INFO - updatePortfolio: PortfolioItem(contract=Stock(conId=10291, symbol='NKE', right='0', primaryExchange='NYSE', currency='USD', localSymbol='NKE', tradingClass='NKE'), position=392.0, marketPrice=64.8199997, marketValue=25409.44, averageCost=64.94265305, unrealizedPNL=-48.08, realizedPNL=0.0, account='DUH400053')
2026-01-16 11:00:56,005 - INFO - updatePortfolio: PortfolioItem(contract=Stock(conId=4815747, symbol='NVDA', right='0', primaryExchange='NASDAQ', currency='USD', localSymbol='NVDA', tradingClass='NMS'), position=54.0, marketPrice=188.4900055, marketValue=10178.46, averageCost=181.32205925, unrealizedPNL=387.07, realizedPNL=0.0, account='DUH400053')
2026-01-16 11:00:56,006 - INFO - updatePortfolio: PortfolioItem(contract=Stock(conId=640796125, symbol='PDYN', right='0', primaryExchange='NASDAQ', currency='USD', localSymbol='PDYN', tradingClass='NMS'), position=-1400.0, marketPrice=7.0300002, marketValue=-9842.0, averageCost=6.62266215, unrealizedPNL=-570.27, realizedPNL=0.0, account='DUH400053')
2026-01-16 11:00:56,006 - INFO - updatePortfolio: PortfolioItem(contract=Stock(conId=11031, symbol='PFE', right='0', primaryExchange='NYSE', currency='USD', localSymbol='PFE', tradingClass='PFE'), position=994.0, marketPrice=25.80999945, marketValue=25655.14, averageCost=25.655, unrealizedPNL=154.07, realizedPNL=0.0, account='DUH400053')
2026-01-16 11:00:56,007 - INFO - updatePortfolio: PortfolioItem(contract=Stock(conId=199169591, symbol='PYPL', right='0', primaryExchange='NASDAQ', currency='USD', localSymbol='PYPL', tradingClass='NMS'), position=425.0, marketPrice=56.91999815, marketValue=24191.0, averageCost=59.885, unrealizedPNL=-1260.13, realizedPNL=0.0, account='DUH400053')
2026-01-16 11:00:56,009 - INFO - updatePortfolio: PortfolioItem(contract=Stock(conId=320227571, symbol='QQQ', right='0', primaryExchange='NASDAQ', currency='USD', localSymbol='QQQ', tradingClass='NMS'), position=40.0, marketPrice=624.35998535, marketValue=24974.4, averageCost=623.215, unrealizedPNL=45.8, realizedPNL=0.0, account='DUH400053')
2026-01-16 11:00:56,009 - INFO - updatePortfolio: PortfolioItem(contract=Stock(conId=324651164, symbol='QUBT', right='0', primaryExchange='NASDAQ', currency='USD', localSymbol='QUBT', tradingClass='SCM'), position=535.0, marketPrice=12.4200001, marketValue=6644.7, averageCost=9.34502205, unrealizedPNL=1645.11, realizedPNL=0.0, account='DUH400053')
2026-01-16 11:00:56,010 - INFO - updatePortfolio: PortfolioItem(contract=Stock(conId=290651477, symbol='ROKU', right='0', primaryExchange='NASDAQ', currency='USD', localSymbol='ROKU', tradingClass='NMS'), position=229.0, marketPrice=104.98000335, marketValue=24040.42, averageCost=110.755, unrealizedPNL=-1322.47, realizedPNL=0.0, account='DUH400053')
2026-01-16 11:00:56,011 - INFO - updatePortfolio: PortfolioItem(contract=Stock(conId=195014116, symbol='SHOP', right='0', primaryExchange='NASDAQ', currency='USD', localSymbol='SHOP', tradingClass='NMS'), position=152.0, marketPrice=158.25, marketValue=24054.0, averageCost=166.99657895, unrealizedPNL=-1329.48, realizedPNL=0.0, account='DUH400053')
2026-01-16 11:00:56,011 - INFO - updatePortfolio: PortfolioItem(contract=Stock(conId=756733, symbol='SPY', right='0', primaryExchange='ARCA', currency='USD', localSymbol='SPY', tradingClass='SPY'), position=36.0, marketPrice=693.89886475, marketValue=24980.36, averageCost=692.2177778, unrealizedPNL=60.52, realizedPNL=0.0, account='DUH400053')
2026-01-16 11:00:56,012 - INFO - updatePortfolio: PortfolioItem(contract=Stock(conId=12729, symbol='TER', right='0', primaryExchange='NASDAQ', currency='USD', localSymbol='TER', tradingClass='NMS'), position=30.0, marketPrice=230.4700012, marketValue=6914.1, averageCost=162.53335665, unrealizedPNL=2038.1, realizedPNL=0.0, account='DUH400053')
2026-01-16 11:00:56,013 - INFO - updatePortfolio: PortfolioItem(contract=Stock(conId=6437, symbol='TGT', right='0', primaryExchange='NYSE', currency='USD', localSymbol='TGT', tradingClass='TGT'), position=244.0, marketPrice=111.40000155, marketValue=27181.6, averageCost=104.635, unrealizedPNL=1650.66, realizedPNL=0.0, account='DUH400053')
2026-01-16 11:00:56,014 - INFO - updatePortfolio: PortfolioItem(contract=Stock(conId=76792991, symbol='TSLA', right='0', primaryExchange='NASDAQ', currency='USD', localSymbol='TSLA', tradingClass='NMS'), position=57.0, marketPrice=440.2799988, marketValue=25095.96, averageCost=440.38754385, unrealizedPNL=-6.13, realizedPNL=0.0, account='DUH400053')
2026-01-16 11:00:56,014 - INFO - updatePortfolio: PortfolioItem(contract=Stock(conId=365207014, symbol='UBER', right='0', primaryExchange='NYSE', currency='USD', localSymbol='UBER', tradingClass='UBER'), position=299.0, marketPrice=84.48999785, marketValue=25262.51, averageCost=84.51533445, unrealizedPNL=-7.58, realizedPNL=0.0, account='DUH400053')
2026-01-16 11:00:56,018 - INFO - Synchronization complete
2026-01-16 11:00:56,019 - INFO - Connected to IB. Fetching data for 60 symbols...
2026-01-16 11:00:56,566 - INFO -   ARM: 251 days
2026-01-16 11:00:57,602 - INFO -   AMZN: 251 days
2026-01-16 11:00:58,640 - INFO -   JPM: 251 days
2026-01-16 11:00:59,680 - INFO -   MSFT: 251 days
2026-01-16 11:01:00,792 - INFO -   AAPL: 251 days
2026-01-16 11:01:01,835 - INFO -   SNOW: 251 days
2026-01-16 11:01:02,883 - INFO -   INOD: 251 days
2026-01-16 11:01:03,915 - INFO -   VTI: 251 days
2026-01-16 11:01:04,703 - ERROR - Error 162, reqId 20: Historical Market Data Service error message:No market data permissions for IBIS STK, contract: Stock(conId=824106752, symbol='TKMS', exchange='IBIS', primaryExchange='IBIS', currency='EUR', localSymbol='TKMS', tradingClass='XETRA')
2026-01-16 11:01:05,745 - INFO -   MRNA: 251 days
2026-01-16 11:01:06,793 - INFO -   TSLA: 251 days
2026-01-16 11:01:07,845 - INFO -   NKE: 251 days
2026-01-16 11:01:08,886 - INFO -   PLTR: 251 days
2026-01-16 11:01:09,933 - INFO -   AMD: 251 days
2026-01-16 11:01:10,999 - INFO -   PFE: 251 days
2026-01-16 11:01:12,043 - INFO -   UBER: 251 days
2026-01-16 11:01:13,440 - INFO -   IWM: 251 days
2026-01-16 11:01:14,491 - INFO -   JNJ: 251 days
2026-01-16 11:01:15,532 - INFO -   AFRM: 251 days
2026-01-16 11:01:16,570 - INFO -   CRM: 251 days
2026-01-16 11:01:17,611 - INFO -   MSTR: 251 days
2026-01-16 11:01:17,997 - INFO - updatePortfolio: PortfolioItem(contract=Stock(conId=4391, symbol='AMD', right='0', primaryExchange='NASDAQ', currency='USD', localSymbol='AMD', tradingClass='NMS'), position=-40.0, marketPrice=234.08000185, marketValue=-9363.2, averageCost=239.8498125, unrealizedPNL=230.79, realizedPNL=0.0, account='DUH400053')
2026-01-16 11:01:17,998 - INFO - updatePortfolio: PortfolioItem(contract=Stock(conId=4762, symbol='BA', right='0', primaryExchange='NYSE', currency='USD', localSymbol='BA', tradingClass='BA'), position=632.0, marketPrice=248.55999755, marketValue=157089.92, averageCost=243.07768985, unrealizedPNL=3464.82, realizedPNL=0.0, account='DUH400053')
2026-01-16 11:01:18,002 - INFO - updatePortfolio: PortfolioItem(contract=Stock(conId=6437, symbol='TGT', right='0', primaryExchange='NYSE', currency='USD', localSymbol='TGT', tradingClass='TGT'), position=244.0, marketPrice=111.40000155, marketValue=27181.6, averageCost=104.635, unrealizedPNL=1650.66, realizedPNL=0.0, account='DUH400053')
2026-01-16 11:01:18,002 - INFO - updatePortfolio: PortfolioItem(contract=Stock(conId=6459, symbol='DIS', right='0', primaryExchange='NYSE', currency='USD', localSymbol='DIS', tradingClass='DIS'), position=220.0, marketPrice=113.44000245, marketValue=24956.8, averageCost=114.9268182, unrealizedPNL=-327.1, realizedPNL=0.0, account='DUH400053')
2026-01-16 11:01:18,003 - INFO - updatePortfolio: PortfolioItem(contract=Stock(conId=9939, symbol='MU', right='0', primaryExchange='NASDAQ', currency='USD', localSymbol='MU', tradingClass='NMS'), position=74.0, marketPrice=352.75, marketValue=26103.5, averageCost=342.7735135, unrealizedPNL=738.26, realizedPNL=0.0, account='DUH400053')
2026-01-16 11:01:18,004 - INFO - updatePortfolio: PortfolioItem(contract=Stock(conId=12729, symbol='TER', right='0', primaryExchange='NASDAQ', currency='USD', localSymbol='TER', tradingClass='NMS'), position=30.0, marketPrice=230.4700012, marketValue=6914.1, averageCost=162.53335665, unrealizedPNL=2038.1, realizedPNL=0.0, account='DUH400053')
2026-01-16 11:01:18,004 - INFO - updatePortfolio: PortfolioItem(contract=Stock(conId=272110, symbol='MSTR', right='0', primaryExchange='NASDAQ', currency='USD', localSymbol='MSTR', tradingClass='NMS'), position=154.0, marketPrice=173.1000061, marketValue=26657.4, averageCost=164.3264935, unrealizedPNL=1351.12, realizedPNL=0.0, account='DUH400053')
2026-01-16 11:01:18,005 - INFO - updatePortfolio: PortfolioItem(contract=Stock(conId=756733, symbol='SPY', right='0', primaryExchange='ARCA', currency='USD', localSymbol='SPY', tradingClass='SPY'), position=36.0, marketPrice=694.0178833, marketValue=24984.64, averageCost=692.2177778, unrealizedPNL=64.8, realizedPNL=0.0, account='DUH400053')
2026-01-16 11:01:18,005 - INFO - updatePortfolio: PortfolioItem(contract=Stock(conId=1520593, symbol='JPM', right='0', primaryExchange='NYSE', currency='USD', localSymbol='JPM', tradingClass='JPM'), position=77.0, marketPrice=310.75, marketValue=23927.75, averageCost=329.782987, unrealizedPNL=-1465.54, realizedPNL=0.0, account='DUH400053')
2026-01-16 11:01:18,006 - INFO - updatePortfolio: PortfolioItem(contract=Stock(conId=4815747, symbol='NVDA', right='0', primaryExchange='NASDAQ', currency='USD', localSymbol='NVDA', tradingClass='NMS'), position=54.0, marketPrice=188.5299988, marketValue=10180.62, averageCost=181.32205925, unrealizedPNL=389.23, realizedPNL=0.0, account='DUH400053')
2026-01-16 11:01:18,006 - INFO - updatePortfolio: PortfolioItem(contract=Stock(conId=15124833, symbol='NFLX', right='0', primaryExchange='NASDAQ', currency='USD', localSymbol='NFLX', tradingClass='NMS'), position=278.0, marketPrice=88.5699997, marketValue=24622.46, averageCost=91.655, unrealizedPNL=-857.63, realizedPNL=0.0, account='DUH400053')
2026-01-16 11:01:18,007 - INFO - updatePortfolio: PortfolioItem(contract=Stock(conId=29624264, symbol='CRM', right='0', primaryExchange='NYSE', currency='USD', localSymbol='CRM', tradingClass='CRM'), position=98.0, marketPrice=234.3999939, marketValue=22971.2, averageCost=259.2602041, unrealizedPNL=-2436.3, realizedPNL=0.0, account='DUH400053')
2026-01-16 11:01:18,007 - INFO - updatePortfolio: PortfolioItem(contract=Stock(conId=76792991, symbol='TSLA', right='0', primaryExchange='NASDAQ', currency='USD', localSymbol='TSLA', tradingClass='NMS'), position=57.0, marketPrice=440.44000245, marketValue=25105.08, averageCost=440.38754385, unrealizedPNL=2.99, realizedPNL=0.0, account='DUH400053')
2026-01-16 11:01:18,008 - INFO - updatePortfolio: PortfolioItem(contract=Stock(conId=107113386, symbol='META', right='0', primaryExchange='NASDAQ', currency='USD', localSymbol='META', tradingClass='NMS'), position=38.0, marketPrice=622.5499878, marketValue=23656.9, averageCost=657.4963158, unrealizedPNL=-1327.96, realizedPNL=0.0, account='DUH400053')
2026-01-16 11:01:18,009 - INFO - updatePortfolio: PortfolioItem(contract=Stock(conId=195014116, symbol='SHOP', right='0', primaryExchange='NASDAQ', currency='USD', localSymbol='SHOP', tradingClass='NMS'), position=152.0, marketPrice=158.25, marketValue=24054.0, averageCost=166.99657895, unrealizedPNL=-1329.48, realizedPNL=0.0, account='DUH400053')
2026-01-16 11:01:18,009 - INFO - updatePortfolio: PortfolioItem(contract=Stock(conId=199169591, symbol='PYPL', right='0', primaryExchange='NASDAQ', currency='USD', localSymbol='PYPL', tradingClass='NMS'), position=425.0, marketPrice=56.9300003, marketValue=24195.25, averageCost=59.885, unrealizedPNL=-1255.87, realizedPNL=0.0, account='DUH400053')
2026-01-16 11:01:18,010 - INFO - updatePortfolio: PortfolioItem(contract=Stock(conId=290651477, symbol='ROKU', right='0', primaryExchange='NASDAQ', currency='USD', localSymbol='ROKU', tradingClass='NMS'), position=229.0, marketPrice=104.98000335, marketValue=24040.42, averageCost=110.755, unrealizedPNL=-1322.47, realizedPNL=0.0, account='DUH400053')
2026-01-16 11:01:18,011 - INFO - updatePortfolio: PortfolioItem(contract=Stock(conId=313130367, symbol='AVGO', right='0', primaryExchange='NASDAQ', currency='USD', localSymbol='AVGO', tradingClass='NMS'), position=75.0, marketPrice=346.5, marketValue=25987.5, averageCost=338.48333335, unrealizedPNL=601.25, realizedPNL=0.0, account='DUH400053')
2026-01-16 11:01:18,011 - INFO - updatePortfolio: PortfolioItem(contract=Stock(conId=320227571, symbol='QQQ', right='0', primaryExchange='NASDAQ', currency='USD', localSymbol='QQQ', tradingClass='NMS'), position=40.0, marketPrice=624.51000975, marketValue=24980.4, averageCost=623.215, unrealizedPNL=51.8, realizedPNL=0.0, account='DUH400053')
2026-01-16 11:01:18,011 - INFO - updatePortfolio: PortfolioItem(contract=Stock(conId=324651164, symbol='QUBT', right='0', primaryExchange='NASDAQ', currency='USD', localSymbol='QUBT', tradingClass='SCM'), position=535.0, marketPrice=12.4300003, marketValue=6650.05, averageCost=9.34502205, unrealizedPNL=1650.46, realizedPNL=0.0, account='DUH400053')
2026-01-16 11:01:18,012 - INFO - updatePortfolio: PortfolioItem(contract=Stock(conId=365207014, symbol='UBER', right='0', primaryExchange='NYSE', currency='USD', localSymbol='UBER', tradingClass='UBER'), position=299.0, marketPrice=84.48999785, marketValue=25262.51, averageCost=84.51533445, unrealizedPNL=-7.58, realizedPNL=0.0, account='DUH400053')
2026-01-16 11:01:18,012 - INFO - updatePortfolio: PortfolioItem(contract=Stock(conId=370757467, symbol='CRWD', right='0', primaryExchange='NASDAQ', currency='USD', localSymbol='CRWD', tradingClass='NMS'), position=53.0, marketPrice=458.6199951, marketValue=24306.86, averageCost=473.4188679, unrealizedPNL=-784.34, realizedPNL=0.0, account='DUH400053')
2026-01-16 11:01:18,013 - INFO - updatePortfolio: PortfolioItem(contract=Stock(conId=481691285, symbol='COIN', right='0', primaryExchange='NASDAQ', currency='USD', localSymbol='COIN', tradingClass='NMS'), position=36.0, marketPrice=242.19999695, marketValue=8719.2, averageCost=269.8705778, unrealizedPNL=-996.14, realizedPNL=0.0, account='DUH400053')
2026-01-16 11:01:18,637 - INFO -   PDYN: 251 days
2026-01-16 11:01:19,674 - INFO -   AVGO: 251 days
2026-01-16 11:01:20,784 - INFO -   NOW: 251 days
2026-01-16 11:01:21,831 - INFO -   SMCI: 251 days
2026-01-16 11:01:22,947 - INFO -   SOFI: 251 days
2026-01-16 11:01:24,020 - INFO -   DIA: 251 days
2026-01-16 11:01:25,076 - INFO -   XLK: 251 days
2026-01-16 11:01:26,116 - INFO -   SPY: 251 days
2026-01-16 11:01:27,175 - INFO -   QQQ: 251 days
2026-01-16 11:01:28,215 - INFO -   MU: 251 days
2026-01-16 11:01:29,293 - INFO -   NFLX: 251 days
2026-01-16 11:01:30,334 - INFO -   XLF: 251 days
2026-01-16 11:01:31,392 - INFO -   LCID: 251 days
2026-01-16 11:01:32,428 - INFO -   HOOD: 251 days
2026-01-16 11:01:33,469 - INFO -   BABA: 251 days
2026-01-16 11:01:34,513 - INFO -   CRWD: 251 days
2026-01-16 11:01:35,684 - INFO -   DRH: 251 days
2026-01-16 11:01:36,710 - INFO -   ADBE: 251 days
2026-01-16 11:01:37,761 - INFO -   UNH: 251 days
2026-01-16 11:01:38,795 - INFO -   PYPL: 251 days
2026-01-16 11:01:39,839 - INFO -   DKNG: 251 days
2026-01-16 11:01:40,884 - INFO -   VOO: 251 days
2026-01-16 11:01:42,042 - INFO -   SHOP: 251 days
2026-01-16 11:01:43,087 - INFO -   MA: 251 days
2026-01-16 11:01:44,145 - INFO -   QUBT: 251 days
2026-01-16 11:01:45,182 - INFO -   QBTS: 251 days
2026-01-16 11:01:46,233 - INFO -   META: 251 days
2026-01-16 11:01:47,289 - INFO -   TGT: 251 days
2026-01-16 11:01:48,329 - INFO -   UPST: 251 days
2026-01-16 11:01:49,368 - INFO -   V: 251 days
2026-01-16 11:01:50,406 - INFO -   NIO: 251 days
2026-01-16 11:01:51,445 - INFO -   GOOGL: 251 days
2026-01-16 11:01:52,479 - INFO -   COIN: 251 days
2026-01-16 11:01:53,531 - INFO -   PANW: 251 days
2026-01-16 11:01:54,584 - INFO -   NVDA: 251 days
2026-01-16 11:01:55,610 - INFO -   ORCL: 251 days
2026-01-16 11:01:56,639 - INFO -   LLY: 251 days
2026-01-16 11:01:57,685 - INFO -   MRK: 251 days
2026-01-16 11:01:58,722 - INFO -   RIVN: 251 days
2026-01-16 11:01:59,228 - INFO - Disconnecting from 127.0.0.1:7497, 8.08 kB sent in 128 messages, 959 kB received in 752 messages, session time 63.4 s.
2026-01-16 11:01:59,228 - INFO - Disconnecting
2026-01-16 11:01:59,260 - INFO - Running simulation: 251 trading days
2026-01-16 14:53:52,880 - INFO - Starting Supertrend Paper Trader...
2026-01-16 14:53:52,883 - INFO - Connecting to 127.0.0.1:7497 with clientId 1...
2026-01-16 14:53:52,887 - INFO - Connected
2026-01-16 14:53:52,943 - INFO - Logged on to server version 176
2026-01-16 14:53:52,996 - INFO - openOrder: Trade(contract=Stock(conId=640796125, symbol='PDYN', right='?', exchange='SMART', currency='USD', localSymbol='PDYN', tradingClass='NMS'), order=Order(orderId=1918, clientId=1, permId=552117403, action='BUY', totalQuantity=3922.0, orderType='LMT', lmtPrice=6.46, auxPrice=0.0, tif='GTC', ocaType=3, displaySize=2147483647, rule80A='0', openClose='', volatilityType=0, deltaNeutralOrderType='None', referencePriceType=0, account='DUH400053', clearingIntent='IB', adjustedOrderType='None', cashQty=0.0, dontUseAutoPriceForHedge=True), orderStatus=OrderStatus(orderId=1918, status='PreSubmitted', filled=0.0, remaining=0.0, avgFillPrice=0.0, permId=0, parentId=0, lastFillPrice=0.0, clientId=0, whyHeld='', mktCapPrice=0.0), fills=[], log=[], advancedError='')
2026-01-16 14:53:52,997 - INFO - orderStatus: Trade(contract=Stock(conId=640796125, symbol='PDYN', right='?', exchange='SMART', currency='USD', localSymbol='PDYN', tradingClass='NMS'), order=Order(orderId=1918, clientId=1, permId=552117403, action='BUY', totalQuantity=3922.0, orderType='LMT', lmtPrice=6.46, auxPrice=0.0, tif='GTC', ocaType=3, displaySize=2147483647, rule80A='0', openClose='', volatilityType=0, deltaNeutralOrderType='None', referencePriceType=0, account='DUH400053', clearingIntent='IB', adjustedOrderType='None', cashQty=0.0, dontUseAutoPriceForHedge=True), orderStatus=OrderStatus(orderId=1918, status='PreSubmitted', filled=0.0, remaining=3922.0, avgFillPrice=0.0, permId=552117403, parentId=0, lastFillPrice=0.0, clientId=1, whyHeld='', mktCapPrice=0.0), fills=[], log=[TradeLogEntry(time=datetime.datetime(2026, 1, 16, 13, 53, 52, 995319, tzinfo=datetime.timezone.utc), status='PreSubmitted', message='', errorCode=0)], advancedError='')
2026-01-16 14:53:53,001 - INFO - openOrder: Trade(contract=Stock(conId=4762, symbol='BA', right='?', exchange='SMART', currency='USD', localSymbol='BA', tradingClass='BA'), order=Order(orderId=946, clientId=1, permId=6191831, action='BUY', totalQuantity=108.0, orderType='LMT', lmtPrice=234.27, auxPrice=0.0, tif='GTC', ocaType=3, displaySize=2147483647, rule80A='0', openClose='', volatilityType=0, deltaNeutralOrderType='None', referencePriceType=0, account='DUH400053', clearingIntent='IB', adjustedOrderType='None', cashQty=0.0, dontUseAutoPriceForHedge=True), orderStatus=OrderStatus(orderId=946, status='PreSubmitted', filled=0.0, remaining=0.0, avgFillPrice=0.0, permId=0, parentId=0, lastFillPrice=0.0, clientId=0, whyHeld='', mktCapPrice=0.0), fills=[], log=[], advancedError='')
2026-01-16 14:53:53,003 - INFO - orderStatus: Trade(contract=Stock(conId=4762, symbol='BA', right='?', exchange='SMART', currency='USD', localSymbol='BA', tradingClass='BA'), order=Order(orderId=946, clientId=1, permId=6191831, action='BUY', totalQuantity=108.0, orderType='LMT', lmtPrice=234.27, auxPrice=0.0, tif='GTC', ocaType=3, displaySize=2147483647, rule80A='0', openClose='', volatilityType=0, deltaNeutralOrderType='None', referencePriceType=0, account='DUH400053', clearingIntent='IB', adjustedOrderType='None', cashQty=0.0, dontUseAutoPriceForHedge=True), orderStatus=OrderStatus(orderId=946, status='PreSubmitted', filled=0.0, remaining=108.0, avgFillPrice=0.0, permId=6191831, parentId=0, lastFillPrice=0.0, clientId=1, whyHeld='', mktCapPrice=0.0), fills=[], log=[TradeLogEntry(time=datetime.datetime(2026, 1, 16, 13, 53, 53, 1126, tzinfo=datetime.timezone.utc), status='PreSubmitted', message='', errorCode=0)], advancedError='')
2026-01-16 14:53:53,004 - INFO - openOrder: Trade(contract=Stock(conId=640796125, symbol='PDYN', right='?', exchange='SMART', currency='USD', localSymbol='PDYN', tradingClass='NMS'), order=Order(orderId=2520, clientId=1, permId=552117585, action='BUY', totalQuantity=3877.0, orderType='LMT', lmtPrice=6.55, auxPrice=0.0, tif='GTC', ocaType=3, displaySize=2147483647, rule80A='0', openClose='', volatilityType=0, deltaNeutralOrderType='None', referencePriceType=0, account='DUH400053', clearingIntent='IB', adjustedOrderType='None', cashQty=0.0, dontUseAutoPriceForHedge=True), orderStatus=OrderStatus(orderId=2520, status='PreSubmitted', filled=0.0, remaining=0.0, avgFillPrice=0.0, permId=0, parentId=0, lastFillPrice=0.0, clientId=0, whyHeld='', mktCapPrice=0.0), fills=[], log=[], advancedError='')
2026-01-16 14:53:53,005 - INFO - orderStatus: Trade(contract=Stock(conId=640796125, symbol='PDYN', right='?', exchange='SMART', currency='USD', localSymbol='PDYN', tradingClass='NMS'), order=Order(orderId=2520, clientId=1, permId=552117585, action='BUY', totalQuantity=3877.0, orderType='LMT', lmtPrice=6.55, auxPrice=0.0, tif='GTC', ocaType=3, displaySize=2147483647, rule80A='0', openClose='', volatilityType=0, deltaNeutralOrderType='None', referencePriceType=0, account='DUH400053', clearingIntent='IB', adjustedOrderType='None', cashQty=0.0, dontUseAutoPriceForHedge=True), orderStatus=OrderStatus(orderId=2520, status='PreSubmitted', filled=1400.0, remaining=2477.0, avgFillPrice=6.55, permId=552117585, parentId=0, lastFillPrice=0.0, clientId=1, whyHeld='', mktCapPrice=0.0), fills=[], log=[TradeLogEntry(time=datetime.datetime(2026, 1, 16, 13, 53, 53, 3886, tzinfo=datetime.timezone.utc), status='PreSubmitted', message='', errorCode=0)], advancedError='')
2026-01-16 14:53:53,006 - INFO - Warning 2110, reqId -1: Connectivity between Handelsplattform and server is broken. It will be restored automatically.
2026-01-16 14:53:53,007 - INFO - Warning 2103, reqId -1: Market data farm connection is broken:hfarm
2026-01-16 14:53:53,007 - INFO - Warning 2103, reqId -1: Market data farm connection is broken:eufarmnj
2026-01-16 14:53:53,008 - INFO - Warning 2103, reqId -1: Market data farm connection is broken:cashfarm
2026-01-16 14:53:53,009 - INFO - Warning 2103, reqId -1: Market data farm connection is broken:usfuture
2026-01-16 14:53:53,016 - INFO - Warning 2103, reqId -1: Market data farm connection is broken:jfarm
2026-01-16 14:53:53,017 - INFO - Warning 2103, reqId -1: Market data farm connection is broken:eufarm
2026-01-16 14:53:53,017 - INFO - Warning 2103, reqId -1: Market data farm connection is broken:usfarm
2026-01-16 14:53:53,018 - INFO - Warning 2105, reqId -1: HMDS data farm connection is broken:euhmds
2026-01-16 14:53:53,019 - INFO - Warning 2105, reqId -1: HMDS data farm connection is broken:fundfarm
2026-01-16 14:53:53,020 - INFO - Warning 2105, reqId -1: HMDS data farm connection is broken:ushmds
2026-01-16 14:53:53,021 - INFO - Warning 2157, reqId -1: Sec-def data farm connection is broken:secdefil
2026-01-16 14:53:53,022 - INFO - API connection ready
2026-01-16 14:53:53,255 - INFO - updatePortfolio: PortfolioItem(contract=Stock(conId=4391, symbol='AMD', right='0', primaryExchange='NASDAQ', currency='USD', localSymbol='AMD', tradingClass='NMS'), position=-40.0, marketPrice=233.3500061, marketValue=-9334.0, averageCost=239.8498125, unrealizedPNL=259.99, realizedPNL=0.0, account='DUH400053')
2026-01-16 14:53:53,256 - INFO - updatePortfolio: PortfolioItem(contract=Stock(conId=313130367, symbol='AVGO', right='0', primaryExchange='NASDAQ', currency='USD', localSymbol='AVGO', tradingClass='NMS'), position=75.0, marketPrice=345.79000855, marketValue=25934.25, averageCost=338.48333335, unrealizedPNL=548.0, realizedPNL=0.0, account='DUH400053')
2026-01-16 14:53:53,259 - INFO - updatePortfolio: PortfolioItem(contract=Stock(conId=4762, symbol='BA', right='0', primaryExchange='NYSE', currency='USD', localSymbol='BA', tradingClass='BA'), position=632.0, marketPrice=248.58999635, marketValue=157108.88, averageCost=243.07768985, unrealizedPNL=3483.78, realizedPNL=0.0, account='DUH400053')
2026-01-16 14:53:53,260 - INFO - updatePortfolio: PortfolioItem(contract=Stock(conId=481691285, symbol='COIN', right='0', primaryExchange='NASDAQ', currency='USD', localSymbol='COIN', tradingClass='NMS'), position=36.0, marketPrice=241.05000305, marketValue=8677.8, averageCost=269.8705778, unrealizedPNL=-1037.54, realizedPNL=0.0, account='DUH400053')
2026-01-16 14:53:53,260 - INFO - updatePortfolio: PortfolioItem(contract=Stock(conId=29624264, symbol='CRM', right='0', primaryExchange='NYSE', currency='USD', localSymbol='CRM', tradingClass='CRM'), position=98.0, marketPrice=233.77000425, marketValue=22909.46, averageCost=259.2602041, unrealizedPNL=-2498.04, realizedPNL=0.0, account='DUH400053')
2026-01-16 14:53:53,262 - INFO - updatePortfolio: PortfolioItem(contract=Stock(conId=370757467, symbol='CRWD', right='0', primaryExchange='NASDAQ', currency='USD', localSymbol='CRWD', tradingClass='NMS'), position=53.0, marketPrice=456.6199951, marketValue=24200.86, averageCost=473.4188679, unrealizedPNL=-890.34, realizedPNL=0.0, account='DUH400053')
2026-01-16 14:53:53,263 - INFO - updatePortfolio: PortfolioItem(contract=Stock(conId=6459, symbol='DIS', right='0', primaryExchange='NYSE', currency='USD', localSymbol='DIS', tradingClass='DIS'), position=220.0, marketPrice=113.19999695, marketValue=24904.0, averageCost=114.9268182, unrealizedPNL=-379.9, realizedPNL=0.0, account='DUH400053')
2026-01-16 14:53:53,264 - INFO - updatePortfolio: PortfolioItem(contract=Stock(conId=560105364, symbol='DKNG', right='0', primaryExchange='NASDAQ', currency='USD', localSymbol='DKNG', tradingClass='NMS'), position=726.0, marketPrice=35.29999925, marketValue=25627.8, averageCost=34.83279615, unrealizedPNL=339.19, realizedPNL=0.0, account='DUH400053')
2026-01-16 14:53:53,266 - INFO - updatePortfolio: PortfolioItem(contract=Stock(conId=4813508, symbol='INOD', right='0', primaryExchange='NASDAQ', currency='USD', localSymbol='INOD', tradingClass='NMS'), position=393.0, marketPrice=59.70000075, marketValue=23462.1, averageCost=63.0334733, unrealizedPNL=-1310.05, realizedPNL=0.0, account='DUH400053')
2026-01-16 14:53:53,267 - INFO - updatePortfolio: PortfolioItem(contract=Stock(conId=1520593, symbol='JPM', right='0', primaryExchange='NYSE', currency='USD', localSymbol='JPM', tradingClass='JPM'), position=77.0, marketPrice=310.70999145, marketValue=23924.67, averageCost=329.782987, unrealizedPNL=-1468.62, realizedPNL=0.0, account='DUH400053')
2026-01-16 14:53:53,268 - INFO - updatePortfolio: PortfolioItem(contract=Stock(conId=107113386, symbol='META', right='0', primaryExchange='NASDAQ', currency='USD', localSymbol='META', tradingClass='NMS'), position=38.0, marketPrice=621.7800293, marketValue=23627.64, averageCost=657.4963158, unrealizedPNL=-1357.22, realizedPNL=0.0, account='DUH400053')
2026-01-16 14:53:53,268 - INFO - updatePortfolio: PortfolioItem(contract=Stock(conId=70101545, symbol='MRK', right='0', primaryExchange='NYSE', currency='USD', localSymbol='MRK', tradingClass='MRK'), position=230.0, marketPrice=110.75, marketValue=25472.5, averageCost=110.125, unrealizedPNL=143.75, realizedPNL=0.0, account='DUH400053')
2026-01-16 14:53:53,269 - INFO - updatePortfolio: PortfolioItem(contract=Stock(conId=344809106, symbol='MRNA', right='0', primaryExchange='NASDAQ', currency='USD', localSymbol='MRNA', tradingClass='NMS'), position=733.0, marketPrice=41.13000105, marketValue=30148.29, averageCost=34.75431785, unrealizedPNL=4673.38, realizedPNL=0.0, account='DUH400053')
2026-01-16 14:53:53,270 - INFO - updatePortfolio: PortfolioItem(contract=Stock(conId=272110, symbol='MSTR', right='0', primaryExchange='NASDAQ', currency='USD', localSymbol='MSTR', tradingClass='NMS'), position=154.0, marketPrice=172.0, marketValue=26488.0, averageCost=164.3264935, unrealizedPNL=1181.72, realizedPNL=0.0, account='DUH400053')
2026-01-16 14:53:53,271 - INFO - updatePortfolio: PortfolioItem(contract=Stock(conId=9939, symbol='MU', right='0', primaryExchange='NASDAQ', currency='USD', localSymbol='MU', tradingClass='NMS'), position=74.0, marketPrice=353.1000061, marketValue=26129.4, averageCost=342.7735135, unrealizedPNL=764.16, realizedPNL=0.0, account='DUH400053')
2026-01-16 14:53:53,272 - INFO - updatePortfolio: PortfolioItem(contract=Stock(conId=15124833, symbol='NFLX', right='0', primaryExchange='NASDAQ', currency='USD', localSymbol='NFLX', tradingClass='NMS'), position=278.0, marketPrice=88.5400009, marketValue=24614.12, averageCost=91.655, unrealizedPNL=-865.97, realizedPNL=0.0, account='DUH400053')
2026-01-16 14:53:53,272 - INFO - updatePortfolio: PortfolioItem(contract=Stock(conId=10291, symbol='NKE', right='0', primaryExchange='NYSE', currency='USD', localSymbol='NKE', tradingClass='NKE'), position=392.0, marketPrice=64.5400009, marketValue=25299.68, averageCost=64.94265305, unrealizedPNL=-157.84, realizedPNL=0.0, account='DUH400053')
2026-01-16 14:53:53,273 - INFO - updatePortfolio: PortfolioItem(contract=Stock(conId=4815747, symbol='NVDA', right='0', primaryExchange='NASDAQ', currency='USD', localSymbol='NVDA', tradingClass='NMS'), position=54.0, marketPrice=188.1100006, marketValue=10157.94, averageCost=181.32205925, unrealizedPNL=366.55, realizedPNL=0.0, account='DUH400053')
2026-01-16 14:53:53,274 - INFO - updatePortfolio: PortfolioItem(contract=Stock(conId=640796125, symbol='PDYN', right='0', primaryExchange='NASDAQ', currency='USD', localSymbol='PDYN', tradingClass='NMS'), position=-1400.0, marketPrice=7.01000025, marketValue=-9814.0, averageCost=6.62266215, unrealizedPNL=-542.27, realizedPNL=0.0, account='DUH400053')
2026-01-16 14:53:53,275 - INFO - updatePortfolio: PortfolioItem(contract=Stock(conId=11031, symbol='PFE', right='0', primaryExchange='NYSE', currency='USD', localSymbol='PFE', tradingClass='PFE'), position=994.0, marketPrice=25.87000085, marketValue=25714.78, averageCost=25.655, unrealizedPNL=213.71, realizedPNL=0.0, account='DUH400053')
2026-01-16 14:53:53,276 - INFO - updatePortfolio: PortfolioItem(contract=Stock(conId=199169591, symbol='PYPL', right='0', primaryExchange='NASDAQ', currency='USD', localSymbol='PYPL', tradingClass='NMS'), position=425.0, marketPrice=56.8899994, marketValue=24178.25, averageCost=59.885, unrealizedPNL=-1272.88, realizedPNL=0.0, account='DUH400053')
2026-01-16 14:53:53,277 - INFO - updatePortfolio: PortfolioItem(contract=Stock(conId=320227571, symbol='QQQ', right='0', primaryExchange='NASDAQ', currency='USD', localSymbol='QQQ', tradingClass='NMS'), position=40.0, marketPrice=624.51000975, marketValue=24980.4, averageCost=623.215, unrealizedPNL=51.8, realizedPNL=0.0, account='DUH400053')
2026-01-16 14:53:53,277 - INFO - updatePortfolio: PortfolioItem(contract=Stock(conId=324651164, symbol='QUBT', right='0', primaryExchange='NASDAQ', currency='USD', localSymbol='QUBT', tradingClass='SCM'), position=535.0, marketPrice=12.3800001, marketValue=6623.3, averageCost=9.34502205, unrealizedPNL=1623.71, realizedPNL=0.0, account='DUH400053')
2026-01-16 14:53:53,278 - INFO - updatePortfolio: PortfolioItem(contract=Stock(conId=290651477, symbol='ROKU', right='0', primaryExchange='NASDAQ', currency='USD', localSymbol='ROKU', tradingClass='NMS'), position=229.0, marketPrice=105.23000335, marketValue=24097.67, averageCost=110.755, unrealizedPNL=-1265.22, realizedPNL=0.0, account='DUH400053')
2026-01-16 14:53:53,279 - INFO - updatePortfolio: PortfolioItem(contract=Stock(conId=195014116, symbol='SHOP', right='0', primaryExchange='NASDAQ', currency='USD', localSymbol='SHOP', tradingClass='NMS'), position=152.0, marketPrice=158.47999575, marketValue=24088.96, averageCost=166.99657895, unrealizedPNL=-1294.52, realizedPNL=0.0, account='DUH400053')
2026-01-16 14:53:53,279 - INFO - updatePortfolio: PortfolioItem(contract=Stock(conId=756733, symbol='SPY', right='0', primaryExchange='ARCA', currency='USD', localSymbol='SPY', tradingClass='SPY'), position=36.0, marketPrice=693.2321167, marketValue=24956.36, averageCost=692.2177778, unrealizedPNL=36.52, realizedPNL=0.0, account='DUH400053')
2026-01-16 14:53:53,287 - INFO - updatePortfolio: PortfolioItem(contract=Stock(conId=12729, symbol='TER', right='0', primaryExchange='NASDAQ', currency='USD', localSymbol='TER', tradingClass='NMS'), position=30.0, marketPrice=232.0, marketValue=6960.0, averageCost=162.53335665, unrealizedPNL=2084.0, realizedPNL=0.0, account='DUH400053')
2026-01-16 14:53:53,287 - INFO - updatePortfolio: PortfolioItem(contract=Stock(conId=6437, symbol='TGT', right='0', primaryExchange='NYSE', currency='USD', localSymbol='TGT', tradingClass='TGT'), position=244.0, marketPrice=111.0, marketValue=27084.0, averageCost=104.635, unrealizedPNL=1553.06, realizedPNL=0.0, account='DUH400053')
2026-01-16 14:53:53,288 - INFO - updatePortfolio: PortfolioItem(contract=Stock(conId=76792991, symbol='TSLA', right='0', primaryExchange='NASDAQ', currency='USD', localSymbol='TSLA', tradingClass='NMS'), position=57.0, marketPrice=440.10998535, marketValue=25086.27, averageCost=440.38754385, unrealizedPNL=-15.82, realizedPNL=0.0, account='DUH400053')
2026-01-16 14:53:53,289 - INFO - updatePortfolio: PortfolioItem(contract=Stock(conId=365207014, symbol='UBER', right='0', primaryExchange='NYSE', currency='USD', localSymbol='UBER', tradingClass='UBER'), position=299.0, marketPrice=84.40000155, marketValue=25235.6, averageCost=84.51533445, unrealizedPNL=-34.48, realizedPNL=0.0, account='DUH400053')
2026-01-16 14:53:57,031 - ERROR - positions request timed out
2026-01-16 14:53:57,032 - ERROR - open orders request timed out
2026-01-16 14:53:57,033 - ERROR - completed orders request timed out
2026-01-16 14:53:57,034 - ERROR - account updates for DUH400053 request timed out
2026-01-16 14:54:01,037 - INFO - Disconnecting from 127.0.0.1:7497, 123 B sent in 8 messages, 13.6 kB received in 238 messages, session time 8.15 s.
2026-01-16 14:54:01,038 - INFO - Disconnecting
2026-01-16 14:54:01,040 - INFO - Disconnected.
2026-01-16 14:54:01,041 - ERROR - Failed to connect to IB: 
2026-01-16 14:54:01,041 - ERROR - Could not connect. Exiting.
2026-01-16 15:25:00,646 - INFO - Connecting to 127.0.0.1:7497 with clientId 52...
2026-01-16 15:25:03,023 - INFO - Disconnecting
2026-01-16 15:25:03,024 - ERROR - API connection failed: ConnectionRefusedError(22, 'The remote computer refused the network connection', None, 1225, None)
2026-01-16 15:25:03,026 - ERROR - Make sure API port on TWS/IBG is open
2026-01-16 15:25:03,027 - ERROR - Could not connect to IB: [WinError 1225] The remote computer refused the network connection
2026-01-16 15:25:03,029 - ERROR - Make sure TWS or IB Gateway is running on port 7497
2026-01-16 16:28:10,473 - INFO - Starting Supertrend Paper Trader...
2026-01-16 16:28:10,482 - INFO - Connecting to 127.0.0.1:7497 with clientId 1...
2026-01-16 16:28:10,486 - INFO - Connected
2026-01-16 16:28:10,572 - INFO - Logged on to server version 176
2026-01-16 16:28:10,601 - INFO - API connection ready
2026-01-16 16:28:10,603 - INFO - Warning 2104, reqId -1: Market data farm connection is OK:hfarm
2026-01-16 16:28:10,604 - INFO - Warning 2104, reqId -1: Market data farm connection is OK:eufarmnj
2026-01-16 16:28:10,605 - INFO - Warning 2104, reqId -1: Market data farm connection is OK:cashfarm
2026-01-16 16:28:10,606 - INFO - Warning 2104, reqId -1: Market data farm connection is OK:usfuture
2026-01-16 16:28:10,607 - INFO - Warning 2104, reqId -1: Market data farm connection is OK:usfarm.nj
2026-01-16 16:28:10,612 - INFO - Warning 2104, reqId -1: Market data farm connection is OK:jfarm
2026-01-16 16:28:10,613 - INFO - Warning 2104, reqId -1: Market data farm connection is OK:eufarm
2026-01-16 16:28:10,614 - INFO - Warning 2104, reqId -1: Market data farm connection is OK:usfarm
2026-01-16 16:28:10,617 - INFO - Warning 2106, reqId -1: HMDS data farm connection is OK:euhmds
2026-01-16 16:28:10,619 - INFO - Warning 2106, reqId -1: HMDS data farm connection is OK:fundfarm
2026-01-16 16:28:10,619 - INFO - Warning 2106, reqId -1: HMDS data farm connection is OK:ushmds
2026-01-16 16:28:10,622 - INFO - Warning 2158, reqId -1: Sec-def data farm connection is OK:secdefil
2026-01-16 16:28:10,698 - INFO - position: Position(account='DUH400053', contract=Stock(conId=9939, symbol='MU', exchange='NASDAQ', currency='USD', localSymbol='MU', tradingClass='NMS'), position=74.0, avgCost=342.7735135)
2026-01-16 16:28:10,700 - INFO - position: Position(account='DUH400053', contract=Stock(conId=313130367, symbol='AVGO', exchange='NASDAQ', currency='USD', localSymbol='AVGO', tradingClass='NMS'), position=75.0, avgCost=338.48333335)
2026-01-16 16:28:10,703 - INFO - position: Position(account='DUH400053', contract=Stock(conId=4815747, symbol='NVDA', exchange='NASDAQ', currency='USD', localSymbol='NVDA', tradingClass='NMS'), position=54.0, avgCost=181.32205925)
2026-01-16 16:28:10,704 - INFO - position: Position(account='DUH400053', contract=Stock(conId=107113386, symbol='META', exchange='NASDAQ', currency='USD', localSymbol='META', tradingClass='NMS'), position=38.0, avgCost=657.4963158)
2026-01-16 16:28:10,706 - INFO - position: Position(account='DUH400053', contract=Stock(conId=370757467, symbol='CRWD', exchange='NASDAQ', currency='USD', localSymbol='CRWD', tradingClass='NMS'), position=53.0, avgCost=473.4188679)
2026-01-16 16:28:10,707 - INFO - position: Position(account='DUH400053', contract=Stock(conId=1520593, symbol='JPM', exchange='NYSE', currency='USD', localSymbol='JPM', tradingClass='JPM'), position=77.0, avgCost=329.782987)
2026-01-16 16:28:10,708 - INFO - position: Position(account='DUH400053', contract=Stock(conId=324651164, symbol='QUBT', exchange='NASDAQ', currency='USD', localSymbol='QUBT', tradingClass='SCM'), position=535.0, avgCost=9.34502205)
2026-01-16 16:28:10,709 - INFO - position: Position(account='DUH400053', contract=Stock(conId=195014116, symbol='SHOP', exchange='NASDAQ', currency='USD', localSymbol='SHOP', tradingClass='NMS'), position=152.0, avgCost=166.99657895)
2026-01-16 16:28:10,710 - INFO - position: Position(account='DUH400053', contract=Stock(conId=756733, symbol='SPY', exchange='ARCA', currency='USD', localSymbol='SPY', tradingClass='SPY'), position=36.0, avgCost=692.2177778)
2026-01-16 16:28:10,711 - INFO - position: Position(account='DUH400053', contract=Stock(conId=560105364, symbol='DKNG', exchange='NASDAQ', currency='USD', localSymbol='DKNG', tradingClass='NMS'), position=726.0, avgCost=34.83279615)
2026-01-16 16:28:10,712 - INFO - position: Position(account='DUH400053', contract=Stock(conId=272110, symbol='MSTR', exchange='NASDAQ', currency='USD', localSymbol='MSTR', tradingClass='NMS'), position=154.0, avgCost=164.3264935)
2026-01-16 16:28:10,713 - INFO - position: Position(account='DUH400053', contract=Stock(conId=199169591, symbol='PYPL', exchange='NASDAQ', currency='USD', localSymbol='PYPL', tradingClass='NMS'), position=425.0, avgCost=59.885)
2026-01-16 16:28:10,714 - INFO - position: Position(account='DUH400053', contract=Stock(conId=640796125, symbol='PDYN', exchange='NASDAQ', currency='USD', localSymbol='PDYN', tradingClass='NMS'), position=-1400.0, avgCost=6.62266215)
2026-01-16 16:28:10,715 - INFO - position: Position(account='DUH400053', contract=Stock(conId=320227571, symbol='QQQ', exchange='NASDAQ', currency='USD', localSymbol='QQQ', tradingClass='NMS'), position=40.0, avgCost=623.215)
2026-01-16 16:28:10,715 - INFO - position: Position(account='DUH400053', contract=Stock(conId=4762, symbol='BA', exchange='NYSE', currency='USD', localSymbol='BA', tradingClass='BA'), position=632.0, avgCost=243.07768985)
2026-01-16 16:28:10,716 - INFO - position: Position(account='DUH400053', contract=Stock(conId=344809106, symbol='MRNA', exchange='NASDAQ', currency='USD', localSymbol='MRNA', tradingClass='NMS'), position=733.0, avgCost=34.75431785)
2026-01-16 16:28:10,717 - INFO - position: Position(account='DUH400053', contract=Stock(conId=11031, symbol='PFE', exchange='NYSE', currency='USD', localSymbol='PFE', tradingClass='PFE'), position=994.0, avgCost=25.655)
2026-01-16 16:28:10,718 - INFO - position: Position(account='DUH400053', contract=Stock(conId=4813508, symbol='INOD', exchange='NASDAQ', currency='USD', localSymbol='INOD', tradingClass='NMS'), position=393.0, avgCost=63.0334733)
2026-01-16 16:28:10,719 - INFO - position: Position(account='DUH400053', contract=Stock(conId=76792991, symbol='TSLA', exchange='NASDAQ', currency='USD', localSymbol='TSLA', tradingClass='NMS'), position=57.0, avgCost=440.38754385)
2026-01-16 16:28:10,720 - INFO - position: Position(account='DUH400053', contract=Stock(conId=29624264, symbol='CRM', exchange='NYSE', currency='USD', localSymbol='CRM', tradingClass='CRM'), position=98.0, avgCost=259.2602041)
2026-01-16 16:28:10,732 - INFO - position: Position(account='DUH400053', contract=Stock(conId=290651477, symbol='ROKU', exchange='NASDAQ', currency='USD', localSymbol='ROKU', tradingClass='NMS'), position=229.0, avgCost=110.755)
2026-01-16 16:28:10,733 - INFO - position: Position(account='DUH400053', contract=Stock(conId=15124833, symbol='NFLX', exchange='NASDAQ', currency='USD', localSymbol='NFLX', tradingClass='NMS'), position=278.0, avgCost=91.655)
2026-01-16 16:28:10,734 - INFO - position: Position(account='DUH400053', contract=Stock(conId=70101545, symbol='MRK', exchange='NYSE', currency='USD', localSymbol='MRK', tradingClass='MRK'), position=230.0, avgCost=110.125)
2026-01-16 16:28:10,735 - INFO - position: Position(account='DUH400053', contract=Stock(conId=6459, symbol='DIS', exchange='NYSE', currency='USD', localSymbol='DIS', tradingClass='DIS'), position=220.0, avgCost=114.9268182)
2026-01-16 16:28:10,735 - INFO - position: Position(account='DUH400053', contract=Stock(conId=12729, symbol='TER', exchange='NASDAQ', currency='USD', localSymbol='TER', tradingClass='NMS'), position=30.0, avgCost=162.53335665)
2026-01-16 16:28:10,737 - INFO - position: Position(account='DUH400053', contract=Stock(conId=10291, symbol='NKE', exchange='NYSE', currency='USD', localSymbol='NKE', tradingClass='NKE'), position=392.0, avgCost=64.94265305)
2026-01-16 16:28:10,739 - INFO - position: Position(account='DUH400053', contract=Stock(conId=481691285, symbol='COIN', exchange='NASDAQ', currency='USD', localSymbol='COIN', tradingClass='NMS'), position=36.0, avgCost=269.8705778)
2026-01-16 16:28:10,740 - INFO - position: Position(account='DUH400053', contract=Stock(conId=365207014, symbol='UBER', exchange='NYSE', currency='USD', localSymbol='UBER', tradingClass='UBER'), position=299.0, avgCost=84.51533445)
2026-01-16 16:28:10,740 - INFO - position: Position(account='DUH400053', contract=Stock(conId=4391, symbol='AMD', exchange='NASDAQ', currency='USD', localSymbol='AMD', tradingClass='NMS'), position=-40.0, avgCost=239.8498125)
2026-01-16 16:28:10,741 - INFO - position: Position(account='DUH400053', contract=Stock(conId=6437, symbol='TGT', exchange='NYSE', currency='USD', localSymbol='TGT', tradingClass='TGT'), position=244.0, avgCost=104.635)
2026-01-16 16:28:11,064 - INFO - updatePortfolio: PortfolioItem(contract=Stock(conId=4391, symbol='AMD', right='0', primaryExchange='NASDAQ', currency='USD', localSymbol='AMD', tradingClass='NMS'), position=-40.0, marketPrice=232.40800475, marketValue=-9296.32, averageCost=239.8498125, unrealizedPNL=297.67, realizedPNL=0.0, account='DUH400053')
2026-01-16 16:28:11,066 - INFO - updatePortfolio: PortfolioItem(contract=Stock(conId=313130367, symbol='AVGO', right='0', primaryExchange='NASDAQ', currency='USD', localSymbol='AVGO', tradingClass='NMS'), position=75.0, marketPrice=345.77893065, marketValue=25933.42, averageCost=338.48333335, unrealizedPNL=547.17, realizedPNL=0.0, account='DUH400053')
2026-01-16 16:28:11,072 - INFO - updatePortfolio: PortfolioItem(contract=Stock(conId=4762, symbol='BA', right='0', primaryExchange='NYSE', currency='USD', localSymbol='BA', tradingClass='BA'), position=632.0, marketPrice=246.40101625, marketValue=155725.44, averageCost=243.07768985, unrealizedPNL=2100.34, realizedPNL=0.0, account='DUH400053')
2026-01-16 16:28:11,074 - INFO - updatePortfolio: PortfolioItem(contract=Stock(conId=481691285, symbol='COIN', right='0', primaryExchange='NASDAQ', currency='USD', localSymbol='COIN', tradingClass='NMS'), position=36.0, marketPrice=240.8608856, marketValue=8670.99, averageCost=269.8705778, unrealizedPNL=-1044.35, realizedPNL=0.0, account='DUH400053')
2026-01-16 16:28:11,075 - INFO - updatePortfolio: PortfolioItem(contract=Stock(conId=29624264, symbol='CRM', right='0', primaryExchange='NYSE', currency='USD', localSymbol='CRM', tradingClass='CRM'), position=98.0, marketPrice=229.1595764, marketValue=22457.64, averageCost=259.2602041, unrealizedPNL=-2949.86, realizedPNL=0.0, account='DUH400053')
2026-01-16 16:28:11,075 - INFO - updatePortfolio: PortfolioItem(contract=Stock(conId=370757467, symbol='CRWD', right='0', primaryExchange='NASDAQ', currency='USD', localSymbol='CRWD', tradingClass='NMS'), position=53.0, marketPrice=445.6894226, marketValue=23621.54, averageCost=473.4188679, unrealizedPNL=-1469.66, realizedPNL=0.0, account='DUH400053')
2026-01-16 16:28:11,080 - INFO - updatePortfolio: PortfolioItem(contract=Stock(conId=6459, symbol='DIS', right='0', primaryExchange='NYSE', currency='USD', localSymbol='DIS', tradingClass='DIS'), position=220.0, marketPrice=112.7941742, marketValue=24814.72, averageCost=114.9268182, unrealizedPNL=-469.18, realizedPNL=0.0, account='DUH400053')
2026-01-16 16:28:11,081 - INFO - updatePortfolio: PortfolioItem(contract=Stock(conId=560105364, symbol='DKNG', right='0', primaryExchange='NASDAQ', currency='USD', localSymbol='DKNG', tradingClass='NMS'), position=726.0, marketPrice=32.90616225, marketValue=23889.87, averageCost=34.83279615, unrealizedPNL=-1398.74, realizedPNL=0.0, account='DUH400053')
2026-01-16 16:28:11,082 - INFO - updatePortfolio: PortfolioItem(contract=Stock(conId=4813508, symbol='INOD', right='0', primaryExchange='NASDAQ', currency='USD', localSymbol='INOD', tradingClass='NMS'), position=393.0, marketPrice=62.49550245, marketValue=24560.73, averageCost=63.0334733, unrealizedPNL=-211.42, realizedPNL=0.0, account='DUH400053')
2026-01-16 16:28:11,082 - INFO - updatePortfolio: PortfolioItem(contract=Stock(conId=1520593, symbol='JPM', right='0', primaryExchange='NYSE', currency='USD', localSymbol='JPM', tradingClass='JPM'), position=77.0, marketPrice=311.78829955, marketValue=24007.7, averageCost=329.782987, unrealizedPNL=-1385.59, realizedPNL=0.0, account='DUH400053')
2026-01-16 16:28:11,083 - INFO - updatePortfolio: PortfolioItem(contract=Stock(conId=107113386, symbol='META', right='0', primaryExchange='NASDAQ', currency='USD', localSymbol='META', tradingClass='NMS'), position=38.0, marketPrice=625.666626, marketValue=23775.33, averageCost=657.4963158, unrealizedPNL=-1209.53, realizedPNL=0.0, account='DUH400053')
2026-01-16 16:28:11,085 - INFO - updatePortfolio: PortfolioItem(contract=Stock(conId=70101545, symbol='MRK', right='0', primaryExchange='NYSE', currency='USD', localSymbol='MRK', tradingClass='MRK'), position=230.0, marketPrice=110.05599975, marketValue=25312.88, averageCost=110.125, unrealizedPNL=-15.87, realizedPNL=0.0, account='DUH400053')
2026-01-16 16:28:11,086 - INFO - updatePortfolio: PortfolioItem(contract=Stock(conId=344809106, symbol='MRNA', right='0', primaryExchange='NASDAQ', currency='USD', localSymbol='MRNA', tradingClass='NMS'), position=733.0, marketPrice=41.6479988, marketValue=30527.98, averageCost=34.75431785, unrealizedPNL=5053.07, realizedPNL=0.0, account='DUH400053')
2026-01-16 16:28:11,099 - INFO - updatePortfolio: PortfolioItem(contract=Stock(conId=272110, symbol='MSTR', right='0', primaryExchange='NASDAQ', currency='USD', localSymbol='MSTR', tradingClass='NMS'), position=154.0, marketPrice=172.567688, marketValue=26575.42, averageCost=164.3264935, unrealizedPNL=1269.14, realizedPNL=0.0, account='DUH400053')
2026-01-16 16:28:11,101 - INFO - updatePortfolio: PortfolioItem(contract=Stock(conId=9939, symbol='MU', right='0', primaryExchange='NASDAQ', currency='USD', localSymbol='MU', tradingClass='NMS'), position=74.0, marketPrice=357.58117675, marketValue=26461.01, averageCost=342.7735135, unrealizedPNL=1095.77, realizedPNL=0.0, account='DUH400053')
2026-01-16 16:28:11,103 - INFO - updatePortfolio: PortfolioItem(contract=Stock(conId=15124833, symbol='NFLX', right='0', primaryExchange='NASDAQ', currency='USD', localSymbol='NFLX', tradingClass='NMS'), position=278.0, marketPrice=88.26600645, marketValue=24537.95, averageCost=91.655, unrealizedPNL=-942.14, realizedPNL=0.0, account='DUH400053')
2026-01-16 16:28:11,104 - INFO - updatePortfolio: PortfolioItem(contract=Stock(conId=10291, symbol='NKE', right='0', primaryExchange='NYSE', currency='USD', localSymbol='NKE', tradingClass='NKE'), position=392.0, marketPrice=63.9158821, marketValue=25055.03, averageCost=64.94265305, unrealizedPNL=-402.49, realizedPNL=0.0, account='DUH400053')
2026-01-16 16:28:11,106 - INFO - updatePortfolio: PortfolioItem(contract=Stock(conId=4815747, symbol='NVDA', right='0', primaryExchange='NASDAQ', currency='USD', localSymbol='NVDA', tradingClass='NMS'), position=54.0, marketPrice=188.0039978, marketValue=10152.22, averageCost=181.32205925, unrealizedPNL=360.82, realizedPNL=0.0, account='DUH400053')
2026-01-16 16:28:11,108 - INFO - updatePortfolio: PortfolioItem(contract=Stock(conId=640796125, symbol='PDYN', right='0', primaryExchange='NASDAQ', currency='USD', localSymbol='PDYN', tradingClass='NMS'), position=-1400.0, marketPrice=7.014524, marketValue=-9820.33, averageCost=6.62266215, unrealizedPNL=-548.61, realizedPNL=0.0, account='DUH400053')
2026-01-16 16:28:11,109 - INFO - updatePortfolio: PortfolioItem(contract=Stock(conId=11031, symbol='PFE', right='0', primaryExchange='NYSE', currency='USD', localSymbol='PFE', tradingClass='PFE'), position=994.0, marketPrice=25.723999, marketValue=25569.66, averageCost=25.655, unrealizedPNL=68.59, realizedPNL=0.0, account='DUH400053')
2026-01-16 16:28:11,111 - INFO - updatePortfolio: PortfolioItem(contract=Stock(conId=199169591, symbol='PYPL', right='0', primaryExchange='NASDAQ', currency='USD', localSymbol='PYPL', tradingClass='NMS'), position=425.0, marketPrice=56.5517845, marketValue=24034.51, averageCost=59.885, unrealizedPNL=-1416.62, realizedPNL=0.0, account='DUH400053')
2026-01-16 16:28:11,112 - INFO - updatePortfolio: PortfolioItem(contract=Stock(conId=320227571, symbol='QQQ', right='0', primaryExchange='NASDAQ', currency='USD', localSymbol='QQQ', tradingClass='NMS'), position=40.0, marketPrice=620.99401855, marketValue=24839.76, averageCost=623.215, unrealizedPNL=-88.84, realizedPNL=0.0, account='DUH400053')
2026-01-16 16:28:11,114 - INFO - updatePortfolio: PortfolioItem(contract=Stock(conId=324651164, symbol='QUBT', right='0', primaryExchange='NASDAQ', currency='USD', localSymbol='QUBT', tradingClass='SCM'), position=535.0, marketPrice=12.89000035, marketValue=6896.15, averageCost=9.34502205, unrealizedPNL=1896.56, realizedPNL=0.0, account='DUH400053')
2026-01-16 16:28:11,122 - INFO - updatePortfolio: PortfolioItem(contract=Stock(conId=290651477, symbol='ROKU', right='0', primaryExchange='NASDAQ', currency='USD', localSymbol='ROKU', tradingClass='NMS'), position=229.0, marketPrice=104.97434235, marketValue=24039.12, averageCost=110.755, unrealizedPNL=-1323.77, realizedPNL=0.0, account='DUH400053')
2026-01-16 16:28:11,123 - INFO - updatePortfolio: PortfolioItem(contract=Stock(conId=195014116, symbol='SHOP', right='0', primaryExchange='NASDAQ', currency='USD', localSymbol='SHOP', tradingClass='NMS'), position=152.0, marketPrice=156.85305785, marketValue=23841.66, averageCost=166.99657895, unrealizedPNL=-1541.82, realizedPNL=0.0, account='DUH400053')
2026-01-16 16:28:11,125 - INFO - updatePortfolio: PortfolioItem(contract=Stock(conId=756733, symbol='SPY', right='0', primaryExchange='ARCA', currency='USD', localSymbol='SPY', tradingClass='SPY'), position=36.0, marketPrice=691.77001955, marketValue=24903.72, averageCost=692.2177778, unrealizedPNL=-16.12, realizedPNL=0.0, account='DUH400053')
2026-01-16 16:28:11,125 - INFO - updatePortfolio: PortfolioItem(contract=Stock(conId=12729, symbol='TER', right='0', primaryExchange='NASDAQ', currency='USD', localSymbol='TER', tradingClass='NMS'), position=30.0, marketPrice=227.93162535, marketValue=6837.95, averageCost=162.53335665, unrealizedPNL=1961.95, realizedPNL=0.0, account='DUH400053')
2026-01-16 16:28:11,129 - INFO - updatePortfolio: PortfolioItem(contract=Stock(conId=6437, symbol='TGT', right='0', primaryExchange='NYSE', currency='USD', localSymbol='TGT', tradingClass='TGT'), position=244.0, marketPrice=110.9512253, marketValue=27072.1, averageCost=104.635, unrealizedPNL=1541.16, realizedPNL=0.0, account='DUH400053')
2026-01-16 16:28:11,131 - INFO - updatePortfolio: PortfolioItem(contract=Stock(conId=76792991, symbol='TSLA', right='0', primaryExchange='NASDAQ', currency='USD', localSymbol='TSLA', tradingClass='NMS'), position=57.0, marketPrice=436.4500122, marketValue=24877.65, averageCost=440.38754385, unrealizedPNL=-224.44, realizedPNL=0.0, account='DUH400053')
2026-01-16 16:28:11,139 - INFO - updatePortfolio: PortfolioItem(contract=Stock(conId=365207014, symbol='UBER', right='0', primaryExchange='NYSE', currency='USD', localSymbol='UBER', tradingClass='UBER'), position=299.0, marketPrice=83.67569735, marketValue=25019.03, averageCost=84.51533445, unrealizedPNL=-251.05, realizedPNL=0.0, account='DUH400053')
2026-01-16 16:28:11,158 - INFO - Synchronization complete
2026-01-16 16:28:11,159 - INFO - Connected to IB at 127.0.0.1:7497
2026-01-16 16:28:13,323 - INFO - [OK] Market Data: LIVE (real-time)
2026-01-16 16:28:13,327 - INFO - Subscribed to PnL updates for 30 positions
2026-01-16 16:28:13,539 - INFO - Updating signals for all stocks...
2026-01-16 16:28:13,542 - INFO - Tracking 60 stocks across 16 strategies
2026-01-16 16:28:14,572 - INFO - SPY [KAMA]: Price=692.15, Signal=BUY
2026-01-16 16:28:14,991 - INFO - LLY [SMA]: Price=1038.01, Signal=BUY
2026-01-16 16:28:15,418 - INFO - MRNA [KAMA_HTF50]: Price=41.86, Signal=BUY
2026-01-16 16:28:15,841 - INFO - AVGO [SMA_HTF50]: Price=346.38, Signal=BUY
2026-01-16 16:28:16,380 - INFO - JPM [SMA]: Price=311.75, Signal=BUY
2026-01-16 16:28:16,937 - INFO - SNOW [KAMA_HTF50]: Price=211.45, Signal=BUY
2026-01-16 16:28:17,388 - INFO - DIA [SMA]: Price=493.74, Signal=BUY
2026-01-16 16:28:17,829 - INFO - CRWD [KAMA]: Price=446.82, Signal=BUY
2026-01-16 16:28:18,291 - INFO - NVDA [KAMA]: Price=188.09, Signal=BUY
2026-01-16 16:28:18,707 - INFO - TSLA [SMA]: Price=436.79, Signal=BUY
2026-01-16 16:28:19,163 - INFO - IWM [EMA]: Price=265.96, Signal=BUY
2026-01-16 16:28:19,736 - INFO - ADBE [SUPERTREND_HTF150]: Price=298.17, Signal=BUY
2026-01-16 16:28:20,175 - INFO - TGT [EMA]: Price=111.04, Signal=BUY
2026-01-16 16:28:20,630 - INFO - LCID [SUPERTREND_HTF200]: Price=10.05, Signal=BUY
2026-01-16 16:28:21,113 - INFO - UNH [JMA]: Price=334.84, Signal=BUY
2026-01-16 16:28:21,540 - INFO - MRK [SMA]: Price=110.00, Signal=BUY
2026-01-16 16:28:21,968 - INFO - ORCL [SUPERTREND_HTF100]: Price=188.06, Signal=BUY
2026-01-16 16:28:22,408 - INFO - PFE [JMA]: Price=25.73, Signal=BUY
2026-01-16 16:28:22,862 - INFO - META [SUPERTREND_HTF100]: Price=625.29, Signal=BUY
2026-01-16 16:28:23,282 - INFO - MSFT [KAMA]: Price=459.34, Signal=BUY
2026-01-16 16:28:23,693 - INFO - RIVN [KAMA_HTF50]: Price=16.76, Signal=BUY
2026-01-16 16:28:24,139 - INFO - AMD [KAMA]: Price=232.12, Signal=BUY
2026-01-16 16:28:25,361 - ERROR - Error 162, reqId 2779: Historical Market Data Service error message:No market data permissions for IBIS STK, contract: Stock(conId=824106752, symbol='TKMS', exchange='IBIS', primaryExchange='IBIS', currency='EUR', localSymbol='TKMS', tradingClass='XETRA')
2026-01-16 16:28:25,389 - WARNING - Insufficient data for TKMS
2026-01-16 16:28:25,828 - INFO - NKE [SMA]: Price=63.93, Signal=BUY
2026-01-16 16:28:26,332 - INFO - BABA [KAMA]: Price=165.21, Signal=BUY
2026-01-16 16:28:26,762 - INFO - SMCI [SUPERTREND_HTF100]: Price=32.00, Signal=BUY
2026-01-16 16:28:27,217 - INFO - QBTS [KAMA]: Price=29.58, Signal=BUY
2026-01-16 16:28:27,635 - INFO - PLTR [KAMA]: Price=173.31, Signal=BUY
2026-01-16 16:28:28,135 - INFO - INOD [KAMA]: Price=62.64, Signal=BUY
2026-01-16 16:28:28,550 - INFO - PDYN [SUPERTREND]: Price=7.03, Signal=BUY
2026-01-16 16:28:29,006 - INFO - AAPL [SMA]: Price=256.69, Signal=BUY
2026-01-16 16:28:29,480 - INFO - V [JMA]: Price=328.19, Signal=BUY
2026-01-16 16:28:29,885 - INFO - COIN [KAMA_HTF100]: Price=240.80, Signal=BUY
2026-01-16 16:28:30,303 - INFO - MA [KAMA_HTF50]: Price=543.46, Signal=BUY
2026-01-16 16:28:30,715 - INFO - NOW [SUPERTREND_HTF100]: Price=129.02, Signal=BUY
2026-01-16 16:28:31,117 - INFO - NIO [EMA]: Price=4.63, Signal=BUY
2026-01-16 16:28:31,533 - INFO - DKNG [SUPERTREND]: Price=32.80, Signal=BUY
2026-01-16 16:28:31,936 - INFO - NFLX [SUPERTREND_HTF150]: Price=88.48, Signal=BUY
2026-01-16 16:28:32,359 - INFO - QQQ [KAMA]: Price=621.19, Signal=BUY
2026-01-16 16:28:32,774 - INFO - SOFI [SMA]: Price=26.46, Signal=BUY
2026-01-16 16:28:33,195 - INFO - ARM [SMA_HTF50]: Price=105.76, Signal=BUY
2026-01-16 16:28:33,602 - INFO - AMZN [SUPERTREND]: Price=237.98, Signal=BUY
2026-01-16 16:28:34,012 - INFO - CRM [JMA]: Price=229.86, Signal=BUY
2026-01-16 16:28:34,423 - INFO - VTI [KAMA]: Price=342.05, Signal=BUY
2026-01-16 16:28:34,838 - INFO - PYPL [JMA]: Price=56.62, Signal=BUY
2026-01-16 16:28:35,252 - INFO - XLK [KAMA]: Price=145.62, Signal=BUY
2026-01-16 16:28:35,669 - INFO - GOOGL [SMA]: Price=329.71, Signal=BUY
2026-01-16 16:28:36,165 - INFO - VOO [KAMA]: Price=636.41, Signal=BUY
2026-01-16 16:28:36,727 - INFO - UPST [SMA]: Price=49.03, Signal=BUY
2026-01-16 16:28:37,231 - INFO - HOOD [SMA_HTF100]: Price=108.58, Signal=BUY
2026-01-16 16:28:37,640 - INFO - PANW [KAMA_HTF150]: Price=185.69, Signal=BUY
2026-01-16 16:28:38,051 - INFO - SHOP [KAMA]: Price=157.20, Signal=BUY
2026-01-16 16:28:38,514 - INFO - QUBT [SUPERTREND_HTF50]: Price=12.93, Signal=BUY
2026-01-16 16:28:39,169 - INFO - DRH [EMA]: Price=9.20, Signal=BUY
2026-01-16 16:28:39,615 - INFO - MU [EMA]: Price=357.30, Signal=BUY
2026-01-16 16:28:40,039 - INFO - JNJ [EMA]: Price=219.63, Signal=BUY
2026-01-16 16:28:40,460 - INFO - XLF [EMA_HTF50]: Price=54.48, Signal=BUY
2026-01-16 16:28:40,890 - INFO - MSTR [SUPERTREND_HTF100]: Price=173.52, Signal=BUY
2026-01-16 16:28:41,469 - INFO - UBER [EMA]: Price=83.82, Signal=BUY
2026-01-16 16:28:41,978 - INFO - AFRM [EMA]: Price=74.64, Signal=BUY
2026-01-16 16:28:42,066 - INFO - Executing signals...
2026-01-16 16:28:42,151 - WARNING - STOP LOSS [KAMA_HTF100] COIN: $240.80 <= $248.28 (8% from entry $269.87)
2026-01-16 16:28:43,352 - INFO - COIN: Bid=240.87, Ask=241.20, Mid=241.03
2026-01-16 16:28:43,355 - INFO - placeOrder: New order Trade(contract=Stock(conId=481691285, symbol='COIN', exchange='SMART', primaryExchange='NASDAQ', currency='USD', localSymbol='COIN', tradingClass='NMS'), order=LimitOrder(orderId=2856, clientId=1, action='SELL', totalQuantity=36, lmtPrice=241.03, tif='DAY'), orderStatus=OrderStatus(orderId=2856, status='PendingSubmit', filled=0.0, remaining=0.0, avgFillPrice=0.0, permId=0, parentId=0, lastFillPrice=0.0, clientId=0, whyHeld='', mktCapPrice=0.0), fills=[], log=[TradeLogEntry(time=datetime.datetime(2026, 1, 16, 15, 28, 43, 354393, tzinfo=datetime.timezone.utc), status='PendingSubmit', message='', errorCode=0)], advancedError='')
2026-01-16 16:28:45,370 - INFO - Placed SELL LIMIT order for 36 COIN @ 241.03
2026-01-16 16:28:45,407 - INFO - Max positions reached, skipping BUY for UNH
2026-01-16 16:28:45,418 - INFO - Max positions reached, skipping BUY for DRH
2026-01-16 16:28:45,424 - INFO - Max positions reached, skipping BUY for QBTS
2026-01-16 16:28:45,425 - INFO - Max positions reached, skipping BUY for PLTR
2026-01-16 16:28:45,431 - INFO - Max positions reached, skipping BUY for JNJ
2026-01-16 16:28:45,432 - INFO - Max positions reached, skipping BUY for LLY
2026-01-16 16:28:45,435 - INFO - Max positions reached, skipping BUY for SNOW
2026-01-16 16:28:45,437 - INFO - Max positions reached, skipping BUY for DIA
2026-01-16 16:28:45,438 - INFO - Max positions reached, skipping BUY for IWM
2026-01-16 16:28:45,439 - INFO - Max positions reached, skipping BUY for ADBE
2026-01-16 16:28:45,440 - INFO - Max positions reached, skipping BUY for LCID
2026-01-16 16:28:45,440 - INFO - Max positions reached, skipping BUY for ORCL
2026-01-16 16:28:45,441 - INFO - Max positions reached, skipping BUY for MSFT
2026-01-16 16:28:45,442 - INFO - Max positions reached, skipping BUY for RIVN
2026-01-16 16:28:45,442 - INFO - Max positions reached, skipping BUY for BABA
2026-01-16 16:28:45,443 - INFO - Max positions reached, skipping BUY for SMCI
2026-01-16 16:28:45,445 - INFO - Max positions reached, skipping BUY for AAPL
2026-01-16 16:28:45,447 - INFO - Max positions reached, skipping BUY for V
2026-01-16 16:28:45,450 - INFO - Max positions reached, skipping BUY for MA
2026-01-16 16:28:45,454 - INFO - Max positions reached, skipping BUY for NOW
2026-01-16 16:28:45,482 - INFO - Max positions reached, skipping BUY for NIO
2026-01-16 16:28:45,488 - INFO - Max positions reached, skipping BUY for SOFI
2026-01-16 16:28:45,489 - INFO - Max positions reached, skipping BUY for ARM
2026-01-16 16:28:45,490 - INFO - Max positions reached, skipping BUY for AMZN
2026-01-16 16:28:45,492 - WARNING - STOP LOSS [JMA] CRM: $229.86 <= $238.52 (8% from entry $259.26)
2026-01-16 16:28:46,638 - INFO - CRM: Bid=230.07, Ask=230.19, Mid=230.13
2026-01-16 16:28:46,643 - INFO - placeOrder: New order Trade(contract=Stock(conId=29624264, symbol='CRM', exchange='SMART', primaryExchange='NYSE', currency='USD', localSymbol='CRM', tradingClass='CRM'), order=LimitOrder(orderId=2859, clientId=1, action='SELL', totalQuantity=98, lmtPrice=230.13, tif='DAY'), orderStatus=OrderStatus(orderId=2859, status='PendingSubmit', filled=0.0, remaining=0.0, avgFillPrice=0.0, permId=0, parentId=0, lastFillPrice=0.0, clientId=0, whyHeld='', mktCapPrice=0.0), fills=[], log=[TradeLogEntry(time=datetime.datetime(2026, 1, 16, 15, 28, 46, 642778, tzinfo=datetime.timezone.utc), status='PendingSubmit', message='', errorCode=0)], advancedError='')
2026-01-16 16:28:46,817 - INFO - orderStatus: Trade(contract=Stock(conId=481691285, symbol='COIN', exchange='SMART', primaryExchange='NASDAQ', currency='USD', localSymbol='COIN', tradingClass='NMS'), order=LimitOrder(orderId=2856, clientId=1, permId=1804225502, action='SELL', totalQuantity=36.0, lmtPrice=241.03, auxPrice=0.0, tif='DAY'), orderStatus=OrderStatus(orderId=2856, status='PreSubmitted', filled=0.0, remaining=36.0, avgFillPrice=0.0, permId=1804225502, parentId=0, lastFillPrice=0.0, clientId=1, whyHeld='', mktCapPrice=0.0), fills=[], log=[TradeLogEntry(time=datetime.datetime(2026, 1, 16, 15, 28, 43, 354393, tzinfo=datetime.timezone.utc), status='PendingSubmit', message='', errorCode=0), TradeLogEntry(time=datetime.datetime(2026, 1, 16, 15, 28, 46, 816755, tzinfo=datetime.timezone.utc), status='PreSubmitted', message='', errorCode=0)], advancedError='')
2026-01-16 16:28:46,826 - INFO - orderStatus: Trade(contract=Stock(conId=481691285, symbol='COIN', exchange='SMART', primaryExchange='NASDAQ', currency='USD', localSymbol='COIN', tradingClass='NMS'), order=LimitOrder(orderId=2856, clientId=1, permId=1804225502, action='SELL', totalQuantity=36.0, lmtPrice=241.03, auxPrice=0.0, tif='DAY'), orderStatus=OrderStatus(orderId=2856, status='Submitted', filled=0.0, remaining=36.0, avgFillPrice=0.0, permId=1804225502, parentId=0, lastFillPrice=0.0, clientId=1, whyHeld='', mktCapPrice=0.0), fills=[], log=[TradeLogEntry(time=datetime.datetime(2026, 1, 16, 15, 28, 43, 354393, tzinfo=datetime.timezone.utc), status='PendingSubmit', message='', errorCode=0), TradeLogEntry(time=datetime.datetime(2026, 1, 16, 15, 28, 46, 816755, tzinfo=datetime.timezone.utc), status='PreSubmitted', message='', errorCode=0), TradeLogEntry(time=datetime.datetime(2026, 1, 16, 15, 28, 46, 825348, tzinfo=datetime.timezone.utc), status='Submitted', message='', errorCode=0)], advancedError='')
2026-01-16 16:28:47,144 - INFO - orderStatus: Trade(contract=Stock(conId=29624264, symbol='CRM', exchange='SMART', primaryExchange='NYSE', currency='USD', localSymbol='CRM', tradingClass='CRM'), order=LimitOrder(orderId=2859, clientId=1, permId=1804225503, action='SELL', totalQuantity=98.0, lmtPrice=230.13, auxPrice=0.0, tif='DAY'), orderStatus=OrderStatus(orderId=2859, status='PreSubmitted', filled=0.0, remaining=98.0, avgFillPrice=0.0, permId=1804225503, parentId=0, lastFillPrice=0.0, clientId=1, whyHeld='', mktCapPrice=0.0), fills=[], log=[TradeLogEntry(time=datetime.datetime(2026, 1, 16, 15, 28, 46, 642778, tzinfo=datetime.timezone.utc), status='PendingSubmit', message='', errorCode=0), TradeLogEntry(time=datetime.datetime(2026, 1, 16, 15, 28, 47, 143632, tzinfo=datetime.timezone.utc), status='PreSubmitted', message='', errorCode=0)], advancedError='')
2026-01-16 16:28:47,165 - INFO - orderStatus: Trade(contract=Stock(conId=29624264, symbol='CRM', exchange='SMART', primaryExchange='NYSE', currency='USD', localSymbol='CRM', tradingClass='CRM'), order=LimitOrder(orderId=2859, clientId=1, permId=1804225503, action='SELL', totalQuantity=98.0, lmtPrice=230.13, auxPrice=0.0, tif='DAY'), orderStatus=OrderStatus(orderId=2859, status='Submitted', filled=0.0, remaining=98.0, avgFillPrice=0.0, permId=1804225503, parentId=0, lastFillPrice=0.0, clientId=1, whyHeld='', mktCapPrice=0.0), fills=[], log=[TradeLogEntry(time=datetime.datetime(2026, 1, 16, 15, 28, 46, 642778, tzinfo=datetime.timezone.utc), status='PendingSubmit', message='', errorCode=0), TradeLogEntry(time=datetime.datetime(2026, 1, 16, 15, 28, 47, 143632, tzinfo=datetime.timezone.utc), status='PreSubmitted', message='', errorCode=0), TradeLogEntry(time=datetime.datetime(2026, 1, 16, 15, 28, 47, 164417, tzinfo=datetime.timezone.utc), status='Submitted', message='', errorCode=0)], advancedError='')
2026-01-16 16:28:48,654 - INFO - Placed SELL LIMIT order for 98 CRM @ 230.13
2026-01-16 16:28:48,664 - INFO - Max positions reached, skipping BUY for VTI
2026-01-16 16:28:48,665 - INFO - Max positions reached, skipping BUY for XLK
2026-01-16 16:28:48,671 - INFO - Max positions reached, skipping BUY for GOOGL
2026-01-16 16:28:48,673 - INFO - Max positions reached, skipping BUY for VOO
2026-01-16 16:28:48,678 - INFO - Max positions reached, skipping BUY for UPST
2026-01-16 16:28:48,680 - INFO - Max positions reached, skipping BUY for HOOD
2026-01-16 16:28:48,681 - INFO - Max positions reached, skipping BUY for PANW
2026-01-16 16:28:48,689 - INFO - Max positions reached, skipping BUY for XLF
2026-01-16 16:28:48,690 - INFO - Max positions reached, skipping BUY for AFRM
2026-01-16 16:28:50,910 - INFO - Waiting 300 seconds for next update...
2026-01-16 16:29:01,886 - INFO - Interrupted by user
2026-01-16 16:29:01,888 - INFO - Disconnecting from 127.0.0.1:7497, 10.3 kB sent in 171 messages, 375 kB received in 1579 messages, session time 51.4 s.
2026-01-16 16:29:01,894 - INFO - Disconnecting
2026-01-16 16:29:01,903 - INFO - Disconnected from IB
2026-01-16 16:29:09,289 - INFO - Connecting to 127.0.0.1:7497 with clientId 52...
2026-01-16 16:29:09,292 - INFO - Connected
2026-01-16 16:29:09,301 - INFO - Logged on to server version 176
2026-01-16 16:29:09,303 - INFO - Warning 2104, reqId -1: Market data farm connection is OK:hfarm
2026-01-16 16:29:09,304 - INFO - Warning 2104, reqId -1: Market data farm connection is OK:eufarmnj
2026-01-16 16:29:09,305 - INFO - Warning 2104, reqId -1: Market data farm connection is OK:cashfarm
2026-01-16 16:29:09,306 - INFO - Warning 2104, reqId -1: Market data farm connection is OK:usfuture
2026-01-16 16:29:09,310 - INFO - Warning 2104, reqId -1: Market data farm connection is OK:usfarm.nj
2026-01-16 16:29:09,312 - INFO - Warning 2104, reqId -1: Market data farm connection is OK:jfarm
2026-01-16 16:29:09,313 - INFO - Warning 2104, reqId -1: Market data farm connection is OK:eufarm
2026-01-16 16:29:09,313 - INFO - Warning 2104, reqId -1: Market data farm connection is OK:usfarm
2026-01-16 16:29:09,314 - INFO - Warning 2106, reqId -1: HMDS data farm connection is OK:euhmds
2026-01-16 16:29:09,315 - INFO - Warning 2106, reqId -1: HMDS data farm connection is OK:fundfarm
2026-01-16 16:29:09,316 - INFO - Warning 2106, reqId -1: HMDS data farm connection is OK:ushmds
2026-01-16 16:29:09,316 - INFO - Warning 2158, reqId -1: Sec-def data farm connection is OK:secdefil
2026-01-16 16:29:09,318 - INFO - API connection ready
2026-01-16 16:29:09,327 - INFO - position: Position(account='DUH400053', contract=Stock(conId=9939, symbol='MU', exchange='NASDAQ', currency='USD', localSymbol='MU', tradingClass='NMS'), position=74.0, avgCost=342.7735135)
2026-01-16 16:29:09,330 - INFO - position: Position(account='DUH400053', contract=Stock(conId=313130367, symbol='AVGO', exchange='NASDAQ', currency='USD', localSymbol='AVGO', tradingClass='NMS'), position=75.0, avgCost=338.48333335)
2026-01-16 16:29:09,332 - INFO - position: Position(account='DUH400053', contract=Stock(conId=4815747, symbol='NVDA', exchange='NASDAQ', currency='USD', localSymbol='NVDA', tradingClass='NMS'), position=54.0, avgCost=181.32205925)
2026-01-16 16:29:09,332 - INFO - position: Position(account='DUH400053', contract=Stock(conId=107113386, symbol='META', exchange='NASDAQ', currency='USD', localSymbol='META', tradingClass='NMS'), position=38.0, avgCost=657.4963158)
2026-01-16 16:29:09,334 - INFO - position: Position(account='DUH400053', contract=Stock(conId=370757467, symbol='CRWD', exchange='NASDAQ', currency='USD', localSymbol='CRWD', tradingClass='NMS'), position=53.0, avgCost=473.4188679)
2026-01-16 16:29:09,336 - INFO - position: Position(account='DUH400053', contract=Stock(conId=1520593, symbol='JPM', exchange='NYSE', currency='USD', localSymbol='JPM', tradingClass='JPM'), position=77.0, avgCost=329.782987)
2026-01-16 16:29:09,339 - INFO - position: Position(account='DUH400053', contract=Stock(conId=324651164, symbol='QUBT', exchange='NASDAQ', currency='USD', localSymbol='QUBT', tradingClass='SCM'), position=535.0, avgCost=9.34502205)
2026-01-16 16:29:09,340 - INFO - position: Position(account='DUH400053', contract=Stock(conId=195014116, symbol='SHOP', exchange='NASDAQ', currency='USD', localSymbol='SHOP', tradingClass='NMS'), position=152.0, avgCost=166.99657895)
2026-01-16 16:29:09,341 - INFO - position: Position(account='DUH400053', contract=Stock(conId=756733, symbol='SPY', exchange='ARCA', currency='USD', localSymbol='SPY', tradingClass='SPY'), position=36.0, avgCost=692.2177778)
2026-01-16 16:29:09,342 - INFO - position: Position(account='DUH400053', contract=Stock(conId=560105364, symbol='DKNG', exchange='NASDAQ', currency='USD', localSymbol='DKNG', tradingClass='NMS'), position=726.0, avgCost=34.83279615)
2026-01-16 16:29:09,343 - INFO - position: Position(account='DUH400053', contract=Stock(conId=272110, symbol='MSTR', exchange='NASDAQ', currency='USD', localSymbol='MSTR', tradingClass='NMS'), position=154.0, avgCost=164.3264935)
2026-01-16 16:29:09,344 - INFO - position: Position(account='DUH400053', contract=Stock(conId=199169591, symbol='PYPL', exchange='NASDAQ', currency='USD', localSymbol='PYPL', tradingClass='NMS'), position=425.0, avgCost=59.885)
2026-01-16 16:29:09,346 - INFO - position: Position(account='DUH400053', contract=Stock(conId=640796125, symbol='PDYN', exchange='NASDAQ', currency='USD', localSymbol='PDYN', tradingClass='NMS'), position=-1400.0, avgCost=6.62266215)
2026-01-16 16:29:09,347 - INFO - position: Position(account='DUH400053', contract=Stock(conId=320227571, symbol='QQQ', exchange='NASDAQ', currency='USD', localSymbol='QQQ', tradingClass='NMS'), position=40.0, avgCost=623.215)
2026-01-16 16:29:09,348 - INFO - position: Position(account='DUH400053', contract=Stock(conId=4762, symbol='BA', exchange='NYSE', currency='USD', localSymbol='BA', tradingClass='BA'), position=632.0, avgCost=243.07768985)
2026-01-16 16:29:09,349 - INFO - position: Position(account='DUH400053', contract=Stock(conId=344809106, symbol='MRNA', exchange='NASDAQ', currency='USD', localSymbol='MRNA', tradingClass='NMS'), position=733.0, avgCost=34.75431785)
2026-01-16 16:29:09,350 - INFO - position: Position(account='DUH400053', contract=Stock(conId=11031, symbol='PFE', exchange='NYSE', currency='USD', localSymbol='PFE', tradingClass='PFE'), position=994.0, avgCost=25.655)
2026-01-16 16:29:09,351 - INFO - position: Position(account='DUH400053', contract=Stock(conId=4813508, symbol='INOD', exchange='NASDAQ', currency='USD', localSymbol='INOD', tradingClass='NMS'), position=393.0, avgCost=63.0334733)
2026-01-16 16:29:09,358 - INFO - position: Position(account='DUH400053', contract=Stock(conId=76792991, symbol='TSLA', exchange='NASDAQ', currency='USD', localSymbol='TSLA', tradingClass='NMS'), position=57.0, avgCost=440.38754385)
2026-01-16 16:29:09,360 - INFO - position: Position(account='DUH400053', contract=Stock(conId=29624264, symbol='CRM', exchange='NYSE', currency='USD', localSymbol='CRM', tradingClass='CRM'), position=98.0, avgCost=259.2602041)
2026-01-16 16:29:09,362 - INFO - position: Position(account='DUH400053', contract=Stock(conId=290651477, symbol='ROKU', exchange='NASDAQ', currency='USD', localSymbol='ROKU', tradingClass='NMS'), position=229.0, avgCost=110.755)
2026-01-16 16:29:09,363 - INFO - position: Position(account='DUH400053', contract=Stock(conId=15124833, symbol='NFLX', exchange='NASDAQ', currency='USD', localSymbol='NFLX', tradingClass='NMS'), position=278.0, avgCost=91.655)
2026-01-16 16:29:09,364 - INFO - position: Position(account='DUH400053', contract=Stock(conId=70101545, symbol='MRK', exchange='NYSE', currency='USD', localSymbol='MRK', tradingClass='MRK'), position=230.0, avgCost=110.125)
2026-01-16 16:29:09,365 - INFO - position: Position(account='DUH400053', contract=Stock(conId=6459, symbol='DIS', exchange='NYSE', currency='USD', localSymbol='DIS', tradingClass='DIS'), position=220.0, avgCost=114.9268182)
2026-01-16 16:29:09,366 - INFO - position: Position(account='DUH400053', contract=Stock(conId=12729, symbol='TER', exchange='NASDAQ', currency='USD', localSymbol='TER', tradingClass='NMS'), position=30.0, avgCost=162.53335665)
2026-01-16 16:29:09,372 - INFO - position: Position(account='DUH400053', contract=Stock(conId=10291, symbol='NKE', exchange='NYSE', currency='USD', localSymbol='NKE', tradingClass='NKE'), position=392.0, avgCost=64.94265305)
2026-01-16 16:29:09,373 - INFO - position: Position(account='DUH400053', contract=Stock(conId=481691285, symbol='COIN', exchange='NASDAQ', currency='USD', localSymbol='COIN', tradingClass='NMS'), position=36.0, avgCost=269.8705778)
2026-01-16 16:29:09,374 - INFO - position: Position(account='DUH400053', contract=Stock(conId=365207014, symbol='UBER', exchange='NYSE', currency='USD', localSymbol='UBER', tradingClass='UBER'), position=299.0, avgCost=84.51533445)
2026-01-16 16:29:09,376 - INFO - position: Position(account='DUH400053', contract=Stock(conId=4391, symbol='AMD', exchange='NASDAQ', currency='USD', localSymbol='AMD', tradingClass='NMS'), position=-40.0, avgCost=239.8498125)
2026-01-16 16:29:09,378 - INFO - position: Position(account='DUH400053', contract=Stock(conId=6437, symbol='TGT', exchange='NYSE', currency='USD', localSymbol='TGT', tradingClass='TGT'), position=244.0, avgCost=104.635)
2026-01-16 16:29:09,455 - INFO - updatePortfolio: PortfolioItem(contract=Stock(conId=4391, symbol='AMD', right='0', primaryExchange='NASDAQ', currency='USD', localSymbol='AMD', tradingClass='NMS'), position=-40.0, marketPrice=232.40800475, marketValue=-9296.32, averageCost=239.8498125, unrealizedPNL=297.67, realizedPNL=0.0, account='DUH400053')
2026-01-16 16:29:09,462 - INFO - updatePortfolio: PortfolioItem(contract=Stock(conId=313130367, symbol='AVGO', right='0', primaryExchange='NASDAQ', currency='USD', localSymbol='AVGO', tradingClass='NMS'), position=75.0, marketPrice=345.77893065, marketValue=25933.42, averageCost=338.48333335, unrealizedPNL=547.17, realizedPNL=0.0, account='DUH400053')
2026-01-16 16:29:09,464 - INFO - updatePortfolio: PortfolioItem(contract=Stock(conId=4762, symbol='BA', right='0', primaryExchange='NYSE', currency='USD', localSymbol='BA', tradingClass='BA'), position=632.0, marketPrice=246.40101625, marketValue=155725.44, averageCost=243.07768985, unrealizedPNL=2100.34, realizedPNL=0.0, account='DUH400053')
2026-01-16 16:29:09,465 - INFO - updatePortfolio: PortfolioItem(contract=Stock(conId=481691285, symbol='COIN', right='0', primaryExchange='NASDAQ', currency='USD', localSymbol='COIN', tradingClass='NMS'), position=36.0, marketPrice=240.8608856, marketValue=8670.99, averageCost=269.8705778, unrealizedPNL=-1044.35, realizedPNL=0.0, account='DUH400053')
2026-01-16 16:29:09,466 - INFO - updatePortfolio: PortfolioItem(contract=Stock(conId=29624264, symbol='CRM', right='0', primaryExchange='NYSE', currency='USD', localSymbol='CRM', tradingClass='CRM'), position=98.0, marketPrice=229.1595764, marketValue=22457.64, averageCost=259.2602041, unrealizedPNL=-2949.86, realizedPNL=0.0, account='DUH400053')
2026-01-16 16:29:09,467 - INFO - updatePortfolio: PortfolioItem(contract=Stock(conId=370757467, symbol='CRWD', right='0', primaryExchange='NASDAQ', currency='USD', localSymbol='CRWD', tradingClass='NMS'), position=53.0, marketPrice=445.6894226, marketValue=23621.54, averageCost=473.4188679, unrealizedPNL=-1469.66, realizedPNL=0.0, account='DUH400053')
2026-01-16 16:29:09,469 - INFO - updatePortfolio: PortfolioItem(contract=Stock(conId=6459, symbol='DIS', right='0', primaryExchange='NYSE', currency='USD', localSymbol='DIS', tradingClass='DIS'), position=220.0, marketPrice=112.7941742, marketValue=24814.72, averageCost=114.9268182, unrealizedPNL=-469.18, realizedPNL=0.0, account='DUH400053')
2026-01-16 16:29:09,470 - INFO - updatePortfolio: PortfolioItem(contract=Stock(conId=560105364, symbol='DKNG', right='0', primaryExchange='NASDAQ', currency='USD', localSymbol='DKNG', tradingClass='NMS'), position=726.0, marketPrice=32.90616225, marketValue=23889.87, averageCost=34.83279615, unrealizedPNL=-1398.74, realizedPNL=0.0, account='DUH400053')
2026-01-16 16:29:09,471 - INFO - updatePortfolio: PortfolioItem(contract=Stock(conId=4813508, symbol='INOD', right='0', primaryExchange='NASDAQ', currency='USD', localSymbol='INOD', tradingClass='NMS'), position=393.0, marketPrice=62.49550245, marketValue=24560.73, averageCost=63.0334733, unrealizedPNL=-211.42, realizedPNL=0.0, account='DUH400053')
2026-01-16 16:29:09,479 - INFO - updatePortfolio: PortfolioItem(contract=Stock(conId=1520593, symbol='JPM', right='0', primaryExchange='NYSE', currency='USD', localSymbol='JPM', tradingClass='JPM'), position=77.0, marketPrice=311.78829955, marketValue=24007.7, averageCost=329.782987, unrealizedPNL=-1385.59, realizedPNL=0.0, account='DUH400053')
2026-01-16 16:29:09,481 - INFO - updatePortfolio: PortfolioItem(contract=Stock(conId=107113386, symbol='META', right='0', primaryExchange='NASDAQ', currency='USD', localSymbol='META', tradingClass='NMS'), position=38.0, marketPrice=625.666626, marketValue=23775.33, averageCost=657.4963158, unrealizedPNL=-1209.53, realizedPNL=0.0, account='DUH400053')
2026-01-16 16:29:09,481 - INFO - updatePortfolio: PortfolioItem(contract=Stock(conId=70101545, symbol='MRK', right='0', primaryExchange='NYSE', currency='USD', localSymbol='MRK', tradingClass='MRK'), position=230.0, marketPrice=110.05599975, marketValue=25312.88, averageCost=110.125, unrealizedPNL=-15.87, realizedPNL=0.0, account='DUH400053')
2026-01-16 16:29:09,482 - INFO - updatePortfolio: PortfolioItem(contract=Stock(conId=344809106, symbol='MRNA', right='0', primaryExchange='NASDAQ', currency='USD', localSymbol='MRNA', tradingClass='NMS'), position=733.0, marketPrice=41.6479988, marketValue=30527.98, averageCost=34.75431785, unrealizedPNL=5053.07, realizedPNL=0.0, account='DUH400053')
2026-01-16 16:29:09,483 - INFO - updatePortfolio: PortfolioItem(contract=Stock(conId=272110, symbol='MSTR', right='0', primaryExchange='NASDAQ', currency='USD', localSymbol='MSTR', tradingClass='NMS'), position=154.0, marketPrice=172.567688, marketValue=26575.42, averageCost=164.3264935, unrealizedPNL=1269.14, realizedPNL=0.0, account='DUH400053')
2026-01-16 16:29:09,484 - INFO - updatePortfolio: PortfolioItem(contract=Stock(conId=9939, symbol='MU', right='0', primaryExchange='NASDAQ', currency='USD', localSymbol='MU', tradingClass='NMS'), position=74.0, marketPrice=357.58117675, marketValue=26461.01, averageCost=342.7735135, unrealizedPNL=1095.77, realizedPNL=0.0, account='DUH400053')
2026-01-16 16:29:09,485 - INFO - updatePortfolio: PortfolioItem(contract=Stock(conId=15124833, symbol='NFLX', right='0', primaryExchange='NASDAQ', currency='USD', localSymbol='NFLX', tradingClass='NMS'), position=278.0, marketPrice=88.26600645, marketValue=24537.95, averageCost=91.655, unrealizedPNL=-942.14, realizedPNL=0.0, account='DUH400053')
2026-01-16 16:29:09,486 - INFO - updatePortfolio: PortfolioItem(contract=Stock(conId=10291, symbol='NKE', right='0', primaryExchange='NYSE', currency='USD', localSymbol='NKE', tradingClass='NKE'), position=392.0, marketPrice=63.9158821, marketValue=25055.03, averageCost=64.94265305, unrealizedPNL=-402.49, realizedPNL=0.0, account='DUH400053')
2026-01-16 16:29:09,489 - INFO - updatePortfolio: PortfolioItem(contract=Stock(conId=4815747, symbol='NVDA', right='0', primaryExchange='NASDAQ', currency='USD', localSymbol='NVDA', tradingClass='NMS'), position=54.0, marketPrice=188.0039978, marketValue=10152.22, averageCost=181.32205925, unrealizedPNL=360.82, realizedPNL=0.0, account='DUH400053')
2026-01-16 16:29:09,496 - INFO - updatePortfolio: PortfolioItem(contract=Stock(conId=640796125, symbol='PDYN', right='0', primaryExchange='NASDAQ', currency='USD', localSymbol='PDYN', tradingClass='NMS'), position=-1400.0, marketPrice=7.014524, marketValue=-9820.33, averageCost=6.62266215, unrealizedPNL=-548.61, realizedPNL=0.0, account='DUH400053')
2026-01-16 16:29:09,497 - INFO - updatePortfolio: PortfolioItem(contract=Stock(conId=11031, symbol='PFE', right='0', primaryExchange='NYSE', currency='USD', localSymbol='PFE', tradingClass='PFE'), position=994.0, marketPrice=25.723999, marketValue=25569.66, averageCost=25.655, unrealizedPNL=68.59, realizedPNL=0.0, account='DUH400053')
2026-01-16 16:29:09,498 - INFO - updatePortfolio: PortfolioItem(contract=Stock(conId=199169591, symbol='PYPL', right='0', primaryExchange='NASDAQ', currency='USD', localSymbol='PYPL', tradingClass='NMS'), position=425.0, marketPrice=56.5517845, marketValue=24034.51, averageCost=59.885, unrealizedPNL=-1416.62, realizedPNL=0.0, account='DUH400053')
2026-01-16 16:29:09,500 - INFO - updatePortfolio: PortfolioItem(contract=Stock(conId=320227571, symbol='QQQ', right='0', primaryExchange='NASDAQ', currency='USD', localSymbol='QQQ', tradingClass='NMS'), position=40.0, marketPrice=620.99401855, marketValue=24839.76, averageCost=623.215, unrealizedPNL=-88.84, realizedPNL=0.0, account='DUH400053')
2026-01-16 16:29:09,500 - INFO - updatePortfolio: PortfolioItem(contract=Stock(conId=324651164, symbol='QUBT', right='0', primaryExchange='NASDAQ', currency='USD', localSymbol='QUBT', tradingClass='SCM'), position=535.0, marketPrice=12.89000035, marketValue=6896.15, averageCost=9.34502205, unrealizedPNL=1896.56, realizedPNL=0.0, account='DUH400053')
2026-01-16 16:29:09,503 - INFO - updatePortfolio: PortfolioItem(contract=Stock(conId=290651477, symbol='ROKU', right='0', primaryExchange='NASDAQ', currency='USD', localSymbol='ROKU', tradingClass='NMS'), position=229.0, marketPrice=104.97434235, marketValue=24039.12, averageCost=110.755, unrealizedPNL=-1323.77, realizedPNL=0.0, account='DUH400053')
2026-01-16 16:29:09,504 - INFO - updatePortfolio: PortfolioItem(contract=Stock(conId=195014116, symbol='SHOP', right='0', primaryExchange='NASDAQ', currency='USD', localSymbol='SHOP', tradingClass='NMS'), position=152.0, marketPrice=156.85305785, marketValue=23841.66, averageCost=166.99657895, unrealizedPNL=-1541.82, realizedPNL=0.0, account='DUH400053')
2026-01-16 16:29:09,505 - INFO - updatePortfolio: PortfolioItem(contract=Stock(conId=756733, symbol='SPY', right='0', primaryExchange='ARCA', currency='USD', localSymbol='SPY', tradingClass='SPY'), position=36.0, marketPrice=691.77001955, marketValue=24903.72, averageCost=692.2177778, unrealizedPNL=-16.12, realizedPNL=0.0, account='DUH400053')
2026-01-16 16:29:09,507 - INFO - updatePortfolio: PortfolioItem(contract=Stock(conId=12729, symbol='TER', right='0', primaryExchange='NASDAQ', currency='USD', localSymbol='TER', tradingClass='NMS'), position=30.0, marketPrice=227.93162535, marketValue=6837.95, averageCost=162.53335665, unrealizedPNL=1961.95, realizedPNL=0.0, account='DUH400053')
2026-01-16 16:29:09,508 - INFO - updatePortfolio: PortfolioItem(contract=Stock(conId=6437, symbol='TGT', right='0', primaryExchange='NYSE', currency='USD', localSymbol='TGT', tradingClass='TGT'), position=244.0, marketPrice=110.9512253, marketValue=27072.1, averageCost=104.635, unrealizedPNL=1541.16, realizedPNL=0.0, account='DUH400053')
2026-01-16 16:29:09,510 - INFO - updatePortfolio: PortfolioItem(contract=Stock(conId=76792991, symbol='TSLA', right='0', primaryExchange='NASDAQ', currency='USD', localSymbol='TSLA', tradingClass='NMS'), position=57.0, marketPrice=436.4500122, marketValue=24877.65, averageCost=440.38754385, unrealizedPNL=-224.44, realizedPNL=0.0, account='DUH400053')
2026-01-16 16:29:09,512 - INFO - updatePortfolio: PortfolioItem(contract=Stock(conId=365207014, symbol='UBER', right='0', primaryExchange='NYSE', currency='USD', localSymbol='UBER', tradingClass='UBER'), position=299.0, marketPrice=83.67569735, marketValue=25019.03, averageCost=84.51533445, unrealizedPNL=-251.05, realizedPNL=0.0, account='DUH400053')
2026-01-16 16:29:09,520 - INFO - Synchronization complete
2026-01-16 16:29:09,526 - INFO - Connected to IB. Fetching data for 60 symbols...
2026-01-16 16:29:10,274 - INFO -   MU: 251 days
2026-01-16 16:29:11,379 - INFO -   ADBE: 251 days
2026-01-16 16:29:12,439 - INFO -   AMD: 251 days
2026-01-16 16:29:13,478 - INFO -   NFLX: 251 days
2026-01-16 16:29:14,540 - INFO -   NVDA: 251 days
2026-01-16 16:29:15,612 - INFO -   MRNA: 251 days
2026-01-16 16:29:16,495 - INFO - updatePortfolio: PortfolioItem(contract=Stock(conId=4391, symbol='AMD', right='0', primaryExchange='NASDAQ', currency='USD', localSymbol='AMD', tradingClass='NMS'), position=-40.0, marketPrice=231.74980165, marketValue=-9269.99, averageCost=239.8498125, unrealizedPNL=324.0, realizedPNL=0.0, account='DUH400053')
2026-01-16 16:29:16,498 - INFO - updatePortfolio: PortfolioItem(contract=Stock(conId=4762, symbol='BA', right='0', primaryExchange='NYSE', currency='USD', localSymbol='BA', tradingClass='BA'), position=632.0, marketPrice=246.48680115, marketValue=155779.66, averageCost=243.07768985, unrealizedPNL=2154.56, realizedPNL=0.0, account='DUH400053')
2026-01-16 16:29:16,503 - INFO - updatePortfolio: PortfolioItem(contract=Stock(conId=6437, symbol='TGT', right='0', primaryExchange='NYSE', currency='USD', localSymbol='TGT', tradingClass='TGT'), position=244.0, marketPrice=111.0982971, marketValue=27107.98, averageCost=104.635, unrealizedPNL=1577.04, realizedPNL=0.0, account='DUH400053')
2026-01-16 16:29:16,505 - INFO - updatePortfolio: PortfolioItem(contract=Stock(conId=6459, symbol='DIS', right='0', primaryExchange='NYSE', currency='USD', localSymbol='DIS', tradingClass='DIS'), position=220.0, marketPrice=112.7303009, marketValue=24800.67, averageCost=114.9268182, unrealizedPNL=-483.23, realizedPNL=0.0, account='DUH400053')
2026-01-16 16:29:16,505 - INFO - updatePortfolio: PortfolioItem(contract=Stock(conId=9939, symbol='MU', right='0', primaryExchange='NASDAQ', currency='USD', localSymbol='MU', tradingClass='NMS'), position=74.0, marketPrice=356.7946472, marketValue=26402.8, averageCost=342.7735135, unrealizedPNL=1037.56, realizedPNL=0.0, account='DUH400053')
2026-01-16 16:29:16,508 - INFO - updatePortfolio: PortfolioItem(contract=Stock(conId=10291, symbol='NKE', right='0', primaryExchange='NYSE', currency='USD', localSymbol='NKE', tradingClass='NKE'), position=392.0, marketPrice=63.9339981, marketValue=25062.13, averageCost=64.94265305, unrealizedPNL=-395.39, realizedPNL=0.0, account='DUH400053')
2026-01-16 16:29:16,510 - INFO - updatePortfolio: PortfolioItem(contract=Stock(conId=11031, symbol='PFE', right='0', primaryExchange='NYSE', currency='USD', localSymbol='PFE', tradingClass='PFE'), position=994.0, marketPrice=25.7259979, marketValue=25571.64, averageCost=25.655, unrealizedPNL=70.57, realizedPNL=0.0, account='DUH400053')
2026-01-16 16:29:16,511 - INFO - updatePortfolio: PortfolioItem(contract=Stock(conId=12729, symbol='TER', right='0', primaryExchange='NASDAQ', currency='USD', localSymbol='TER', tradingClass='NMS'), position=30.0, marketPrice=226.93077085, marketValue=6807.92, averageCost=162.53335665, unrealizedPNL=1931.92, realizedPNL=0.0, account='DUH400053')
2026-01-16 16:29:16,511 - INFO - updatePortfolio: PortfolioItem(contract=Stock(conId=272110, symbol='MSTR', right='0', primaryExchange='NASDAQ', currency='USD', localSymbol='MSTR', tradingClass='NMS'), position=154.0, marketPrice=173.3938141, marketValue=26702.65, averageCost=164.3264935, unrealizedPNL=1396.37, realizedPNL=0.0, account='DUH400053')
2026-01-16 16:29:16,513 - INFO - updatePortfolio: PortfolioItem(contract=Stock(conId=756733, symbol='SPY', right='0', primaryExchange='ARCA', currency='USD', localSymbol='SPY', tradingClass='SPY'), position=36.0, marketPrice=691.77001955, marketValue=24903.72, averageCost=692.2177778, unrealizedPNL=-16.12, realizedPNL=0.0, account='DUH400053')
2026-01-16 16:29:16,520 - INFO - updatePortfolio: PortfolioItem(contract=Stock(conId=1520593, symbol='JPM', right='0', primaryExchange='NYSE', currency='USD', localSymbol='JPM', tradingClass='JPM'), position=77.0, marketPrice=311.7822876, marketValue=24007.24, averageCost=329.782987, unrealizedPNL=-1386.05, realizedPNL=0.0, account='DUH400053')
2026-01-16 16:29:16,543 - INFO - updatePortfolio: PortfolioItem(contract=Stock(conId=4813508, symbol='INOD', right='0', primaryExchange='NASDAQ', currency='USD', localSymbol='INOD', tradingClass='NMS'), position=393.0, marketPrice=62.65799715, marketValue=24624.59, averageCost=63.0334733, unrealizedPNL=-147.56, realizedPNL=0.0, account='DUH400053')
2026-01-16 16:29:16,545 - INFO - updatePortfolio: PortfolioItem(contract=Stock(conId=4815747, symbol='NVDA', right='0', primaryExchange='NASDAQ', currency='USD', localSymbol='NVDA', tradingClass='NMS'), position=54.0, marketPrice=187.76600645, marketValue=10139.36, averageCost=181.32205925, unrealizedPNL=347.97, realizedPNL=0.0, account='DUH400053')
2026-01-16 16:29:16,551 - INFO - updatePortfolio: PortfolioItem(contract=Stock(conId=15124833, symbol='NFLX', right='0', primaryExchange='NASDAQ', currency='USD', localSymbol='NFLX', tradingClass='NMS'), position=278.0, marketPrice=88.38599395, marketValue=24571.31, averageCost=91.655, unrealizedPNL=-908.78, realizedPNL=0.0, account='DUH400053')
2026-01-16 16:29:16,560 - INFO - updatePortfolio: PortfolioItem(contract=Stock(conId=29624264, symbol='CRM', right='0', primaryExchange='NYSE', currency='USD', localSymbol='CRM', tradingClass='CRM'), position=98.0, marketPrice=230.0168152, marketValue=22541.65, averageCost=259.2602041, unrealizedPNL=-2865.85, realizedPNL=0.0, account='DUH400053')
2026-01-16 16:29:16,565 - INFO - updatePortfolio: PortfolioItem(contract=Stock(conId=70101545, symbol='MRK', right='0', primaryExchange='NYSE', currency='USD', localSymbol='MRK', tradingClass='MRK'), position=230.0, marketPrice=110.03858185, marketValue=25308.87, averageCost=110.125, unrealizedPNL=-19.88, realizedPNL=0.0, account='DUH400053')
2026-01-16 16:29:16,566 - INFO - updatePortfolio: PortfolioItem(contract=Stock(conId=76792991, symbol='TSLA', right='0', primaryExchange='NASDAQ', currency='USD', localSymbol='TSLA', tradingClass='NMS'), position=57.0, marketPrice=436.91000365, marketValue=24903.87, averageCost=440.38754385, unrealizedPNL=-198.22, realizedPNL=0.0, account='DUH400053')
2026-01-16 16:29:16,568 - INFO - updatePortfolio: PortfolioItem(contract=Stock(conId=107113386, symbol='META', right='0', primaryExchange='NASDAQ', currency='USD', localSymbol='META', tradingClass='NMS'), position=38.0, marketPrice=625.06921385, marketValue=23752.63, averageCost=657.4963158, unrealizedPNL=-1232.23, realizedPNL=0.0, account='DUH400053')
2026-01-16 16:29:16,572 - INFO - updatePortfolio: PortfolioItem(contract=Stock(conId=195014116, symbol='SHOP', right='0', primaryExchange='NASDAQ', currency='USD', localSymbol='SHOP', tradingClass='NMS'), position=152.0, marketPrice=157.17619325, marketValue=23890.78, averageCost=166.99657895, unrealizedPNL=-1492.7, realizedPNL=0.0, account='DUH400053')
2026-01-16 16:29:16,580 - INFO - updatePortfolio: PortfolioItem(contract=Stock(conId=199169591, symbol='PYPL', right='0', primaryExchange='NASDAQ', currency='USD', localSymbol='PYPL', tradingClass='NMS'), position=425.0, marketPrice=56.6663513, marketValue=24083.2, averageCost=59.885, unrealizedPNL=-1367.93, realizedPNL=0.0, account='DUH400053')
2026-01-16 16:29:16,581 - INFO - updatePortfolio: PortfolioItem(contract=Stock(conId=290651477, symbol='ROKU', right='0', primaryExchange='NASDAQ', currency='USD', localSymbol='ROKU', tradingClass='NMS'), position=229.0, marketPrice=105.10972595, marketValue=24070.13, averageCost=110.755, unrealizedPNL=-1292.77, realizedPNL=0.0, account='DUH400053')
2026-01-16 16:29:16,582 - INFO - updatePortfolio: PortfolioItem(contract=Stock(conId=313130367, symbol='AVGO', right='0', primaryExchange='NASDAQ', currency='USD', localSymbol='AVGO', tradingClass='NMS'), position=75.0, marketPrice=345.75, marketValue=25931.25, averageCost=338.48333335, unrealizedPNL=545.0, realizedPNL=0.0, account='DUH400053')
2026-01-16 16:29:16,590 - INFO - updatePortfolio: PortfolioItem(contract=Stock(conId=320227571, symbol='QQQ', right='0', primaryExchange='NASDAQ', currency='USD', localSymbol='QQQ', tradingClass='NMS'), position=40.0, marketPrice=620.8959961, marketValue=24835.84, averageCost=623.215, unrealizedPNL=-92.76, realizedPNL=0.0, account='DUH400053')
2026-01-16 16:29:16,593 - INFO - updatePortfolio: PortfolioItem(contract=Stock(conId=324651164, symbol='QUBT', right='0', primaryExchange='NASDAQ', currency='USD', localSymbol='QUBT', tradingClass='SCM'), position=535.0, marketPrice=12.93599985, marketValue=6920.76, averageCost=9.34502205, unrealizedPNL=1921.17, realizedPNL=0.0, account='DUH400053')
2026-01-16 16:29:16,596 - INFO - updatePortfolio: PortfolioItem(contract=Stock(conId=344809106, symbol='MRNA', right='0', primaryExchange='NASDAQ', currency='USD', localSymbol='MRNA', tradingClass='NMS'), position=733.0, marketPrice=41.77399825, marketValue=30620.34, averageCost=34.75431785, unrealizedPNL=5145.43, realizedPNL=0.0, account='DUH400053')
2026-01-16 16:29:16,599 - INFO - updatePortfolio: PortfolioItem(contract=Stock(conId=365207014, symbol='UBER', right='0', primaryExchange='NYSE', currency='USD', localSymbol='UBER', tradingClass='UBER'), position=299.0, marketPrice=83.80999755, marketValue=25059.19, averageCost=84.51533445, unrealizedPNL=-210.9, realizedPNL=0.0, account='DUH400053')
2026-01-16 16:29:16,605 - INFO - updatePortfolio: PortfolioItem(contract=Stock(conId=370757467, symbol='CRWD', right='0', primaryExchange='NASDAQ', currency='USD', localSymbol='CRWD', tradingClass='NMS'), position=53.0, marketPrice=446.83511355, marketValue=23682.26, averageCost=473.4188679, unrealizedPNL=-1408.94, realizedPNL=0.0, account='DUH400053')
2026-01-16 16:29:16,609 - INFO - updatePortfolio: PortfolioItem(contract=Stock(conId=481691285, symbol='COIN', right='0', primaryExchange='NASDAQ', currency='USD', localSymbol='COIN', tradingClass='NMS'), position=36.0, marketPrice=240.6906433, marketValue=8664.86, averageCost=269.8705778, unrealizedPNL=-1050.48, realizedPNL=0.0, account='DUH400053')
2026-01-16 16:29:16,611 - INFO - updatePortfolio: PortfolioItem(contract=Stock(conId=560105364, symbol='DKNG', right='0', primaryExchange='NASDAQ', currency='USD', localSymbol='DKNG', tradingClass='NMS'), position=726.0, marketPrice=32.7099991, marketValue=23747.46, averageCost=34.83279615, unrealizedPNL=-1541.15, realizedPNL=0.0, account='DUH400053')
2026-01-16 16:29:16,614 - INFO - updatePortfolio: PortfolioItem(contract=Stock(conId=640796125, symbol='PDYN', right='0', primaryExchange='NASDAQ', currency='USD', localSymbol='PDYN', tradingClass='NMS'), position=-1400.0, marketPrice=7.0260005, marketValue=-9836.4, averageCost=6.62266215, unrealizedPNL=-564.67, realizedPNL=0.0, account='DUH400053')
2026-01-16 16:29:16,869 - INFO -   SHOP: 252 days
2026-01-16 16:29:17,986 - INFO -   UPST: 251 days
2026-01-16 16:29:19,108 - INFO -   QUBT: 251 days
2026-01-16 16:29:20,170 - INFO -   NOW: 251 days
2026-01-16 16:29:21,205 - INFO -   PLTR: 251 days
2026-01-16 16:29:22,260 - INFO -   VTI: 251 days
2026-01-16 16:29:23,323 - INFO -   PFE: 251 days
2026-01-16 16:29:24,390 - INFO -   TSLA: 251 days
2026-01-16 16:29:25,445 - INFO -   SMCI: 251 days
2026-01-16 16:29:26,488 - INFO -   AAPL: 251 days
2026-01-16 16:29:27,547 - INFO -   PANW: 251 days
2026-01-16 16:29:28,600 - INFO -   ARM: 251 days
2026-01-16 16:29:29,666 - INFO -   UNH: 251 days
2026-01-16 16:29:30,730 - INFO -   VOO: 251 days
2026-01-16 16:29:31,798 - INFO -   LLY: 251 days
2026-01-16 16:29:32,891 - INFO -   QBTS: 251 days
2026-01-16 16:29:33,932 - INFO -   RIVN: 251 days
2026-01-16 16:29:34,980 - INFO -   GOOGL: 251 days
2026-01-16 16:29:36,018 - INFO -   PDYN: 251 days
2026-01-16 16:29:37,071 - INFO -   UBER: 251 days
2026-01-16 16:29:38,139 - INFO -   NKE: 251 days
2026-01-16 16:29:39,192 - INFO -   TGT: 251 days
2026-01-16 16:29:40,307 - INFO -   INOD: 251 days
2026-01-16 16:29:41,507 - INFO -   LCID: 252 days
2026-01-16 16:29:42,562 - INFO -   IWM: 251 days
2026-01-16 16:29:43,751 - INFO -   ORCL: 251 days
2026-01-16 16:29:44,862 - INFO -   XLF: 251 days
2026-01-16 16:29:45,910 - INFO -   V: 251 days
2026-01-16 16:29:46,993 - INFO -   NIO: 251 days
2026-01-16 16:29:48,088 - INFO -   DIA: 251 days
2026-01-16 16:29:49,182 - INFO -   MRK: 251 days
2026-01-16 16:29:50,248 - INFO -   JPM: 251 days
2026-01-16 16:29:51,314 - INFO -   XLK: 251 days
2026-01-16 16:29:52,379 - INFO -   SPY: 251 days
2026-01-16 16:29:53,403 - INFO -   CRM: 251 days
2026-01-16 16:29:54,452 - INFO -   MSTR: 251 days
2026-01-16 16:29:55,587 - INFO -   AMZN: 251 days
2026-01-16 16:29:56,643 - INFO -   CRWD: 251 days
2026-01-16 16:29:57,702 - INFO -   AFRM: 251 days
2026-01-16 16:29:58,737 - INFO -   MA: 251 days
2026-01-16 16:29:59,778 - INFO -   PYPL: 251 days
2026-01-16 16:30:00,816 - INFO -   HOOD: 251 days
2026-01-16 16:30:01,876 - INFO -   META: 251 days
2026-01-16 16:30:02,934 - INFO -   JNJ: 251 days
2026-01-16 16:30:03,970 - INFO -   BABA: 251 days
2026-01-16 16:30:05,003 - INFO -   COIN: 251 days
2026-01-16 16:30:06,066 - INFO -   MSFT: 251 days
2026-01-16 16:30:06,867 - ERROR - Error 162, reqId 110: Historical Market Data Service error message:No market data permissions for IBIS STK, contract: Stock(conId=824106752, symbol='TKMS', exchange='IBIS', primaryExchange='IBIS', currency='EUR', localSymbol='TKMS', tradingClass='XETRA')
2026-01-16 16:30:07,919 - INFO -   AVGO: 251 days
2026-01-16 16:30:08,910 - INFO -   DKNG: 251 days
2026-01-16 16:30:10,126 - INFO -   DRH: 252 days
2026-01-16 16:30:11,305 - INFO -   SNOW: 251 days
2026-01-16 16:30:12,712 - INFO -   SOFI: 251 days
2026-01-16 16:30:13,827 - INFO -   QQQ: 251 days
2026-01-16 16:30:14,332 - INFO - Disconnecting from 127.0.0.1:7497, 8.08 kB sent in 128 messages, 962 kB received in 770 messages, session time 65.0 s.
2026-01-16 16:30:14,336 - INFO - Disconnecting
2026-01-16 16:30:14,448 - INFO - Running simulation: 251 trading days
2026-01-16 18:50:37,092 - INFO - Connecting to 127.0.0.1:7497 with clientId 52...
2026-01-16 18:50:37,098 - INFO - Connected
2026-01-16 18:50:37,280 - INFO - Logged on to server version 176
2026-01-16 18:50:37,339 - INFO - API connection ready
2026-01-16 18:50:37,342 - INFO - Warning 2104, reqId -1: Market data farm connection is OK:hfarm
2026-01-16 18:50:37,344 - INFO - Warning 2104, reqId -1: Market data farm connection is OK:eufarmnj
2026-01-16 18:50:37,365 - INFO - Warning 2104, reqId -1: Market data farm connection is OK:cashfarm
2026-01-16 18:50:37,371 - INFO - Warning 2104, reqId -1: Market data farm connection is OK:usfuture
2026-01-16 18:50:37,387 - INFO - Warning 2104, reqId -1: Market data farm connection is OK:usfarm.nj
2026-01-16 18:50:37,390 - INFO - Warning 2104, reqId -1: Market data farm connection is OK:jfarm
2026-01-16 18:50:37,396 - INFO - Warning 2104, reqId -1: Market data farm connection is OK:eufarm
2026-01-16 18:50:37,401 - INFO - Warning 2104, reqId -1: Market data farm connection is OK:usfarm
2026-01-16 18:50:37,406 - INFO - Warning 2106, reqId -1: HMDS data farm connection is OK:euhmds
2026-01-16 18:50:37,409 - INFO - Warning 2106, reqId -1: HMDS data farm connection is OK:fundfarm
2026-01-16 18:50:37,410 - INFO - Warning 2106, reqId -1: HMDS data farm connection is OK:ushmds
2026-01-16 18:50:37,412 - INFO - Warning 2158, reqId -1: Sec-def data farm connection is OK:secdefil
2026-01-16 18:50:37,438 - INFO - position: Position(account='DUH400053', contract=Stock(conId=9939, symbol='MU', exchange='NASDAQ', currency='USD', localSymbol='MU', tradingClass='NMS'), position=74.0, avgCost=342.7735135)
2026-01-16 18:50:37,442 - INFO - position: Position(account='DUH400053', contract=Stock(conId=313130367, symbol='AVGO', exchange='NASDAQ', currency='USD', localSymbol='AVGO', tradingClass='NMS'), position=75.0, avgCost=338.48333335)
2026-01-16 18:50:37,443 - INFO - position: Position(account='DUH400053', contract=Stock(conId=4815747, symbol='NVDA', exchange='NASDAQ', currency='USD', localSymbol='NVDA', tradingClass='NMS'), position=54.0, avgCost=181.32205925)
2026-01-16 18:50:37,444 - INFO - position: Position(account='DUH400053', contract=Stock(conId=107113386, symbol='META', exchange='NASDAQ', currency='USD', localSymbol='META', tradingClass='NMS'), position=38.0, avgCost=657.4963158)
2026-01-16 18:50:37,445 - INFO - position: Position(account='DUH400053', contract=Stock(conId=370757467, symbol='CRWD', exchange='NASDAQ', currency='USD', localSymbol='CRWD', tradingClass='NMS'), position=53.0, avgCost=473.4188679)
2026-01-16 18:50:37,449 - INFO - position: Position(account='DUH400053', contract=Stock(conId=1520593, symbol='JPM', exchange='NYSE', currency='USD', localSymbol='JPM', tradingClass='JPM'), position=77.0, avgCost=329.782987)
2026-01-16 18:50:37,474 - INFO - position: Position(account='DUH400053', contract=Stock(conId=324651164, symbol='QUBT', exchange='NASDAQ', currency='USD', localSymbol='QUBT', tradingClass='SCM'), position=535.0, avgCost=9.34502205)
2026-01-16 18:50:37,489 - INFO - position: Position(account='DUH400053', contract=Stock(conId=195014116, symbol='SHOP', exchange='NASDAQ', currency='USD', localSymbol='SHOP', tradingClass='NMS'), position=152.0, avgCost=166.99657895)
2026-01-16 18:50:37,492 - INFO - position: Position(account='DUH400053', contract=Stock(conId=756733, symbol='SPY', exchange='ARCA', currency='USD', localSymbol='SPY', tradingClass='SPY'), position=36.0, avgCost=692.2177778)
2026-01-16 18:50:37,494 - INFO - position: Position(account='DUH400053', contract=Stock(conId=560105364, symbol='DKNG', exchange='NASDAQ', currency='USD', localSymbol='DKNG', tradingClass='NMS'), position=726.0, avgCost=34.83279615)
2026-01-16 18:50:37,497 - INFO - position: Position(account='DUH400053', contract=Stock(conId=272110, symbol='MSTR', exchange='NASDAQ', currency='USD', localSymbol='MSTR', tradingClass='NMS'), position=154.0, avgCost=164.3264935)
2026-01-16 18:50:37,499 - INFO - position: Position(account='DUH400053', contract=Stock(conId=199169591, symbol='PYPL', exchange='NASDAQ', currency='USD', localSymbol='PYPL', tradingClass='NMS'), position=425.0, avgCost=59.885)
2026-01-16 18:50:37,572 - INFO - position: Position(account='DUH400053', contract=Stock(conId=640796125, symbol='PDYN', exchange='NASDAQ', currency='USD', localSymbol='PDYN', tradingClass='NMS'), position=-1400.0, avgCost=6.62266215)
2026-01-16 18:50:37,582 - INFO - position: Position(account='DUH400053', contract=Stock(conId=320227571, symbol='QQQ', exchange='NASDAQ', currency='USD', localSymbol='QQQ', tradingClass='NMS'), position=40.0, avgCost=623.215)
2026-01-16 18:50:37,584 - INFO - position: Position(account='DUH400053', contract=Stock(conId=4762, symbol='BA', exchange='NYSE', currency='USD', localSymbol='BA', tradingClass='BA'), position=632.0, avgCost=243.07768985)
2026-01-16 18:50:37,585 - INFO - position: Position(account='DUH400053', contract=Stock(conId=344809106, symbol='MRNA', exchange='NASDAQ', currency='USD', localSymbol='MRNA', tradingClass='NMS'), position=733.0, avgCost=34.75431785)
2026-01-16 18:50:37,587 - INFO - position: Position(account='DUH400053', contract=Stock(conId=11031, symbol='PFE', exchange='NYSE', currency='USD', localSymbol='PFE', tradingClass='PFE'), position=994.0, avgCost=25.655)
2026-01-16 18:50:37,593 - INFO - position: Position(account='DUH400053', contract=Stock(conId=4813508, symbol='INOD', exchange='NASDAQ', currency='USD', localSymbol='INOD', tradingClass='NMS'), position=393.0, avgCost=63.0334733)
2026-01-16 18:50:37,597 - INFO - position: Position(account='DUH400053', contract=Stock(conId=76792991, symbol='TSLA', exchange='NASDAQ', currency='USD', localSymbol='TSLA', tradingClass='NMS'), position=57.0, avgCost=440.38754385)
2026-01-16 18:50:37,598 - INFO - position: Position(account='DUH400053', contract=Stock(conId=29624264, symbol='CRM', exchange='NYSE', currency='USD', localSymbol='CRM', tradingClass='CRM'), position=98.0, avgCost=259.2602041)
2026-01-16 18:50:37,599 - INFO - position: Position(account='DUH400053', contract=Stock(conId=290651477, symbol='ROKU', exchange='NASDAQ', currency='USD', localSymbol='ROKU', tradingClass='NMS'), position=229.0, avgCost=110.755)
2026-01-16 18:50:37,601 - INFO - position: Position(account='DUH400053', contract=Stock(conId=15124833, symbol='NFLX', exchange='NASDAQ', currency='USD', localSymbol='NFLX', tradingClass='NMS'), position=278.0, avgCost=91.655)
2026-01-16 18:50:37,602 - INFO - position: Position(account='DUH400053', contract=Stock(conId=70101545, symbol='MRK', exchange='NYSE', currency='USD', localSymbol='MRK', tradingClass='MRK'), position=230.0, avgCost=110.125)
2026-01-16 18:50:37,603 - INFO - position: Position(account='DUH400053', contract=Stock(conId=6459, symbol='DIS', exchange='NYSE', currency='USD', localSymbol='DIS', tradingClass='DIS'), position=220.0, avgCost=114.9268182)
2026-01-16 18:50:37,606 - INFO - position: Position(account='DUH400053', contract=Stock(conId=12729, symbol='TER', exchange='NASDAQ', currency='USD', localSymbol='TER', tradingClass='NMS'), position=30.0, avgCost=162.53335665)
2026-01-16 18:50:37,610 - INFO - position: Position(account='DUH400053', contract=Stock(conId=10291, symbol='NKE', exchange='NYSE', currency='USD', localSymbol='NKE', tradingClass='NKE'), position=392.0, avgCost=64.94265305)
2026-01-16 18:50:37,613 - INFO - position: Position(account='DUH400053', contract=Stock(conId=481691285, symbol='COIN', exchange='NASDAQ', currency='USD', localSymbol='COIN', tradingClass='NMS'), position=0.0, avgCost=0.0)
2026-01-16 18:50:37,615 - INFO - position: Position(account='DUH400053', contract=Stock(conId=365207014, symbol='UBER', exchange='NYSE', currency='USD', localSymbol='UBER', tradingClass='UBER'), position=299.0, avgCost=84.51533445)
2026-01-16 18:50:37,616 - INFO - position: Position(account='DUH400053', contract=Stock(conId=4391, symbol='AMD', exchange='NASDAQ', currency='USD', localSymbol='AMD', tradingClass='NMS'), position=-40.0, avgCost=239.8498125)
2026-01-16 18:50:37,617 - INFO - position: Position(account='DUH400053', contract=Stock(conId=6437, symbol='TGT', exchange='NYSE', currency='USD', localSymbol='TGT', tradingClass='TGT'), position=244.0, avgCost=104.635)
2026-01-16 18:50:37,974 - INFO - updatePortfolio: PortfolioItem(contract=Stock(conId=4391, symbol='AMD', right='0', primaryExchange='NASDAQ', currency='USD', localSymbol='AMD', tradingClass='NMS'), position=-40.0, marketPrice=233.22805785, marketValue=-9329.12, averageCost=239.8498125, unrealizedPNL=264.87, realizedPNL=0.0, account='DUH400053')
2026-01-16 18:50:37,976 - INFO - updatePortfolio: PortfolioItem(contract=Stock(conId=313130367, symbol='AVGO', right='0', primaryExchange='NASDAQ', currency='USD', localSymbol='AVGO', tradingClass='NMS'), position=75.0, marketPrice=344.97229005, marketValue=25872.92, averageCost=338.48333335, unrealizedPNL=486.67, realizedPNL=0.0, account='DUH400053')
2026-01-16 18:50:37,979 - INFO - updatePortfolio: PortfolioItem(contract=Stock(conId=4762, symbol='BA', right='0', primaryExchange='NYSE', currency='USD', localSymbol='BA', tradingClass='BA'), position=632.0, marketPrice=247.5111847, marketValue=156427.07, averageCost=243.07768985, unrealizedPNL=2801.97, realizedPNL=0.0, account='DUH400053')
2026-01-16 18:50:37,981 - INFO - updatePortfolio: PortfolioItem(contract=Stock(conId=481691285, symbol='COIN', right='0', primaryExchange='NASDAQ', currency='USD', localSymbol='COIN', tradingClass='NMS'), position=0.0, marketPrice=240.58836365, marketValue=0.0, averageCost=0.0, unrealizedPNL=0.0, realizedPNL=-1039.27, account='DUH400053')
2026-01-16 18:50:37,982 - INFO - updatePortfolio: PortfolioItem(contract=Stock(conId=29624264, symbol='CRM', right='0', primaryExchange='NYSE', currency='USD', localSymbol='CRM', tradingClass='CRM'), position=98.0, marketPrice=228.74357605, marketValue=22416.87, averageCost=259.2602041, unrealizedPNL=-2990.63, realizedPNL=0.0, account='DUH400053')
2026-01-16 18:50:37,986 - INFO - updatePortfolio: PortfolioItem(contract=Stock(conId=370757467, symbol='CRWD', right='0', primaryExchange='NASDAQ', currency='USD', localSymbol='CRWD', tradingClass='NMS'), position=53.0, marketPrice=456.3805542, marketValue=24188.17, averageCost=473.4188679, unrealizedPNL=-903.03, realizedPNL=0.0, account='DUH400053')
2026-01-16 18:50:37,988 - INFO - updatePortfolio: PortfolioItem(contract=Stock(conId=6459, symbol='DIS', right='0', primaryExchange='NYSE', currency='USD', localSymbol='DIS', tradingClass='DIS'), position=220.0, marketPrice=111.52077485, marketValue=24534.57, averageCost=114.9268182, unrealizedPNL=-749.33, realizedPNL=0.0, account='DUH400053')
2026-01-16 18:50:37,990 - INFO - updatePortfolio: PortfolioItem(contract=Stock(conId=560105364, symbol='DKNG', right='0', primaryExchange='NASDAQ', currency='USD', localSymbol='DKNG', tradingClass='NMS'), position=726.0, marketPrice=33.2739029, marketValue=24156.85, averageCost=34.83279615, unrealizedPNL=-1131.76, realizedPNL=0.0, account='DUH400053')
2026-01-16 18:50:38,006 - INFO - updatePortfolio: PortfolioItem(contract=Stock(conId=4813508, symbol='INOD', right='0', primaryExchange='NASDAQ', currency='USD', localSymbol='INOD', tradingClass='NMS'), position=393.0, marketPrice=62.0020027, marketValue=24366.79, averageCost=63.0334733, unrealizedPNL=-405.37, realizedPNL=0.0, account='DUH400053')
2026-01-16 18:50:38,009 - INFO - updatePortfolio: PortfolioItem(contract=Stock(conId=1520593, symbol='JPM', right='0', primaryExchange='NYSE', currency='USD', localSymbol='JPM', tradingClass='JPM'), position=77.0, marketPrice=316.5578003, marketValue=24374.95, averageCost=329.782987, unrealizedPNL=-1018.34, realizedPNL=0.0, account='DUH400053')
2026-01-16 18:50:38,012 - INFO - updatePortfolio: PortfolioItem(contract=Stock(conId=107113386, symbol='META', right='0', primaryExchange='NASDAQ', currency='USD', localSymbol='META', tradingClass='NMS'), position=38.0, marketPrice=626.18255615, marketValue=23794.94, averageCost=657.4963158, unrealizedPNL=-1189.92, realizedPNL=0.0, account='DUH400053')
2026-01-16 18:50:38,012 - INFO - updatePortfolio: PortfolioItem(contract=Stock(conId=70101545, symbol='MRK', right='0', primaryExchange='NYSE', currency='USD', localSymbol='MRK', tradingClass='MRK'), position=230.0, marketPrice=109.31399535, marketValue=25142.22, averageCost=110.125, unrealizedPNL=-186.53, realizedPNL=0.0, account='DUH400053')
2026-01-16 18:50:38,015 - INFO - updatePortfolio: PortfolioItem(contract=Stock(conId=344809106, symbol='MRNA', right='0', primaryExchange='NASDAQ', currency='USD', localSymbol='MRNA', tradingClass='NMS'), position=733.0, marketPrice=41.4939995, marketValue=30415.1, averageCost=34.75431785, unrealizedPNL=4940.19, realizedPNL=0.0, account='DUH400053')
2026-01-16 18:50:38,016 - INFO - updatePortfolio: PortfolioItem(contract=Stock(conId=272110, symbol='MSTR', right='0', primaryExchange='NASDAQ', currency='USD', localSymbol='MSTR', tradingClass='NMS'), position=154.0, marketPrice=171.8821106, marketValue=26469.85, averageCost=164.3264935, unrealizedPNL=1163.57, realizedPNL=0.0, account='DUH400053')
2026-01-16 18:50:38,023 - INFO - updatePortfolio: PortfolioItem(contract=Stock(conId=9939, symbol='MU', right='0', primaryExchange='NASDAQ', currency='USD', localSymbol='MU', tradingClass='NMS'), position=74.0, marketPrice=354.54663085, marketValue=26236.45, averageCost=342.7735135, unrealizedPNL=871.21, realizedPNL=0.0, account='DUH400053')
2026-01-16 18:50:38,029 - INFO - updatePortfolio: PortfolioItem(contract=Stock(conId=15124833, symbol='NFLX', right='0', primaryExchange='NASDAQ', currency='USD', localSymbol='NFLX', tradingClass='NMS'), position=278.0, marketPrice=88.01999665, marketValue=24469.56, averageCost=91.655, unrealizedPNL=-1010.53, realizedPNL=0.0, account='DUH400053')
2026-01-16 18:50:38,031 - INFO - updatePortfolio: PortfolioItem(contract=Stock(conId=10291, symbol='NKE', right='0', primaryExchange='NYSE', currency='USD', localSymbol='NKE', tradingClass='NKE'), position=392.0, marketPrice=64.0360031, marketValue=25102.11, averageCost=64.94265305, unrealizedPNL=-355.41, realizedPNL=0.0, account='DUH400053')
2026-01-16 18:50:38,034 - INFO - updatePortfolio: PortfolioItem(contract=Stock(conId=4815747, symbol='NVDA', right='0', primaryExchange='NASDAQ', currency='USD', localSymbol='NVDA', tradingClass='NMS'), position=54.0, marketPrice=187.6439972, marketValue=10132.78, averageCost=181.32205925, unrealizedPNL=341.38, realizedPNL=0.0, account='DUH400053')
2026-01-16 18:50:38,035 - INFO - updatePortfolio: PortfolioItem(contract=Stock(conId=640796125, symbol='PDYN', right='0', primaryExchange='NASDAQ', currency='USD', localSymbol='PDYN', tradingClass='NMS'), position=-1400.0, marketPrice=7.00396775, marketValue=-9805.55, averageCost=6.62266215, unrealizedPNL=-533.83, realizedPNL=0.0, account='DUH400053')
2026-01-16 18:50:38,043 - INFO - updatePortfolio: PortfolioItem(contract=Stock(conId=11031, symbol='PFE', right='0', primaryExchange='NYSE', currency='USD', localSymbol='PFE', tradingClass='PFE'), position=994.0, marketPrice=25.70599935, marketValue=25551.76, averageCost=25.655, unrealizedPNL=50.69, realizedPNL=0.0, account='DUH400053')
2026-01-16 18:50:38,047 - INFO - updatePortfolio: PortfolioItem(contract=Stock(conId=199169591, symbol='PYPL', right='0', primaryExchange='NASDAQ', currency='USD', localSymbol='PYPL', tradingClass='NMS'), position=425.0, marketPrice=56.66999815, marketValue=24084.75, averageCost=59.885, unrealizedPNL=-1366.38, realizedPNL=0.0, account='DUH400053')
2026-01-16 18:50:38,049 - INFO - updatePortfolio: PortfolioItem(contract=Stock(conId=320227571, symbol='QQQ', right='0', primaryExchange='NASDAQ', currency='USD', localSymbol='QQQ', tradingClass='NMS'), position=40.0, marketPrice=621.1699829, marketValue=24846.8, averageCost=623.215, unrealizedPNL=-81.8, realizedPNL=0.0, account='DUH400053')
2026-01-16 18:50:38,051 - INFO - updatePortfolio: PortfolioItem(contract=Stock(conId=324651164, symbol='QUBT', right='0', primaryExchange='NASDAQ', currency='USD', localSymbol='QUBT', tradingClass='SCM'), position=535.0, marketPrice=12.9239998, marketValue=6914.34, averageCost=9.34502205, unrealizedPNL=1914.75, realizedPNL=0.0, account='DUH400053')
2026-01-16 18:50:38,055 - INFO - updatePortfolio: PortfolioItem(contract=Stock(conId=290651477, symbol='ROKU', right='0', primaryExchange='NASDAQ', currency='USD', localSymbol='ROKU', tradingClass='NMS'), position=229.0, marketPrice=104.6415863, marketValue=23962.92, averageCost=110.755, unrealizedPNL=-1399.97, realizedPNL=0.0, account='DUH400053')
2026-01-16 18:50:38,058 - INFO - updatePortfolio: PortfolioItem(contract=Stock(conId=195014116, symbol='SHOP', right='0', primaryExchange='NASDAQ', currency='USD', localSymbol='SHOP', tradingClass='NMS'), position=152.0, marketPrice=157.5919037, marketValue=23953.97, averageCost=166.99657895, unrealizedPNL=-1429.51, realizedPNL=0.0, account='DUH400053')
2026-01-16 18:50:38,059 - INFO - updatePortfolio: PortfolioItem(contract=Stock(conId=756733, symbol='SPY', right='0', primaryExchange='ARCA', currency='USD', localSymbol='SPY', tradingClass='SPY'), position=36.0, marketPrice=692.47998045, marketValue=24929.28, averageCost=692.2177778, unrealizedPNL=9.44, realizedPNL=0.0, account='DUH400053')
2026-01-16 18:50:38,060 - INFO - updatePortfolio: PortfolioItem(contract=Stock(conId=12729, symbol='TER', right='0', primaryExchange='NASDAQ', currency='USD', localSymbol='TER', tradingClass='NMS'), position=30.0, marketPrice=229.24072265, marketValue=6877.22, averageCost=162.53335665, unrealizedPNL=2001.22, realizedPNL=0.0, account='DUH400053')
2026-01-16 18:50:38,062 - INFO - updatePortfolio: PortfolioItem(contract=Stock(conId=6437, symbol='TGT', right='0', primaryExchange='NYSE', currency='USD', localSymbol='TGT', tradingClass='TGT'), position=244.0, marketPrice=110.41213225, marketValue=26940.56, averageCost=104.635, unrealizedPNL=1409.62, realizedPNL=0.0, account='DUH400053')
2026-01-16 18:50:38,064 - INFO - updatePortfolio: PortfolioItem(contract=Stock(conId=76792991, symbol='TSLA', right='0', primaryExchange='NASDAQ', currency='USD', localSymbol='TSLA', tradingClass='NMS'), position=57.0, marketPrice=438.7999878, marketValue=25011.6, averageCost=440.38754385, unrealizedPNL=-90.49, realizedPNL=0.0, account='DUH400053')
2026-01-16 18:50:38,065 - INFO - updatePortfolio: PortfolioItem(contract=Stock(conId=365207014, symbol='UBER', right='0', primaryExchange='NYSE', currency='USD', localSymbol='UBER', tradingClass='UBER'), position=299.0, marketPrice=83.87400055, marketValue=25078.33, averageCost=84.51533445, unrealizedPNL=-191.76, realizedPNL=0.0, account='DUH400053')
2026-01-16 18:50:38,990 - INFO - execDetails Execution(execId='00025b44.696a70e6.01.01', time=datetime.datetime(2026, 1, 16, 16, 41, 53, tzinfo=datetime.timezone.utc), acctNumber='DUH400053', exchange='NASDAQ', side='SLD', shares=36.0, price=241.03, permId=1804225502, clientId=1, orderId=2856, liquidation=0, cumQty=36.0, avgPrice=241.03, orderRef='', evRule='', evMultiplier=0.0, modelCode='', lastLiquidity=1)
2026-01-16 18:50:38,991 - INFO - commissionReport: CommissionReport(execId='00025b44.696a70e6.01.01', commission=1.00702, currency='USD', realizedPNL=-1039.26782, yield_=0.0, yieldRedemptionDate=0)
2026-01-16 18:50:38,994 - INFO - Synchronization complete
2026-01-16 18:50:38,995 - INFO - Connected to IB. Fetching data for 60 symbols...
2026-01-16 18:50:39,944 - INFO -   SHOP: 252 days
2026-01-16 18:50:41,041 - INFO -   XLK: 251 days
2026-01-16 18:50:42,098 - INFO -   VOO: 251 days
2026-01-16 18:50:43,148 - INFO -   SPY: 251 days
2026-01-16 18:50:44,194 - INFO -   AFRM: 251 days
2026-01-16 18:50:45,236 - INFO -   PDYN: 251 days
2026-01-16 18:50:46,287 - INFO -   AMD: 251 days
2026-01-16 18:50:47,331 - INFO -   INOD: 251 days
2026-01-16 18:50:48,450 - INFO -   UNH: 251 days
2026-01-16 18:50:49,518 - INFO -   QQQ: 251 days
2026-01-16 18:50:50,316 - INFO - updatePortfolio: PortfolioItem(contract=Stock(conId=4391, symbol='AMD', right='0', primaryExchange='NASDAQ', currency='USD', localSymbol='AMD', tradingClass='NMS'), position=-40.0, marketPrice=233.2558899, marketValue=-9330.24, averageCost=239.8498125, unrealizedPNL=263.76, realizedPNL=0.0, account='DUH400053')
2026-01-16 18:50:50,317 - INFO - updatePortfolio: PortfolioItem(contract=Stock(conId=4762, symbol='BA', right='0', primaryExchange='NYSE', currency='USD', localSymbol='BA', tradingClass='BA'), position=632.0, marketPrice=247.5376892, marketValue=156443.82, averageCost=243.07768985, unrealizedPNL=2818.72, realizedPNL=0.0, account='DUH400053')
2026-01-16 18:50:50,322 - INFO - updatePortfolio: PortfolioItem(contract=Stock(conId=6437, symbol='TGT', right='0', primaryExchange='NYSE', currency='USD', localSymbol='TGT', tradingClass='TGT'), position=244.0, marketPrice=110.34220885, marketValue=26923.5, averageCost=104.635, unrealizedPNL=1392.56, realizedPNL=0.0, account='DUH400053')
2026-01-16 18:50:50,323 - INFO - updatePortfolio: PortfolioItem(contract=Stock(conId=6459, symbol='DIS', right='0', primaryExchange='NYSE', currency='USD', localSymbol='DIS', tradingClass='DIS'), position=220.0, marketPrice=111.40599825, marketValue=24509.32, averageCost=114.9268182, unrealizedPNL=-774.58, realizedPNL=0.0, account='DUH400053')
2026-01-16 18:50:50,324 - INFO - updatePortfolio: PortfolioItem(contract=Stock(conId=9939, symbol='MU', right='0', primaryExchange='NASDAQ', currency='USD', localSymbol='MU', tradingClass='NMS'), position=74.0, marketPrice=354.41775515, marketValue=26226.91, averageCost=342.7735135, unrealizedPNL=861.67, realizedPNL=0.0, account='DUH400053')
2026-01-16 18:50:50,325 - INFO - updatePortfolio: PortfolioItem(contract=Stock(conId=10291, symbol='NKE', right='0', primaryExchange='NYSE', currency='USD', localSymbol='NKE', tradingClass='NKE'), position=392.0, marketPrice=64.0339966, marketValue=25101.33, averageCost=64.94265305, unrealizedPNL=-356.19, realizedPNL=0.0, account='DUH400053')
2026-01-16 18:50:50,326 - INFO - updatePortfolio: PortfolioItem(contract=Stock(conId=11031, symbol='PFE', right='0', primaryExchange='NYSE', currency='USD', localSymbol='PFE', tradingClass='PFE'), position=994.0, marketPrice=25.6860008, marketValue=25531.88, averageCost=25.655, unrealizedPNL=30.81, realizedPNL=0.0, account='DUH400053')
2026-01-16 18:50:50,330 - INFO - updatePortfolio: PortfolioItem(contract=Stock(conId=12729, symbol='TER', right='0', primaryExchange='NASDAQ', currency='USD', localSymbol='TER', tradingClass='NMS'), position=30.0, marketPrice=229.02375795, marketValue=6870.71, averageCost=162.53335665, unrealizedPNL=1994.71, realizedPNL=0.0, account='DUH400053')
2026-01-16 18:50:50,338 - INFO - updatePortfolio: PortfolioItem(contract=Stock(conId=272110, symbol='MSTR', right='0', primaryExchange='NASDAQ', currency='USD', localSymbol='MSTR', tradingClass='NMS'), position=154.0, marketPrice=171.93156435, marketValue=26477.46, averageCost=164.3264935, unrealizedPNL=1171.18, realizedPNL=0.0, account='DUH400053')
2026-01-16 18:50:50,340 - INFO - updatePortfolio: PortfolioItem(contract=Stock(conId=756733, symbol='SPY', right='0', primaryExchange='ARCA', currency='USD', localSymbol='SPY', tradingClass='SPY'), position=36.0, marketPrice=692.19995115, marketValue=24919.2, averageCost=692.2177778, unrealizedPNL=-0.64, realizedPNL=0.0, account='DUH400053')
2026-01-16 18:50:50,341 - INFO - updatePortfolio: PortfolioItem(contract=Stock(conId=1520593, symbol='JPM', right='0', primaryExchange='NYSE', currency='USD', localSymbol='JPM', tradingClass='JPM'), position=77.0, marketPrice=316.5470276, marketValue=24374.12, averageCost=329.782987, unrealizedPNL=-1019.17, realizedPNL=0.0, account='DUH400053')
2026-01-16 18:50:50,342 - INFO - updatePortfolio: PortfolioItem(contract=Stock(conId=4813508, symbol='INOD', right='0', primaryExchange='NASDAQ', currency='USD', localSymbol='INOD', tradingClass='NMS'), position=393.0, marketPrice=62.0132675, marketValue=24371.21, averageCost=63.0334733, unrealizedPNL=-400.94, realizedPNL=0.0, account='DUH400053')
2026-01-16 18:50:50,343 - INFO - updatePortfolio: PortfolioItem(contract=Stock(conId=4815747, symbol='NVDA', right='0', primaryExchange='NASDAQ', currency='USD', localSymbol='NVDA', tradingClass='NMS'), position=54.0, marketPrice=187.6257782, marketValue=10131.79, averageCost=181.32205925, unrealizedPNL=340.4, realizedPNL=0.0, account='DUH400053')
2026-01-16 18:50:50,344 - INFO - updatePortfolio: PortfolioItem(contract=Stock(conId=15124833, symbol='NFLX', right='0', primaryExchange='NASDAQ', currency='USD', localSymbol='NFLX', tradingClass='NMS'), position=278.0, marketPrice=87.94400025, marketValue=24448.43, averageCost=91.655, unrealizedPNL=-1031.66, realizedPNL=0.0, account='DUH400053')
2026-01-16 18:50:50,344 - INFO - updatePortfolio: PortfolioItem(contract=Stock(conId=29624264, symbol='CRM', right='0', primaryExchange='NYSE', currency='USD', localSymbol='CRM', tradingClass='CRM'), position=98.0, marketPrice=228.72502135, marketValue=22415.05, averageCost=259.2602041, unrealizedPNL=-2992.45, realizedPNL=0.0, account='DUH400053')
2026-01-16 18:50:50,353 - INFO - updatePortfolio: PortfolioItem(contract=Stock(conId=70101545, symbol='MRK', right='0', primaryExchange='NYSE', currency='USD', localSymbol='MRK', tradingClass='MRK'), position=230.0, marketPrice=109.29029845, marketValue=25136.77, averageCost=110.125, unrealizedPNL=-191.98, realizedPNL=0.0, account='DUH400053')
2026-01-16 18:50:50,356 - INFO - updatePortfolio: PortfolioItem(contract=Stock(conId=76792991, symbol='TSLA', right='0', primaryExchange='NASDAQ', currency='USD', localSymbol='TSLA', tradingClass='NMS'), position=57.0, marketPrice=438.26724245, marketValue=24981.23, averageCost=440.38754385, unrealizedPNL=-120.86, realizedPNL=0.0, account='DUH400053')
2026-01-16 18:50:50,357 - INFO - updatePortfolio: PortfolioItem(contract=Stock(conId=107113386, symbol='META', right='0', primaryExchange='NASDAQ', currency='USD', localSymbol='META', tradingClass='NMS'), position=38.0, marketPrice=625.97998045, marketValue=23787.24, averageCost=657.4963158, unrealizedPNL=-1197.62, realizedPNL=0.0, account='DUH400053')
2026-01-16 18:50:50,359 - INFO - updatePortfolio: PortfolioItem(contract=Stock(conId=195014116, symbol='SHOP', right='0', primaryExchange='NASDAQ', currency='USD', localSymbol='SHOP', tradingClass='NMS'), position=152.0, marketPrice=157.4717407, marketValue=23935.7, averageCost=166.99657895, unrealizedPNL=-1447.78, realizedPNL=0.0, account='DUH400053')
2026-01-16 18:50:50,360 - INFO - updatePortfolio: PortfolioItem(contract=Stock(conId=199169591, symbol='PYPL', right='0', primaryExchange='NASDAQ', currency='USD', localSymbol='PYPL', tradingClass='NMS'), position=425.0, marketPrice=56.6459999, marketValue=24074.55, averageCost=59.885, unrealizedPNL=-1376.58, realizedPNL=0.0, account='DUH400053')
2026-01-16 18:50:50,367 - INFO - updatePortfolio: PortfolioItem(contract=Stock(conId=290651477, symbol='ROKU', right='0', primaryExchange='NASDAQ', currency='USD', localSymbol='ROKU', tradingClass='NMS'), position=229.0, marketPrice=104.63126375, marketValue=23960.56, averageCost=110.755, unrealizedPNL=-1402.34, realizedPNL=0.0, account='DUH400053')
2026-01-16 18:50:50,372 - INFO - updatePortfolio: PortfolioItem(contract=Stock(conId=313130367, symbol='AVGO', right='0', primaryExchange='NASDAQ', currency='USD', localSymbol='AVGO', tradingClass='NMS'), position=75.0, marketPrice=344.89276125, marketValue=25866.96, averageCost=338.48333335, unrealizedPNL=480.71, realizedPNL=0.0, account='DUH400053')
2026-01-16 18:50:50,373 - INFO - updatePortfolio: PortfolioItem(contract=Stock(conId=320227571, symbol='QQQ', right='0', primaryExchange='NASDAQ', currency='USD', localSymbol='QQQ', tradingClass='NMS'), position=40.0, marketPrice=620.9000244, marketValue=24836.0, averageCost=623.215, unrealizedPNL=-92.6, realizedPNL=0.0, account='DUH400053')
2026-01-16 18:50:50,374 - INFO - updatePortfolio: PortfolioItem(contract=Stock(conId=324651164, symbol='QUBT', right='0', primaryExchange='NASDAQ', currency='USD', localSymbol='QUBT', tradingClass='SCM'), position=535.0, marketPrice=12.91600035, marketValue=6910.06, averageCost=9.34502205, unrealizedPNL=1910.47, realizedPNL=0.0, account='DUH400053')
2026-01-16 18:50:50,375 - INFO - updatePortfolio: PortfolioItem(contract=Stock(conId=344809106, symbol='MRNA', right='0', primaryExchange='NASDAQ', currency='USD', localSymbol='MRNA', tradingClass='NMS'), position=733.0, marketPrice=41.41399765, marketValue=30356.46, averageCost=34.75431785, unrealizedPNL=4881.55, realizedPNL=0.0, account='DUH400053')
2026-01-16 18:50:50,381 - INFO - updatePortfolio: PortfolioItem(contract=Stock(conId=365207014, symbol='UBER', right='0', primaryExchange='NYSE', currency='USD', localSymbol='UBER', tradingClass='UBER'), position=299.0, marketPrice=83.8560028, marketValue=25072.94, averageCost=84.51533445, unrealizedPNL=-197.14, realizedPNL=0.0, account='DUH400053')
2026-01-16 18:50:50,383 - INFO - updatePortfolio: PortfolioItem(contract=Stock(conId=370757467, symbol='CRWD', right='0', primaryExchange='NASDAQ', currency='USD', localSymbol='CRWD', tradingClass='NMS'), position=53.0, marketPrice=456.51852415, marketValue=24195.48, averageCost=473.4188679, unrealizedPNL=-895.72, realizedPNL=0.0, account='DUH400053')
2026-01-16 18:50:50,385 - INFO - updatePortfolio: PortfolioItem(contract=Stock(conId=481691285, symbol='COIN', right='0', primaryExchange='NASDAQ', currency='USD', localSymbol='COIN', tradingClass='NMS'), position=0.0, marketPrice=240.3139496, marketValue=0.0, averageCost=0.0, unrealizedPNL=0.0, realizedPNL=-1039.27, account='DUH400053')
2026-01-16 18:50:50,387 - INFO - updatePortfolio: PortfolioItem(contract=Stock(conId=560105364, symbol='DKNG', right='0', primaryExchange='NASDAQ', currency='USD', localSymbol='DKNG', tradingClass='NMS'), position=726.0, marketPrice=33.2159996, marketValue=24114.82, averageCost=34.83279615, unrealizedPNL=-1173.79, realizedPNL=0.0, account='DUH400053')
2026-01-16 18:50:50,591 - INFO -   ORCL: 251 days
2026-01-16 18:50:51,637 - INFO -   IWM: 251 days
2026-01-16 18:50:52,685 - INFO -   MU: 251 days
2026-01-16 18:50:53,751 - INFO -   UBER: 251 days
2026-01-16 18:50:54,823 - INFO -   MSTR: 251 days
2026-01-16 18:50:55,887 - INFO -   ARM: 251 days
2026-01-16 18:50:56,936 - INFO -   SMCI: 251 days
2026-01-16 18:50:57,983 - INFO -   NKE: 251 days
2026-01-16 18:50:59,030 - INFO -   MRNA: 251 days
2026-01-16 18:51:00,099 - INFO -   CRM: 251 days
2026-01-16 18:51:01,133 - INFO -   AMZN: 251 days
2026-01-16 18:51:02,248 - INFO -   BABA: 251 days
2026-01-16 18:51:03,293 - INFO -   LCID: 252 days
2026-01-16 18:51:04,493 - INFO -   DRH: 252 days
2026-01-16 18:51:05,578 - INFO -   XLF: 251 days
2026-01-16 18:51:06,634 - INFO -   PYPL: 251 days
2026-01-16 18:51:07,684 - INFO -   TSLA: 251 days
2026-01-16 18:51:08,502 - ERROR - Error 162, reqId 58: Historical Market Data Service error message:No market data permissions for IBIS STK, contract: Stock(conId=824106752, symbol='TKMS', exchange='IBIS', primaryExchange='IBIS', currency='EUR', localSymbol='TKMS', tradingClass='XETRA')
2026-01-16 18:51:09,593 - INFO -   UPST: 251 days
2026-01-16 18:51:10,662 - INFO -   JNJ: 251 days
2026-01-16 18:51:11,705 - INFO -   NIO: 251 days
2026-01-16 18:51:12,745 - INFO -   QUBT: 251 days
2026-01-16 18:51:13,791 - INFO -   LLY: 251 days
2026-01-16 18:51:14,822 - INFO -   SOFI: 251 days
2026-01-16 18:51:15,861 - INFO -   SNOW: 251 days
2026-01-16 18:51:16,904 - INFO -   GOOGL: 251 days
2026-01-16 18:51:17,964 - INFO -   CRWD: 251 days
2026-01-16 18:51:19,123 - INFO -   AAPL: 251 days
2026-01-16 18:51:20,191 - INFO -   DIA: 251 days
2026-01-16 18:51:21,225 - INFO -   ADBE: 251 days
2026-01-16 18:51:22,295 - INFO -   MRK: 251 days
2026-01-16 18:51:23,341 - INFO -   NFLX: 251 days
2026-01-16 18:51:24,387 - INFO -   JPM: 251 days
2026-01-16 18:51:25,419 - INFO -   RIVN: 251 days
2026-01-16 18:51:26,455 - INFO -   PANW: 251 days
2026-01-16 18:51:27,528 - INFO -   META: 251 days
2026-01-16 18:51:28,945 - INFO -   MA: 251 days
2026-01-16 18:51:30,196 - INFO -   COIN: 251 days
2026-01-16 18:51:31,302 - INFO -   AVGO: 251 days
2026-01-16 18:51:32,369 - INFO -   VTI: 251 days
2026-01-16 18:51:33,448 - INFO -   NVDA: 251 days
2026-01-16 18:51:34,507 - INFO -   NOW: 251 days
2026-01-16 18:51:35,567 - INFO -   HOOD: 251 days
2026-01-16 18:51:38,230 - INFO -   TGT: 251 days
2026-01-16 18:51:39,383 - INFO -   PLTR: 251 days
2026-01-16 18:51:40,524 - INFO -   V: 251 days
2026-01-16 18:51:41,578 - INFO -   PFE: 251 days
2026-01-16 18:51:42,646 - INFO -   DKNG: 251 days
2026-01-16 18:51:43,703 - INFO -   MSFT: 251 days
2026-01-16 18:51:44,745 - INFO -   QBTS: 251 days
2026-01-16 18:51:45,249 - INFO - Disconnecting from 127.0.0.1:7497, 8.08 kB sent in 128 messages, 964 kB received in 788 messages, session time 68.2 s.
2026-01-16 18:51:45,250 - INFO - Disconnecting
2026-01-16 18:51:45,345 - INFO - Running simulation: 251 trading days
2026-01-16 19:00:49,798 - INFO - Connecting to 127.0.0.1:7497 with clientId 54...
2026-01-16 19:00:49,804 - INFO - Connected
2026-01-16 19:00:49,891 - INFO - Logged on to server version 176
2026-01-16 19:00:49,950 - INFO - API connection ready
2026-01-16 19:00:49,957 - INFO - Warning 2104, reqId -1: Market data farm connection is OK:hfarm
2026-01-16 19:00:49,958 - INFO - Warning 2104, reqId -1: Market data farm connection is OK:eufarmnj
2026-01-16 19:00:49,959 - INFO - Warning 2104, reqId -1: Market data farm connection is OK:cashfarm
2026-01-16 19:00:49,961 - INFO - Warning 2104, reqId -1: Market data farm connection is OK:usfuture
2026-01-16 19:00:49,963 - INFO - Warning 2104, reqId -1: Market data farm connection is OK:usfarm.nj
2026-01-16 19:00:49,964 - INFO - Warning 2104, reqId -1: Market data farm connection is OK:jfarm
2026-01-16 19:00:49,965 - INFO - Warning 2104, reqId -1: Market data farm connection is OK:eufarm
2026-01-16 19:00:49,965 - INFO - Warning 2104, reqId -1: Market data farm connection is OK:usfarm
2026-01-16 19:00:49,967 - INFO - Warning 2106, reqId -1: HMDS data farm connection is OK:euhmds
2026-01-16 19:00:49,971 - INFO - Warning 2106, reqId -1: HMDS data farm connection is OK:fundfarm
2026-01-16 19:00:49,972 - INFO - Warning 2106, reqId -1: HMDS data farm connection is OK:ushmds
2026-01-16 19:00:49,977 - INFO - Warning 2158, reqId -1: Sec-def data farm connection is OK:secdefil
2026-01-16 19:00:50,037 - INFO - position: Position(account='DUH400053', contract=Stock(conId=9939, symbol='MU', exchange='NASDAQ', currency='USD', localSymbol='MU', tradingClass='NMS'), position=74.0, avgCost=342.7735135)
2026-01-16 19:00:50,038 - INFO - position: Position(account='DUH400053', contract=Stock(conId=313130367, symbol='AVGO', exchange='NASDAQ', currency='USD', localSymbol='AVGO', tradingClass='NMS'), position=75.0, avgCost=338.48333335)
2026-01-16 19:00:50,042 - INFO - position: Position(account='DUH400053', contract=Stock(conId=4815747, symbol='NVDA', exchange='NASDAQ', currency='USD', localSymbol='NVDA', tradingClass='NMS'), position=54.0, avgCost=181.32205925)
2026-01-16 19:00:50,045 - INFO - position: Position(account='DUH400053', contract=Stock(conId=107113386, symbol='META', exchange='NASDAQ', currency='USD', localSymbol='META', tradingClass='NMS'), position=38.0, avgCost=657.4963158)
2026-01-16 19:00:50,046 - INFO - position: Position(account='DUH400053', contract=Stock(conId=370757467, symbol='CRWD', exchange='NASDAQ', currency='USD', localSymbol='CRWD', tradingClass='NMS'), position=53.0, avgCost=473.4188679)
2026-01-16 19:00:50,047 - INFO - position: Position(account='DUH400053', contract=Stock(conId=1520593, symbol='JPM', exchange='NYSE', currency='USD', localSymbol='JPM', tradingClass='JPM'), position=77.0, avgCost=329.782987)
2026-01-16 19:00:50,049 - INFO - position: Position(account='DUH400053', contract=Stock(conId=324651164, symbol='QUBT', exchange='NASDAQ', currency='USD', localSymbol='QUBT', tradingClass='SCM'), position=535.0, avgCost=9.34502205)
2026-01-16 19:00:50,050 - INFO - position: Position(account='DUH400053', contract=Stock(conId=195014116, symbol='SHOP', exchange='NASDAQ', currency='USD', localSymbol='SHOP', tradingClass='NMS'), position=152.0, avgCost=166.99657895)
2026-01-16 19:00:50,051 - INFO - position: Position(account='DUH400053', contract=Stock(conId=756733, symbol='SPY', exchange='ARCA', currency='USD', localSymbol='SPY', tradingClass='SPY'), position=36.0, avgCost=692.2177778)
2026-01-16 19:00:50,052 - INFO - position: Position(account='DUH400053', contract=Stock(conId=560105364, symbol='DKNG', exchange='NASDAQ', currency='USD', localSymbol='DKNG', tradingClass='NMS'), position=726.0, avgCost=34.83279615)
2026-01-16 19:00:50,054 - INFO - position: Position(account='DUH400053', contract=Stock(conId=272110, symbol='MSTR', exchange='NASDAQ', currency='USD', localSymbol='MSTR', tradingClass='NMS'), position=154.0, avgCost=164.3264935)
2026-01-16 19:00:50,063 - INFO - position: Position(account='DUH400053', contract=Stock(conId=199169591, symbol='PYPL', exchange='NASDAQ', currency='USD', localSymbol='PYPL', tradingClass='NMS'), position=425.0, avgCost=59.885)
2026-01-16 19:00:50,066 - INFO - position: Position(account='DUH400053', contract=Stock(conId=640796125, symbol='PDYN', exchange='NASDAQ', currency='USD', localSymbol='PDYN', tradingClass='NMS'), position=-1400.0, avgCost=6.62266215)
2026-01-16 19:00:50,068 - INFO - position: Position(account='DUH400053', contract=Stock(conId=320227571, symbol='QQQ', exchange='NASDAQ', currency='USD', localSymbol='QQQ', tradingClass='NMS'), position=40.0, avgCost=623.215)
2026-01-16 19:00:50,069 - INFO - position: Position(account='DUH400053', contract=Stock(conId=4762, symbol='BA', exchange='NYSE', currency='USD', localSymbol='BA', tradingClass='BA'), position=632.0, avgCost=243.07768985)
2026-01-16 19:00:50,071 - INFO - position: Position(account='DUH400053', contract=Stock(conId=344809106, symbol='MRNA', exchange='NASDAQ', currency='USD', localSymbol='MRNA', tradingClass='NMS'), position=733.0, avgCost=34.75431785)
2026-01-16 19:00:50,073 - INFO - position: Position(account='DUH400053', contract=Stock(conId=11031, symbol='PFE', exchange='NYSE', currency='USD', localSymbol='PFE', tradingClass='PFE'), position=994.0, avgCost=25.655)
2026-01-16 19:00:50,079 - INFO - position: Position(account='DUH400053', contract=Stock(conId=4813508, symbol='INOD', exchange='NASDAQ', currency='USD', localSymbol='INOD', tradingClass='NMS'), position=393.0, avgCost=63.0334733)
2026-01-16 19:00:50,081 - INFO - position: Position(account='DUH400053', contract=Stock(conId=76792991, symbol='TSLA', exchange='NASDAQ', currency='USD', localSymbol='TSLA', tradingClass='NMS'), position=57.0, avgCost=440.38754385)
2026-01-16 19:00:50,082 - INFO - position: Position(account='DUH400053', contract=Stock(conId=29624264, symbol='CRM', exchange='NYSE', currency='USD', localSymbol='CRM', tradingClass='CRM'), position=98.0, avgCost=259.2602041)
2026-01-16 19:00:50,084 - INFO - position: Position(account='DUH400053', contract=Stock(conId=290651477, symbol='ROKU', exchange='NASDAQ', currency='USD', localSymbol='ROKU', tradingClass='NMS'), position=229.0, avgCost=110.755)
2026-01-16 19:00:50,085 - INFO - position: Position(account='DUH400053', contract=Stock(conId=15124833, symbol='NFLX', exchange='NASDAQ', currency='USD', localSymbol='NFLX', tradingClass='NMS'), position=278.0, avgCost=91.655)
2026-01-16 19:00:50,086 - INFO - position: Position(account='DUH400053', contract=Stock(conId=70101545, symbol='MRK', exchange='NYSE', currency='USD', localSymbol='MRK', tradingClass='MRK'), position=230.0, avgCost=110.125)
2026-01-16 19:00:50,089 - INFO - position: Position(account='DUH400053', contract=Stock(conId=6459, symbol='DIS', exchange='NYSE', currency='USD', localSymbol='DIS', tradingClass='DIS'), position=220.0, avgCost=114.9268182)
2026-01-16 19:00:50,099 - INFO - position: Position(account='DUH400053', contract=Stock(conId=12729, symbol='TER', exchange='NASDAQ', currency='USD', localSymbol='TER', tradingClass='NMS'), position=30.0, avgCost=162.53335665)
2026-01-16 19:00:50,101 - INFO - position: Position(account='DUH400053', contract=Stock(conId=10291, symbol='NKE', exchange='NYSE', currency='USD', localSymbol='NKE', tradingClass='NKE'), position=392.0, avgCost=64.94265305)
2026-01-16 19:00:50,102 - INFO - position: Position(account='DUH400053', contract=Stock(conId=481691285, symbol='COIN', exchange='NASDAQ', currency='USD', localSymbol='COIN', tradingClass='NMS'), position=0.0, avgCost=0.0)
2026-01-16 19:00:50,102 - INFO - position: Position(account='DUH400053', contract=Stock(conId=365207014, symbol='UBER', exchange='NYSE', currency='USD', localSymbol='UBER', tradingClass='UBER'), position=299.0, avgCost=84.51533445)
2026-01-16 19:00:50,106 - INFO - position: Position(account='DUH400053', contract=Stock(conId=4391, symbol='AMD', exchange='NASDAQ', currency='USD', localSymbol='AMD', tradingClass='NMS'), position=-40.0, avgCost=239.8498125)
2026-01-16 19:00:50,108 - INFO - position: Position(account='DUH400053', contract=Stock(conId=6437, symbol='TGT', exchange='NYSE', currency='USD', localSymbol='TGT', tradingClass='TGT'), position=244.0, avgCost=104.635)
2026-01-16 19:00:50,394 - INFO - updatePortfolio: PortfolioItem(contract=Stock(conId=4391, symbol='AMD', right='0', primaryExchange='NASDAQ', currency='USD', localSymbol='AMD', tradingClass='NMS'), position=-40.0, marketPrice=232.7133484, marketValue=-9308.53, averageCost=239.8498125, unrealizedPNL=285.46, realizedPNL=0.0, account='DUH400053')
2026-01-16 19:00:50,395 - INFO - updatePortfolio: PortfolioItem(contract=Stock(conId=313130367, symbol='AVGO', right='0', primaryExchange='NASDAQ', currency='USD', localSymbol='AVGO', tradingClass='NMS'), position=75.0, marketPrice=344.70095825, marketValue=25852.57, averageCost=338.48333335, unrealizedPNL=466.32, realizedPNL=0.0, account='DUH400053')
2026-01-16 19:00:50,398 - INFO - updatePortfolio: PortfolioItem(contract=Stock(conId=4762, symbol='BA', right='0', primaryExchange='NYSE', currency='USD', localSymbol='BA', tradingClass='BA'), position=632.0, marketPrice=247.1042938, marketValue=156169.91, averageCost=243.07768985, unrealizedPNL=2544.81, realizedPNL=0.0, account='DUH400053')
2026-01-16 19:00:50,399 - INFO - updatePortfolio: PortfolioItem(contract=Stock(conId=481691285, symbol='COIN', right='0', primaryExchange='NASDAQ', currency='USD', localSymbol='COIN', tradingClass='NMS'), position=0.0, marketPrice=240.73353575, marketValue=0.0, averageCost=0.0, unrealizedPNL=0.0, realizedPNL=-1039.27, account='DUH400053')
2026-01-16 19:00:50,400 - INFO - updatePortfolio: PortfolioItem(contract=Stock(conId=29624264, symbol='CRM', right='0', primaryExchange='NYSE', currency='USD', localSymbol='CRM', tradingClass='CRM'), position=98.0, marketPrice=228.87802125, marketValue=22430.05, averageCost=259.2602041, unrealizedPNL=-2977.45, realizedPNL=0.0, account='DUH400053')
2026-01-16 19:00:50,401 - INFO - updatePortfolio: PortfolioItem(contract=Stock(conId=370757467, symbol='CRWD', right='0', primaryExchange='NASDAQ', currency='USD', localSymbol='CRWD', tradingClass='NMS'), position=53.0, marketPrice=456.887146, marketValue=24215.02, averageCost=473.4188679, unrealizedPNL=-876.18, realizedPNL=0.0, account='DUH400053')
2026-01-16 19:00:50,402 - INFO - updatePortfolio: PortfolioItem(contract=Stock(conId=6459, symbol='DIS', right='0', primaryExchange='NYSE', currency='USD', localSymbol='DIS', tradingClass='DIS'), position=220.0, marketPrice=111.43600465, marketValue=24515.92, averageCost=114.9268182, unrealizedPNL=-767.98, realizedPNL=0.0, account='DUH400053')
2026-01-16 19:00:50,403 - INFO - updatePortfolio: PortfolioItem(contract=Stock(conId=560105364, symbol='DKNG', right='0', primaryExchange='NASDAQ', currency='USD', localSymbol='DKNG', tradingClass='NMS'), position=726.0, marketPrice=33.2159996, marketValue=24114.82, averageCost=34.83279615, unrealizedPNL=-1173.79, realizedPNL=0.0, account='DUH400053')
2026-01-16 19:00:50,404 - INFO - updatePortfolio: PortfolioItem(contract=Stock(conId=4813508, symbol='INOD', right='0', primaryExchange='NASDAQ', currency='USD', localSymbol='INOD', tradingClass='NMS'), position=393.0, marketPrice=62.3063164, marketValue=24486.38, averageCost=63.0334733, unrealizedPNL=-285.77, realizedPNL=0.0, account='DUH400053')
2026-01-16 19:00:50,405 - INFO - updatePortfolio: PortfolioItem(contract=Stock(conId=1520593, symbol='JPM', right='0', primaryExchange='NYSE', currency='USD', localSymbol='JPM', tradingClass='JPM'), position=77.0, marketPrice=316.23294065, marketValue=24349.94, averageCost=329.782987, unrealizedPNL=-1043.35, realizedPNL=0.0, account='DUH400053')
2026-01-16 19:00:50,410 - INFO - updatePortfolio: PortfolioItem(contract=Stock(conId=107113386, symbol='META', right='0', primaryExchange='NASDAQ', currency='USD', localSymbol='META', tradingClass='NMS'), position=38.0, marketPrice=625.49920655, marketValue=23768.97, averageCost=657.4963158, unrealizedPNL=-1215.89, realizedPNL=0.0, account='DUH400053')
2026-01-16 19:00:50,419 - INFO - updatePortfolio: PortfolioItem(contract=Stock(conId=70101545, symbol='MRK', right='0', primaryExchange='NYSE', currency='USD', localSymbol='MRK', tradingClass='MRK'), position=230.0, marketPrice=109.3760605, marketValue=25156.49, averageCost=110.125, unrealizedPNL=-172.26, realizedPNL=0.0, account='DUH400053')
2026-01-16 19:00:50,421 - INFO - updatePortfolio: PortfolioItem(contract=Stock(conId=344809106, symbol='MRNA', right='0', primaryExchange='NASDAQ', currency='USD', localSymbol='MRNA', tradingClass='NMS'), position=733.0, marketPrice=41.3540001, marketValue=30312.48, averageCost=34.75431785, unrealizedPNL=4837.57, realizedPNL=0.0, account='DUH400053')
2026-01-16 19:00:50,422 - INFO - updatePortfolio: PortfolioItem(contract=Stock(conId=272110, symbol='MSTR', right='0', primaryExchange='NASDAQ', currency='USD', localSymbol='MSTR', tradingClass='NMS'), position=154.0, marketPrice=172.41682435, marketValue=26552.19, averageCost=164.3264935, unrealizedPNL=1245.91, realizedPNL=0.0, account='DUH400053')
2026-01-16 19:00:50,423 - INFO - updatePortfolio: PortfolioItem(contract=Stock(conId=9939, symbol='MU', right='0', primaryExchange='NASDAQ', currency='USD', localSymbol='MU', tradingClass='NMS'), position=74.0, marketPrice=353.7565918, marketValue=26177.99, averageCost=342.7735135, unrealizedPNL=812.75, realizedPNL=0.0, account='DUH400053')
2026-01-16 19:00:50,427 - INFO - updatePortfolio: PortfolioItem(contract=Stock(conId=15124833, symbol='NFLX', right='0', primaryExchange='NASDAQ', currency='USD', localSymbol='NFLX', tradingClass='NMS'), position=278.0, marketPrice=87.9759979, marketValue=24457.33, averageCost=91.655, unrealizedPNL=-1022.76, realizedPNL=0.0, account='DUH400053')
2026-01-16 19:00:50,428 - INFO - updatePortfolio: PortfolioItem(contract=Stock(conId=10291, symbol='NKE', right='0', primaryExchange='NYSE', currency='USD', localSymbol='NKE', tradingClass='NKE'), position=392.0, marketPrice=64.0439987, marketValue=25105.25, averageCost=64.94265305, unrealizedPNL=-352.27, realizedPNL=0.0, account='DUH400053')
2026-01-16 19:00:50,429 - INFO - updatePortfolio: PortfolioItem(contract=Stock(conId=4815747, symbol='NVDA', right='0', primaryExchange='NASDAQ', currency='USD', localSymbol='NVDA', tradingClass='NMS'), position=54.0, marketPrice=187.7556305, marketValue=10138.8, averageCost=181.32205925, unrealizedPNL=347.41, realizedPNL=0.0, account='DUH400053')
2026-01-16 19:00:50,430 - INFO - updatePortfolio: PortfolioItem(contract=Stock(conId=640796125, symbol='PDYN', right='0', primaryExchange='NASDAQ', currency='USD', localSymbol='PDYN', tradingClass='NMS'), position=-1400.0, marketPrice=7.01000025, marketValue=-9814.0, averageCost=6.62266215, unrealizedPNL=-542.27, realizedPNL=0.0, account='DUH400053')
2026-01-16 19:00:50,433 - INFO - updatePortfolio: PortfolioItem(contract=Stock(conId=11031, symbol='PFE', right='0', primaryExchange='NYSE', currency='USD', localSymbol='PFE', tradingClass='PFE'), position=994.0, marketPrice=25.70599935, marketValue=25551.76, averageCost=25.655, unrealizedPNL=50.69, realizedPNL=0.0, account='DUH400053')
2026-01-16 19:00:50,434 - INFO - updatePortfolio: PortfolioItem(contract=Stock(conId=199169591, symbol='PYPL', right='0', primaryExchange='NASDAQ', currency='USD', localSymbol='PYPL', tradingClass='NMS'), position=425.0, marketPrice=56.69400025, marketValue=24094.95, averageCost=59.885, unrealizedPNL=-1356.17, realizedPNL=0.0, account='DUH400053')
2026-01-16 19:00:50,434 - INFO - updatePortfolio: PortfolioItem(contract=Stock(conId=320227571, symbol='QQQ', right='0', primaryExchange='NASDAQ', currency='USD', localSymbol='QQQ', tradingClass='NMS'), position=40.0, marketPrice=620.76000975, marketValue=24830.4, averageCost=623.215, unrealizedPNL=-98.2, realizedPNL=0.0, account='DUH400053')
2026-01-16 19:00:50,435 - INFO - updatePortfolio: PortfolioItem(contract=Stock(conId=324651164, symbol='QUBT', right='0', primaryExchange='NASDAQ', currency='USD', localSymbol='QUBT', tradingClass='SCM'), position=535.0, marketPrice=13.02999975, marketValue=6971.05, averageCost=9.34502205, unrealizedPNL=1971.46, realizedPNL=0.0, account='DUH400053')
2026-01-16 19:00:50,438 - INFO - updatePortfolio: PortfolioItem(contract=Stock(conId=290651477, symbol='ROKU', right='0', primaryExchange='NASDAQ', currency='USD', localSymbol='ROKU', tradingClass='NMS'), position=229.0, marketPrice=104.60365295, marketValue=23954.24, averageCost=110.755, unrealizedPNL=-1408.66, realizedPNL=0.0, account='DUH400053')
2026-01-16 19:00:50,439 - INFO - updatePortfolio: PortfolioItem(contract=Stock(conId=195014116, symbol='SHOP', right='0', primaryExchange='NASDAQ', currency='USD', localSymbol='SHOP', tradingClass='NMS'), position=152.0, marketPrice=157.4221649, marketValue=23928.17, averageCost=166.99657895, unrealizedPNL=-1455.31, realizedPNL=0.0, account='DUH400053')
2026-01-16 19:00:50,440 - INFO - updatePortfolio: PortfolioItem(contract=Stock(conId=756733, symbol='SPY', right='0', primaryExchange='ARCA', currency='USD', localSymbol='SPY', tradingClass='SPY'), position=36.0, marketPrice=692.1599121, marketValue=24917.76, averageCost=692.2177778, unrealizedPNL=-2.08, realizedPNL=0.0, account='DUH400053')
2026-01-16 19:00:50,452 - INFO - updatePortfolio: PortfolioItem(contract=Stock(conId=12729, symbol='TER', right='0', primaryExchange='NASDAQ', currency='USD', localSymbol='TER', tradingClass='NMS'), position=30.0, marketPrice=228.364975, marketValue=6850.95, averageCost=162.53335665, unrealizedPNL=1974.95, realizedPNL=0.0, account='DUH400053')
2026-01-16 19:00:50,453 - INFO - updatePortfolio: PortfolioItem(contract=Stock(conId=6437, symbol='TGT', right='0', primaryExchange='NYSE', currency='USD', localSymbol='TGT', tradingClass='TGT'), position=244.0, marketPrice=110.2603531, marketValue=26903.53, averageCost=104.635, unrealizedPNL=1372.59, realizedPNL=0.0, account='DUH400053')
2026-01-16 19:00:50,455 - INFO - updatePortfolio: PortfolioItem(contract=Stock(conId=76792991, symbol='TSLA', right='0', primaryExchange='NASDAQ', currency='USD', localSymbol='TSLA', tradingClass='NMS'), position=57.0, marketPrice=438.3063965, marketValue=24983.46, averageCost=440.38754385, unrealizedPNL=-118.63, realizedPNL=0.0, account='DUH400053')
2026-01-16 19:00:50,457 - INFO - updatePortfolio: PortfolioItem(contract=Stock(conId=365207014, symbol='UBER', right='0', primaryExchange='NYSE', currency='USD', localSymbol='UBER', tradingClass='UBER'), position=299.0, marketPrice=83.7959976, marketValue=25055.0, averageCost=84.51533445, unrealizedPNL=-215.08, realizedPNL=0.0, account='DUH400053')
2026-01-16 19:00:50,717 - INFO - execDetails Execution(execId='00025b44.696a70e6.01.01', time=datetime.datetime(2026, 1, 16, 16, 41, 53, tzinfo=datetime.timezone.utc), acctNumber='DUH400053', exchange='NASDAQ', side='SLD', shares=36.0, price=241.03, permId=1804225502, clientId=1, orderId=2856, liquidation=0, cumQty=36.0, avgPrice=241.03, orderRef='', evRule='', evMultiplier=0.0, modelCode='', lastLiquidity=1)
2026-01-16 19:00:50,719 - INFO - commissionReport: CommissionReport(execId='00025b44.696a70e6.01.01', commission=1.00702, currency='USD', realizedPNL=-1039.26782, yield_=0.0, yieldRedemptionDate=0)
2026-01-16 19:00:50,725 - INFO - Synchronization complete
2026-01-16 19:01:26,907 - ERROR - Error 162, reqId 70: Historical Market Data Service error message:No market data permissions for IBIS STK, contract: Stock(conId=824106752, symbol='TKMS', exchange='IBIS', primaryExchange='IBIS', currency='EUR', localSymbol='TKMS', tradingClass='XETRA')
2026-01-16 19:01:56,392 - INFO - Disconnecting from 127.0.0.1:7497, 8.08 kB sent in 128 messages, 955 kB received in 607 messages, session time 66.6 s.
2026-01-16 19:01:56,393 - INFO - Disconnecting
2026-01-16 23:01:01,131 - INFO - Starting Supertrend Paper Trader...
2026-01-16 23:01:01,135 - INFO - Connecting to 127.0.0.1:7497 with clientId 1...
2026-01-16 23:01:01,138 - INFO - Connected
2026-01-16 23:01:01,298 - INFO - Logged on to server version 176
2026-01-16 23:01:01,350 - INFO - API connection ready
2026-01-16 23:01:01,360 - INFO - Warning 2104, reqId -1: Market data farm connection is OK:hfarm
2026-01-16 23:01:01,360 - INFO - Warning 2104, reqId -1: Market data farm connection is OK:eufarmnj
2026-01-16 23:01:01,361 - INFO - Warning 2104, reqId -1: Market data farm connection is OK:cashfarm
2026-01-16 23:01:01,361 - INFO - Warning 2104, reqId -1: Market data farm connection is OK:usfuture
2026-01-16 23:01:01,362 - INFO - Warning 2104, reqId -1: Market data farm connection is OK:usfarm.nj
2026-01-16 23:01:01,362 - INFO - Warning 2104, reqId -1: Market data farm connection is OK:jfarm
2026-01-16 23:01:01,363 - INFO - Warning 2104, reqId -1: Market data farm connection is OK:eufarm
2026-01-16 23:01:01,363 - INFO - Warning 2104, reqId -1: Market data farm connection is OK:usfarm
2026-01-16 23:01:01,363 - INFO - Warning 2106, reqId -1: HMDS data farm connection is OK:euhmds
2026-01-16 23:01:01,364 - INFO - Warning 2106, reqId -1: HMDS data farm connection is OK:fundfarm
2026-01-16 23:01:01,364 - INFO - Warning 2106, reqId -1: HMDS data farm connection is OK:ushmds
2026-01-16 23:01:01,364 - INFO - Warning 2158, reqId -1: Sec-def data farm connection is OK:secdefil
2026-01-16 23:01:01,430 - INFO - position: Position(account='DUH400053', contract=Stock(conId=9939, symbol='MU', exchange='NASDAQ', currency='USD', localSymbol='MU', tradingClass='NMS'), position=74.0, avgCost=342.7735135)
2026-01-16 23:01:01,431 - INFO - position: Position(account='DUH400053', contract=Stock(conId=313130367, symbol='AVGO', exchange='NASDAQ', currency='USD', localSymbol='AVGO', tradingClass='NMS'), position=75.0, avgCost=338.48333335)
2026-01-16 23:01:01,434 - INFO - position: Position(account='DUH400053', contract=Stock(conId=4815747, symbol='NVDA', exchange='NASDAQ', currency='USD', localSymbol='NVDA', tradingClass='NMS'), position=54.0, avgCost=181.32205925)
2026-01-16 23:01:01,435 - INFO - position: Position(account='DUH400053', contract=Stock(conId=107113386, symbol='META', exchange='NASDAQ', currency='USD', localSymbol='META', tradingClass='NMS'), position=38.0, avgCost=657.4963158)
2026-01-16 23:01:01,436 - INFO - position: Position(account='DUH400053', contract=Stock(conId=370757467, symbol='CRWD', exchange='NASDAQ', currency='USD', localSymbol='CRWD', tradingClass='NMS'), position=53.0, avgCost=473.4188679)
2026-01-16 23:01:01,436 - INFO - position: Position(account='DUH400053', contract=Stock(conId=1520593, symbol='JPM', exchange='NYSE', currency='USD', localSymbol='JPM', tradingClass='JPM'), position=77.0, avgCost=329.782987)
2026-01-16 23:01:01,437 - INFO - position: Position(account='DUH400053', contract=Stock(conId=324651164, symbol='QUBT', exchange='NASDAQ', currency='USD', localSymbol='QUBT', tradingClass='SCM'), position=535.0, avgCost=9.34502205)
2026-01-16 23:01:01,437 - INFO - position: Position(account='DUH400053', contract=Stock(conId=195014116, symbol='SHOP', exchange='NASDAQ', currency='USD', localSymbol='SHOP', tradingClass='NMS'), position=152.0, avgCost=166.99657895)
2026-01-16 23:01:01,438 - INFO - position: Position(account='DUH400053', contract=Stock(conId=756733, symbol='SPY', exchange='ARCA', currency='USD', localSymbol='SPY', tradingClass='SPY'), position=36.0, avgCost=692.2177778)
2026-01-16 23:01:01,439 - INFO - position: Position(account='DUH400053', contract=Stock(conId=560105364, symbol='DKNG', exchange='NASDAQ', currency='USD', localSymbol='DKNG', tradingClass='NMS'), position=726.0, avgCost=34.83279615)
2026-01-16 23:01:01,440 - INFO - position: Position(account='DUH400053', contract=Stock(conId=272110, symbol='MSTR', exchange='NASDAQ', currency='USD', localSymbol='MSTR', tradingClass='NMS'), position=154.0, avgCost=164.3264935)
2026-01-16 23:01:01,440 - INFO - position: Position(account='DUH400053', contract=Stock(conId=199169591, symbol='PYPL', exchange='NASDAQ', currency='USD', localSymbol='PYPL', tradingClass='NMS'), position=425.0, avgCost=59.885)
2026-01-16 23:01:01,441 - INFO - position: Position(account='DUH400053', contract=Stock(conId=640796125, symbol='PDYN', exchange='NASDAQ', currency='USD', localSymbol='PDYN', tradingClass='NMS'), position=-1400.0, avgCost=6.62266215)
2026-01-16 23:01:01,441 - INFO - position: Position(account='DUH400053', contract=Stock(conId=320227571, symbol='QQQ', exchange='NASDAQ', currency='USD', localSymbol='QQQ', tradingClass='NMS'), position=40.0, avgCost=623.215)
2026-01-16 23:01:01,442 - INFO - position: Position(account='DUH400053', contract=Stock(conId=4762, symbol='BA', exchange='NYSE', currency='USD', localSymbol='BA', tradingClass='BA'), position=632.0, avgCost=243.07768985)
2026-01-16 23:01:01,442 - INFO - position: Position(account='DUH400053', contract=Stock(conId=344809106, symbol='MRNA', exchange='NASDAQ', currency='USD', localSymbol='MRNA', tradingClass='NMS'), position=733.0, avgCost=34.75431785)
2026-01-16 23:01:01,442 - INFO - position: Position(account='DUH400053', contract=Stock(conId=11031, symbol='PFE', exchange='NYSE', currency='USD', localSymbol='PFE', tradingClass='PFE'), position=994.0, avgCost=25.655)
2026-01-16 23:01:01,443 - INFO - position: Position(account='DUH400053', contract=Stock(conId=4813508, symbol='INOD', exchange='NASDAQ', currency='USD', localSymbol='INOD', tradingClass='NMS'), position=393.0, avgCost=63.0334733)
2026-01-16 23:01:01,443 - INFO - position: Position(account='DUH400053', contract=Stock(conId=76792991, symbol='TSLA', exchange='NASDAQ', currency='USD', localSymbol='TSLA', tradingClass='NMS'), position=57.0, avgCost=440.38754385)
2026-01-16 23:01:01,444 - INFO - position: Position(account='DUH400053', contract=Stock(conId=29624264, symbol='CRM', exchange='NYSE', currency='USD', localSymbol='CRM', tradingClass='CRM'), position=0.0, avgCost=0.0)
2026-01-16 23:01:01,444 - INFO - position: Position(account='DUH400053', contract=Stock(conId=290651477, symbol='ROKU', exchange='NASDAQ', currency='USD', localSymbol='ROKU', tradingClass='NMS'), position=229.0, avgCost=110.755)
2026-01-16 23:01:01,445 - INFO - position: Position(account='DUH400053', contract=Stock(conId=15124833, symbol='NFLX', exchange='NASDAQ', currency='USD', localSymbol='NFLX', tradingClass='NMS'), position=278.0, avgCost=91.655)
2026-01-16 23:01:01,445 - INFO - position: Position(account='DUH400053', contract=Stock(conId=70101545, symbol='MRK', exchange='NYSE', currency='USD', localSymbol='MRK', tradingClass='MRK'), position=230.0, avgCost=110.125)
2026-01-16 23:01:01,446 - INFO - position: Position(account='DUH400053', contract=Stock(conId=6459, symbol='DIS', exchange='NYSE', currency='USD', localSymbol='DIS', tradingClass='DIS'), position=220.0, avgCost=114.9268182)
2026-01-16 23:01:01,446 - INFO - position: Position(account='DUH400053', contract=Stock(conId=12729, symbol='TER', exchange='NASDAQ', currency='USD', localSymbol='TER', tradingClass='NMS'), position=30.0, avgCost=162.53335665)
2026-01-16 23:01:01,446 - INFO - position: Position(account='DUH400053', contract=Stock(conId=10291, symbol='NKE', exchange='NYSE', currency='USD', localSymbol='NKE', tradingClass='NKE'), position=392.0, avgCost=64.94265305)
2026-01-16 23:01:01,447 - INFO - position: Position(account='DUH400053', contract=Stock(conId=481691285, symbol='COIN', exchange='NASDAQ', currency='USD', localSymbol='COIN', tradingClass='NMS'), position=0.0, avgCost=0.0)
2026-01-16 23:01:01,447 - INFO - position: Position(account='DUH400053', contract=Stock(conId=365207014, symbol='UBER', exchange='NYSE', currency='USD', localSymbol='UBER', tradingClass='UBER'), position=299.0, avgCost=84.51533445)
2026-01-16 23:01:01,447 - INFO - position: Position(account='DUH400053', contract=Stock(conId=4391, symbol='AMD', exchange='NASDAQ', currency='USD', localSymbol='AMD', tradingClass='NMS'), position=-40.0, avgCost=239.8498125)
2026-01-16 23:01:01,448 - INFO - position: Position(account='DUH400053', contract=Stock(conId=6437, symbol='TGT', exchange='NYSE', currency='USD', localSymbol='TGT', tradingClass='TGT'), position=244.0, avgCost=104.635)
2026-01-16 23:01:01,885 - INFO - updatePortfolio: PortfolioItem(contract=Stock(conId=4391, symbol='AMD', right='0', primaryExchange='NASDAQ', currency='USD', localSymbol='AMD', tradingClass='NMS'), position=-40.0, marketPrice=231.69999695, marketValue=-9268.0, averageCost=239.8498125, unrealizedPNL=325.99, realizedPNL=0.0, account='DUH400053')
2026-01-16 23:01:01,886 - INFO - updatePortfolio: PortfolioItem(contract=Stock(conId=313130367, symbol='AVGO', right='0', primaryExchange='NASDAQ', currency='USD', localSymbol='AVGO', tradingClass='NMS'), position=75.0, marketPrice=351.1799927, marketValue=26338.5, averageCost=338.48333335, unrealizedPNL=952.25, realizedPNL=0.0, account='DUH400053')
2026-01-16 23:01:01,889 - INFO - updatePortfolio: PortfolioItem(contract=Stock(conId=4762, symbol='BA', right='0', primaryExchange='NYSE', currency='USD', localSymbol='BA', tradingClass='BA'), position=632.0, marketPrice=247.6000061, marketValue=156483.2, averageCost=243.07768985, unrealizedPNL=2858.1, realizedPNL=0.0, account='DUH400053')
2026-01-16 23:01:01,890 - INFO - updatePortfolio: PortfolioItem(contract=Stock(conId=481691285, symbol='COIN', right='0', primaryExchange='NASDAQ', currency='USD', localSymbol='COIN', tradingClass='NMS'), position=0.0, marketPrice=241.4600067, marketValue=0.0, averageCost=0.0, unrealizedPNL=0.0, realizedPNL=-1039.27, account='DUH400053')
2026-01-16 23:01:01,890 - INFO - updatePortfolio: PortfolioItem(contract=Stock(conId=29624264, symbol='CRM', right='0', primaryExchange='NYSE', currency='USD', localSymbol='CRM', tradingClass='CRM'), position=0.0, marketPrice=227.4900055, marketValue=0.0, averageCost=0.0, unrealizedPNL=0.0, realizedPNL=-2855.78, account='DUH400053')
2026-01-16 23:01:01,890 - INFO - updatePortfolio: PortfolioItem(contract=Stock(conId=370757467, symbol='CRWD', right='0', primaryExchange='NASDAQ', currency='USD', localSymbol='CRWD', tradingClass='NMS'), position=53.0, marketPrice=454.25, marketValue=24075.25, averageCost=473.4188679, unrealizedPNL=-1015.95, realizedPNL=0.0, account='DUH400053')
2026-01-16 23:01:01,891 - INFO - updatePortfolio: PortfolioItem(contract=Stock(conId=6459, symbol='DIS', right='0', primaryExchange='NYSE', currency='USD', localSymbol='DIS', tradingClass='DIS'), position=220.0, marketPrice=111.25, marketValue=24475.0, averageCost=114.9268182, unrealizedPNL=-808.9, realizedPNL=0.0, account='DUH400053')
2026-01-16 23:01:01,891 - INFO - updatePortfolio: PortfolioItem(contract=Stock(conId=560105364, symbol='DKNG', right='0', primaryExchange='NASDAQ', currency='USD', localSymbol='DKNG', tradingClass='NMS'), position=726.0, marketPrice=32.65999985, marketValue=23711.16, averageCost=34.83279615, unrealizedPNL=-1577.45, realizedPNL=0.0, account='DUH400053')
2026-01-16 23:01:01,892 - INFO - updatePortfolio: PortfolioItem(contract=Stock(conId=4813508, symbol='INOD', right='0', primaryExchange='NASDAQ', currency='USD', localSymbol='INOD', tradingClass='NMS'), position=393.0, marketPrice=61.70000075, marketValue=24248.1, averageCost=63.0334733, unrealizedPNL=-524.05, realizedPNL=0.0, account='DUH400053')
2026-01-16 23:01:01,892 - INFO - updatePortfolio: PortfolioItem(contract=Stock(conId=1520593, symbol='JPM', right='0', primaryExchange='NYSE', currency='USD', localSymbol='JPM', tradingClass='JPM'), position=77.0, marketPrice=312.4700012, marketValue=24060.19, averageCost=329.782987, unrealizedPNL=-1333.1, realizedPNL=0.0, account='DUH400053')
2026-01-16 23:01:01,893 - INFO - updatePortfolio: PortfolioItem(contract=Stock(conId=107113386, symbol='META', right='0', primaryExchange='NASDAQ', currency='USD', localSymbol='META', tradingClass='NMS'), position=38.0, marketPrice=620.05999755, marketValue=23562.28, averageCost=657.4963158, unrealizedPNL=-1422.58, realizedPNL=0.0, account='DUH400053')
2026-01-16 23:01:01,893 - INFO - updatePortfolio: PortfolioItem(contract=Stock(conId=70101545, symbol='MRK', right='0', primaryExchange='NYSE', currency='USD', localSymbol='MRK', tradingClass='MRK'), position=230.0, marketPrice=109.08999635, marketValue=25090.7, averageCost=110.125, unrealizedPNL=-238.05, realizedPNL=0.0, account='DUH400053')
2026-01-16 23:01:01,894 - INFO - updatePortfolio: PortfolioItem(contract=Stock(conId=344809106, symbol='MRNA', right='0', primaryExchange='NASDAQ', currency='USD', localSymbol='MRNA', tradingClass='NMS'), position=733.0, marketPrice=41.84999845, marketValue=30676.05, averageCost=34.75431785, unrealizedPNL=5201.13, realizedPNL=0.0, account='DUH400053')
2026-01-16 23:01:01,895 - INFO - updatePortfolio: PortfolioItem(contract=Stock(conId=272110, symbol='MSTR', right='0', primaryExchange='NASDAQ', currency='USD', localSymbol='MSTR', tradingClass='NMS'), position=154.0, marketPrice=173.5, marketValue=26719.0, averageCost=164.3264935, unrealizedPNL=1412.72, realizedPNL=0.0, account='DUH400053')
2026-01-16 23:01:01,895 - INFO - updatePortfolio: PortfolioItem(contract=Stock(conId=9939, symbol='MU', right='0', primaryExchange='NASDAQ', currency='USD', localSymbol='MU', tradingClass='NMS'), position=74.0, marketPrice=362.80999755, marketValue=26847.94, averageCost=342.7735135, unrealizedPNL=1482.7, realizedPNL=0.0, account='DUH400053')
2026-01-16 23:01:01,896 - INFO - updatePortfolio: PortfolioItem(contract=Stock(conId=15124833, symbol='NFLX', right='0', primaryExchange='NASDAQ', currency='USD', localSymbol='NFLX', tradingClass='NMS'), position=278.0, marketPrice=88.41000365, marketValue=24577.98, averageCost=91.655, unrealizedPNL=-902.11, realizedPNL=0.0, account='DUH400053')
2026-01-16 23:01:01,896 - INFO - updatePortfolio: PortfolioItem(contract=Stock(conId=10291, symbol='NKE', right='0', primaryExchange='NYSE', currency='USD', localSymbol='NKE', tradingClass='NKE'), position=392.0, marketPrice=64.37000275, marketValue=25233.04, averageCost=64.94265305, unrealizedPNL=-224.48, realizedPNL=0.0, account='DUH400053')
2026-01-16 23:01:01,897 - INFO - updatePortfolio: PortfolioItem(contract=Stock(conId=4815747, symbol='NVDA', right='0', primaryExchange='NASDAQ', currency='USD', localSymbol='NVDA', tradingClass='NMS'), position=54.0, marketPrice=186.33999635, marketValue=10062.36, averageCost=181.32205925, unrealizedPNL=270.97, realizedPNL=0.0, account='DUH400053')
2026-01-16 23:01:01,897 - INFO - updatePortfolio: PortfolioItem(contract=Stock(conId=640796125, symbol='PDYN', right='0', primaryExchange='NASDAQ', currency='USD', localSymbol='PDYN', tradingClass='NMS'), position=-1400.0, marketPrice=6.82000015, marketValue=-9548.0, averageCost=6.62266215, unrealizedPNL=-276.27, realizedPNL=0.0, account='DUH400053')
2026-01-16 23:01:01,898 - INFO - updatePortfolio: PortfolioItem(contract=Stock(conId=11031, symbol='PFE', right='0', primaryExchange='NYSE', currency='USD', localSymbol='PFE', tradingClass='PFE'), position=994.0, marketPrice=25.6700001, marketValue=25515.98, averageCost=25.655, unrealizedPNL=14.91, realizedPNL=0.0, account='DUH400053')
2026-01-16 23:01:01,898 - INFO - updatePortfolio: PortfolioItem(contract=Stock(conId=199169591, symbol='PYPL', right='0', primaryExchange='NASDAQ', currency='USD', localSymbol='PYPL', tradingClass='NMS'), position=425.0, marketPrice=56.77000045, marketValue=24127.25, averageCost=59.885, unrealizedPNL=-1323.87, realizedPNL=0.0, account='DUH400053')
2026-01-16 23:01:01,899 - INFO - updatePortfolio: PortfolioItem(contract=Stock(conId=320227571, symbol='QQQ', right='0', primaryExchange='NASDAQ', currency='USD', localSymbol='QQQ', tradingClass='NMS'), position=40.0, marketPrice=621.0300293, marketValue=24841.2, averageCost=623.215, unrealizedPNL=-87.4, realizedPNL=0.0, account='DUH400053')
2026-01-16 23:01:01,899 - INFO - updatePortfolio: PortfolioItem(contract=Stock(conId=324651164, symbol='QUBT', right='0', primaryExchange='NASDAQ', currency='USD', localSymbol='QUBT', tradingClass='SCM'), position=535.0, marketPrice=12.71000005, marketValue=6799.85, averageCost=9.34502205, unrealizedPNL=1800.26, realizedPNL=0.0, account='DUH400053')
2026-01-16 23:01:01,900 - INFO - updatePortfolio: PortfolioItem(contract=Stock(conId=290651477, symbol='ROKU', right='0', primaryExchange='NASDAQ', currency='USD', localSymbol='ROKU', tradingClass='NMS'), position=229.0, marketPrice=103.73999785, marketValue=23756.46, averageCost=110.755, unrealizedPNL=-1606.44, realizedPNL=0.0, account='DUH400053')
2026-01-16 23:01:01,901 - INFO - updatePortfolio: PortfolioItem(contract=Stock(conId=195014116, symbol='SHOP', right='0', primaryExchange='NASDAQ', currency='USD', localSymbol='SHOP', tradingClass='NMS'), position=152.0, marketPrice=155.8500061, marketValue=23689.2, averageCost=166.99657895, unrealizedPNL=-1694.28, realizedPNL=0.0, account='DUH400053')
2026-01-16 23:01:01,901 - INFO - updatePortfolio: PortfolioItem(contract=Stock(conId=756733, symbol='SPY', right='0', primaryExchange='ARCA', currency='USD', localSymbol='SPY', tradingClass='SPY'), position=36.0, marketPrice=691.7028198, marketValue=24901.3, averageCost=692.2177778, unrealizedPNL=-18.54, realizedPNL=0.0, account='DUH400053')
2026-01-16 23:01:01,902 - INFO - updatePortfolio: PortfolioItem(contract=Stock(conId=12729, symbol='TER', right='0', primaryExchange='NASDAQ', currency='USD', localSymbol='TER', tradingClass='NMS'), position=30.0, marketPrice=228.08999635, marketValue=6842.7, averageCost=162.53335665, unrealizedPNL=1966.7, realizedPNL=0.0, account='DUH400053')
2026-01-16 23:01:01,903 - INFO - updatePortfolio: PortfolioItem(contract=Stock(conId=6437, symbol='TGT', right='0', primaryExchange='NYSE', currency='USD', localSymbol='TGT', tradingClass='TGT'), position=244.0, marketPrice=111.2900009, marketValue=27154.76, averageCost=104.635, unrealizedPNL=1623.82, realizedPNL=0.0, account='DUH400053')
2026-01-16 23:01:01,903 - INFO - updatePortfolio: PortfolioItem(contract=Stock(conId=76792991, symbol='TSLA', right='0', primaryExchange='NASDAQ', currency='USD', localSymbol='TSLA', tradingClass='NMS'), position=57.0, marketPrice=438.269989, marketValue=24981.39, averageCost=440.38754385, unrealizedPNL=-120.7, realizedPNL=0.0, account='DUH400053')
2026-01-16 23:01:01,904 - INFO - updatePortfolio: PortfolioItem(contract=Stock(conId=365207014, symbol='UBER', right='0', primaryExchange='NYSE', currency='USD', localSymbol='UBER', tradingClass='UBER'), position=299.0, marketPrice=84.91999815, marketValue=25391.08, averageCost=84.51533445, unrealizedPNL=120.99, realizedPNL=0.0, account='DUH400053')
2026-01-16 23:01:02,030 - INFO - execDetails Execution(execId='00025b44.696a70e6.01.01', time=datetime.datetime(2026, 1, 16, 16, 41, 53, tzinfo=datetime.timezone.utc), acctNumber='DUH400053', exchange='NASDAQ', side='SLD', shares=36.0, price=241.03, permId=1804225502, clientId=1, orderId=2856, liquidation=0, cumQty=36.0, avgPrice=241.03, orderRef='', evRule='', evMultiplier=0.0, modelCode='', lastLiquidity=1)
2026-01-16 23:01:02,032 - INFO - execDetails Execution(execId='00025b44.696a91b7.01.01', time=datetime.datetime(2026, 1, 16, 18, 20, 30, tzinfo=datetime.timezone.utc), acctNumber='DUH400053', exchange='NYSE', side='SLD', shares=98.0, price=230.13, permId=1804225503, clientId=1, orderId=2859, liquidation=0, cumQty=98.0, avgPrice=230.13, orderRef='', evRule='', evMultiplier=0.0, modelCode='', lastLiquidity=1)
2026-01-16 23:01:02,035 - INFO - commissionReport: CommissionReport(execId='00025b44.696a70e6.01.01', commission=1.00702, currency='USD', realizedPNL=-1039.26782, yield_=0.0, yieldRedemptionDate=0)
2026-01-16 23:01:02,036 - INFO - commissionReport: CommissionReport(execId='00025b44.696a91b7.01.01', commission=1.01911, currency='USD', realizedPNL=-2855.77911, yield_=0.0, yieldRedemptionDate=0)
2026-01-16 23:01:02,037 - INFO - Synchronization complete
2026-01-16 23:01:02,037 - INFO - Connected to IB at 127.0.0.1:7497
2026-01-16 23:01:04,225 - INFO - [OK] Market Data: LIVE (real-time)
2026-01-16 23:01:04,226 - INFO - Subscribed to PnL updates for 28 positions
2026-01-16 23:01:04,253 - INFO - Market closed. Waiting... (use --force to override)
2026-01-16 23:06:07,048 - INFO - Market closed. Waiting... (use --force to override)
2026-01-16 23:11:09,314 - INFO - Market closed. Waiting... (use --force to override)
2026-01-16 23:16:11,531 - INFO - Market closed. Waiting... (use --force to override)
2026-01-16 23:21:13,849 - INFO - Market closed. Waiting... (use --force to override)
2026-01-16 23:26:16,447 - INFO - Market closed. Waiting... (use --force to override)
2026-01-16 23:31:18,927 - INFO - Market closed. Waiting... (use --force to override)
2026-01-16 23:36:24,413 - INFO - Market closed. Waiting... (use --force to override)
2026-01-16 23:41:27,075 - INFO - Market closed. Waiting... (use --force to override)
2026-01-16 23:41:27,107 - ERROR - [WinError 10053] An established connection was aborted by the software in your host machine
2026-01-16 23:46:27,495 - INFO - Disconnected. Reconnect in 3808 min (15 min before market open)
2026-01-16 23:46:27,510 - INFO - Market closed. Waiting... (use --force to override)
2026-01-16 23:51:27,546 - INFO - Disconnected. Reconnect in 3803 min (15 min before market open)
2026-01-16 23:51:27,552 - INFO - Market closed. Waiting... (use --force to override)
2026-01-16 23:56:27,574 - INFO - Disconnected. Reconnect in 3798 min (15 min before market open)
2026-01-16 23:56:27,578 - INFO - Market closed. Waiting... (use --force to override)
2026-01-17 00:01:27,631 - INFO - Disconnected. Reconnect in 3793 min (15 min before market open)
2026-01-17 00:01:27,651 - INFO - Market closed. Waiting... (use --force to override)
2026-01-17 00:06:27,778 - INFO - Disconnected. Reconnect in 3788 min (15 min before market open)
2026-01-17 00:06:27,823 - INFO - Market closed. Waiting... (use --force to override)
2026-01-17 00:11:27,877 - INFO - Disconnected. Reconnect in 3783 min (15 min before market open)
2026-01-17 00:11:27,881 - INFO - Market closed. Waiting... (use --force to override)
2026-01-17 00:16:27,899 - INFO - Disconnected. Reconnect in 3778 min (15 min before market open)
2026-01-17 00:16:27,906 - INFO - Market closed. Waiting... (use --force to override)
2026-01-17 00:21:27,925 - INFO - Disconnected. Reconnect in 3773 min (15 min before market open)
2026-01-17 00:21:27,931 - INFO - Market closed. Waiting... (use --force to override)
2026-01-17 00:26:27,976 - INFO - Disconnected. Reconnect in 3768 min (15 min before market open)
2026-01-17 00:26:27,999 - INFO - Market closed. Waiting... (use --force to override)
2026-01-17 00:31:28,575 - INFO - Disconnected. Reconnect in 3763 min (15 min before market open)
2026-01-17 00:31:28,604 - INFO - Market closed. Waiting... (use --force to override)
2026-01-17 00:34:15,816 - INFO - Interrupted by user
